rank,participant_id,run_number,elapsed_minutes,best_feasible_loss,is_exact,status,feasible_improvement_records_considered
1,judewallis,1,15,-0.009105124616056089,False,conservative_upper_bound,14
1,judewallis,1,30,-0.15714529177376016,False,conservative_upper_bound,47
1,judewallis,1,60,-0.4428828753647335,False,conservative_upper_bound,100
1,judewallis,1,120,-0.5394339415963793,False,conservative_upper_bound,128
1,judewallis,1,180,-0.5394339415963793,False,conservative_upper_bound,128
1,judewallis,1,240,-0.6180502037270332,True,exact_final,198
1,judewallis,2,15,0.1903634203486015,False,conservative_upper_bound,19
1,judewallis,2,30,0.1680660077551144,False,conservative_upper_bound,39
1,judewallis,2,60,-0.1035310730241352,False,conservative_upper_bound,111
1,judewallis,2,120,-0.5035481664557128,False,conservative_upper_bound,170
1,judewallis,2,180,-0.5035481664557128,False,conservative_upper_bound,170
1,judewallis,2,240,-0.5435944110900427,True,exact_final,189
1,judewallis,3,15,-0.040629939256596796,False,conservative_upper_bound,18
1,judewallis,3,30,-0.1870212821541035,False,conservative_upper_bound,40
1,judewallis,3,60,-0.1870212821541035,False,conservative_upper_bound,40
1,judewallis,3,120,-0.5894762213991384,False,conservative_upper_bound,101
1,judewallis,3,180,-0.5894762213991384,False,conservative_upper_bound,101
1,judewallis,3,240,-0.5963753107222146,True,exact_final,209
1,judewallis,4,15,-0.021565958292829195,False,conservative_upper_bound,20
1,judewallis,4,30,-0.3218702075855768,False,conservative_upper_bound,59
1,judewallis,4,60,-0.4032094981589011,False,conservative_upper_bound,112
1,judewallis,4,120,-0.4255212181573599,False,conservative_upper_bound,141
1,judewallis,4,180,-0.5861191396575921,False,conservative_upper_bound,185
1,judewallis,4,240,-0.6161441841816891,True,exact_final,294
1,judewallis,5,15,0.05323018728304581,False,conservative_upper_bound,18
1,judewallis,5,30,-0.18935917082269257,False,conservative_upper_bound,42
1,judewallis,5,60,-0.18935917082269257,False,conservative_upper_bound,42
1,judewallis,5,120,-0.21512742408120097,False,conservative_upper_bound,44
1,judewallis,5,180,-0.21512742408120097,False,conservative_upper_bound,44
1,judewallis,5,240,-0.3133713486661518,True,exact_final,156
1,judewallis,6,15,-0.1721984946909054,False,conservative_upper_bound,23
1,judewallis,6,30,-0.25776130423185156,False,conservative_upper_bound,44
1,judewallis,6,60,-0.36840420497515697,False,conservative_upper_bound,49
1,judewallis,6,120,-0.5137460213120832,False,conservative_upper_bound,65
1,judewallis,6,180,-0.5137460213120832,False,conservative_upper_bound,65
1,judewallis,6,240,-0.5137501650377848,True,exact_final,66
1,judewallis,7,15,-0.30337316164011635,False,conservative_upper_bound,22
1,judewallis,7,30,-0.43934644135931544,False,conservative_upper_bound,46
1,judewallis,7,60,-0.4490794524737382,False,conservative_upper_bound,67
1,judewallis,7,120,-0.5157624235370883,False,conservative_upper_bound,114
1,judewallis,7,180,-0.5157624235370883,False,conservative_upper_bound,114
1,judewallis,7,240,-0.5567413047021832,True,exact_final,132
1,judewallis,8,15,-0.12355632648621337,False,conservative_upper_bound,18
1,judewallis,8,30,-0.34294080064817745,False,conservative_upper_bound,50
1,judewallis,8,60,-0.6557855529952373,False,conservative_upper_bound,113
1,judewallis,8,120,-0.6557855529952373,False,conservative_upper_bound,113
1,judewallis,8,180,-0.6557855529952373,False,conservative_upper_bound,113
1,judewallis,8,240,-0.6809103026354316,True,exact_final,125
1,judewallis,9,15,-0.341638773090455,False,conservative_upper_bound,23
1,judewallis,9,30,-0.549938541533811,False,conservative_upper_bound,43
1,judewallis,9,60,-0.549938541533811,False,conservative_upper_bound,43
1,judewallis,9,120,-0.556837004889449,False,conservative_upper_bound,55
1,judewallis,9,180,-0.556837004889449,False,conservative_upper_bound,55
1,judewallis,9,240,-0.5681853848325037,True,exact_final,75
1,judewallis,10,15,0.02279813836816578,False,conservative_upper_bound,22
1,judewallis,10,30,-0.11379036615199473,False,conservative_upper_bound,42
1,judewallis,10,60,-0.15498167423195228,False,conservative_upper_bound,57
1,judewallis,10,120,-0.3806835373977631,False,conservative_upper_bound,167
1,judewallis,10,180,-0.3806835373977631,False,conservative_upper_bound,167
1,judewallis,10,240,-0.39588787118348145,True,exact_final,181
2,giannischalk,1,15,0.14327719046238055,False,conservative_upper_bound,79
2,giannischalk,1,30,-0.1693907278122088,False,conservative_upper_bound,102
2,giannischalk,1,60,-0.1693907278122088,False,conservative_upper_bound,102
2,giannischalk,1,120,-0.19375970073988544,False,conservative_upper_bound,105
2,giannischalk,1,180,-0.46410144205547954,False,conservative_upper_bound,174
2,giannischalk,1,240,-0.48445572093121236,True,exact_final,303
2,giannischalk,2,15,0.4420272470758667,False,conservative_upper_bound,135
2,giannischalk,2,30,0.1635506898580603,False,conservative_upper_bound,160
2,giannischalk,2,60,0.05551217106689313,False,conservative_upper_bound,173
2,giannischalk,2,120,0.05551217106689313,False,conservative_upper_bound,173
2,giannischalk,2,180,-0.4398968112559149,False,conservative_upper_bound,238
2,giannischalk,2,240,-0.44679880684416395,True,exact_final,358
2,giannischalk,3,15,-0.23509029146231464,False,conservative_upper_bound,96
2,giannischalk,3,30,-0.23509029146231464,False,conservative_upper_bound,96
2,giannischalk,3,60,-0.23509029146231464,False,conservative_upper_bound,96
2,giannischalk,3,120,-0.23509029146231464,False,conservative_upper_bound,96
2,giannischalk,3,180,-0.5101241271630963,True,exact_final_best_already_reached,157
2,giannischalk,3,240,-0.5101241271630963,True,exact_final,157
2,giannischalk,4,15,0.261306610839701,False,conservative_upper_bound,61
2,giannischalk,4,30,0.261306610839701,False,conservative_upper_bound,61
2,giannischalk,4,60,-0.0018090967162512728,False,conservative_upper_bound,94
2,giannischalk,4,120,-0.0018090967162512728,False,conservative_upper_bound,94
2,giannischalk,4,180,-0.3935760092867492,False,conservative_upper_bound,171
2,giannischalk,4,240,-0.48397455684010016,True,exact_final,608
2,giannischalk,5,15,0.4546577580049372,False,conservative_upper_bound,79
2,giannischalk,5,30,0.4196287079449188,False,conservative_upper_bound,87
2,giannischalk,5,60,0.02905600615423812,False,conservative_upper_bound,121
2,giannischalk,5,120,-0.15737841671829103,False,conservative_upper_bound,147
2,giannischalk,5,180,-0.31371459938300256,False,conservative_upper_bound,199
2,giannischalk,5,240,-0.3252932956044124,True,exact_final,378
2,giannischalk,6,15,0.08575603229570866,False,conservative_upper_bound,132
2,giannischalk,6,30,0.08575603229570866,False,conservative_upper_bound,132
2,giannischalk,6,60,0.08575603229570866,False,conservative_upper_bound,132
2,giannischalk,6,120,-0.055055079983089485,False,conservative_upper_bound,140
2,giannischalk,6,180,-0.40177797852779407,False,conservative_upper_bound,207
2,giannischalk,6,240,-0.44879402730223006,True,exact_final,390
2,giannischalk,7,15,-0.1668364523666966,False,conservative_upper_bound,64
2,giannischalk,7,30,-0.1668364523666966,False,conservative_upper_bound,64
2,giannischalk,7,60,-0.1668364523666966,False,conservative_upper_bound,64
2,giannischalk,7,120,-0.21698827468978857,False,conservative_upper_bound,70
2,giannischalk,7,180,-0.4356948176744295,False,conservative_upper_bound,127
2,giannischalk,7,240,-0.46020959507415826,True,exact_final,205
2,giannischalk,8,15,0.23190578434428827,False,conservative_upper_bound,127
2,giannischalk,8,30,0.23190578434428827,False,conservative_upper_bound,127
2,giannischalk,8,60,0.06263297102007934,False,conservative_upper_bound,143
2,giannischalk,8,120,-0.028768321714329553,False,conservative_upper_bound,147
2,giannischalk,8,180,-0.34697626845778345,False,conservative_upper_bound,255
2,giannischalk,8,240,-0.41766720091030635,True,exact_final,859
2,giannischalk,9,15,0.144249803691608,False,conservative_upper_bound,138
2,giannischalk,9,30,0.144249803691608,False,conservative_upper_bound,138
2,giannischalk,9,60,0.144249803691608,False,conservative_upper_bound,138
2,giannischalk,9,120,-0.14755592463122782,False,conservative_upper_bound,156
2,giannischalk,9,180,-0.29502941069002403,False,conservative_upper_bound,210
2,giannischalk,9,240,-0.40353406027971445,True,exact_final,353
2,giannischalk,10,15,-0.2583680148404448,False,conservative_upper_bound,99
2,giannischalk,10,30,-0.2583680148404448,False,conservative_upper_bound,99
2,giannischalk,10,60,-0.2583680148404448,False,conservative_upper_bound,99
2,giannischalk,10,120,-0.2880003424880124,False,conservative_upper_bound,105
2,giannischalk,10,180,-0.4096561255332632,False,conservative_upper_bound,195
2,giannischalk,10,240,-0.4549241029142827,True,exact_final,648
3,seament,1,15,0.48617895705463937,False,conservative_upper_bound,148
3,seament,1,30,0.1796094547426396,False,conservative_upper_bound,320
3,seament,1,60,-0.11714840086809587,False,conservative_upper_bound,802
3,seament,1,120,-0.28444317947796033,True,exact_final_best_already_reached,2932
3,seament,1,180,-0.28444317947796033,True,exact_final_best_already_reached,2932
3,seament,1,240,-0.28444317947796033,True,exact_final,2932
3,seament,2,15,1.1140554561713847,False,conservative_upper_bound,183
3,seament,2,30,1.0135078355686686,False,conservative_upper_bound,355
3,seament,2,60,0.5070829505515613,False,conservative_upper_bound,863
3,seament,2,120,0.19109658405495256,False,conservative_upper_bound,4734
3,seament,2,180,-0.06813495321885282,False,conservative_upper_bound,10888
3,seament,2,240,-0.27250354278442224,True,exact_final,21639
3,seament,3,15,1.1670450702848087,False,conservative_upper_bound,145
3,seament,3,30,0.8915109093384368,False,conservative_upper_bound,280
3,seament,3,60,0.7061523664901318,False,conservative_upper_bound,755
3,seament,3,120,-0.23426724616344197,False,conservative_upper_bound,3320
3,seament,3,180,-0.3619206122946291,True,exact_final_best_already_reached,6080
3,seament,3,240,-0.3619206122946291,True,exact_final,6080
3,seament,4,15,0.83931756147448,False,conservative_upper_bound,180
3,seament,4,30,0.7385311829853657,False,conservative_upper_bound,366
3,seament,4,60,0.6066745514886105,False,conservative_upper_bound,1011
3,seament,4,120,0.17344723578219307,False,conservative_upper_bound,5863
3,seament,4,180,-0.048047335288685454,False,conservative_upper_bound,11950
3,seament,4,240,-0.12136134602775675,True,exact_final,20019
3,seament,5,15,1.2811265375667071,False,conservative_upper_bound,143
3,seament,5,30,1.0546597743748454,False,conservative_upper_bound,242
3,seament,5,60,0.5889287706302598,False,conservative_upper_bound,615
3,seament,5,120,-0.05234257406634746,False,conservative_upper_bound,4108
3,seament,5,180,-0.24502612677111374,True,exact_final_best_already_reached,5839
3,seament,5,240,-0.24502612677111374,True,exact_final,5839
3,seament,6,15,0.6345389126043135,False,conservative_upper_bound,186
3,seament,6,30,0.22815648175098097,False,conservative_upper_bound,332
3,seament,6,60,-0.0892371451198348,False,conservative_upper_bound,946
3,seament,6,120,-0.5552228174769256,False,conservative_upper_bound,5298
3,seament,6,180,-0.6501003799232228,False,conservative_upper_bound,11101
3,seament,6,240,-0.6881195338240298,True,exact_final,16531
3,seament,7,15,1.6278143649003658,False,conservative_upper_bound,130
3,seament,7,30,0.9675902506358697,False,conservative_upper_bound,274
3,seament,7,60,0.35189884970399343,False,conservative_upper_bound,790
3,seament,7,120,-0.23197806269416163,False,conservative_upper_bound,4225
3,seament,7,180,-0.37591109553042684,True,exact_final_best_already_reached,5634
3,seament,7,240,-0.37591109553042684,True,exact_final,5634
3,seament,8,15,1.2005734355780109,False,conservative_upper_bound,159
3,seament,8,30,0.7838902762975046,False,conservative_upper_bound,324
3,seament,8,60,0.6704244831531339,False,conservative_upper_bound,886
3,seament,8,120,0.4150281367219521,False,conservative_upper_bound,4675
3,seament,8,180,0.1847529709615833,False,conservative_upper_bound,7836
3,seament,8,240,0.13223998466693615,True,exact_final,10476
3,seament,9,15,0.4263165633436938,False,conservative_upper_bound,135
3,seament,9,30,0.37500066109340213,False,conservative_upper_bound,275
3,seament,9,60,0.24496647313781444,False,conservative_upper_bound,704
3,seament,9,120,0.0253518535023843,False,conservative_upper_bound,4879
3,seament,9,180,0.01595315913166823,True,exact_final_best_already_reached,5296
3,seament,9,240,0.01595315913166823,True,exact_final,5296
3,seament,10,15,0.6498700164218161,False,conservative_upper_bound,162
3,seament,10,30,0.6160882073972888,False,conservative_upper_bound,327
3,seament,10,60,0.5786170086287533,False,conservative_upper_bound,923
3,seament,10,120,0.2124600074513171,False,conservative_upper_bound,5229
3,seament,10,180,-0.11764920567742153,False,conservative_upper_bound,11291
3,seament,10,240,-0.18073468386873395,True,exact_final,13468
4,actuwien,1,15,0.1952469724474804,False,conservative_upper_bound,110
4,actuwien,1,30,-0.0070932925370234216,False,conservative_upper_bound,224
4,actuwien,1,60,-0.0434638746566264,False,conservative_upper_bound,331
4,actuwien,1,120,-0.0434638746566264,False,conservative_upper_bound,331
4,actuwien,1,180,-0.04431560493517191,False,conservative_upper_bound,335
4,actuwien,1,240,-0.0756394164429589,True,exact_final,439
4,actuwien,2,15,0.38210071796873674,False,conservative_upper_bound,70
4,actuwien,2,30,0.20904848785157332,False,conservative_upper_bound,120
4,actuwien,2,60,0.17107496118020635,False,conservative_upper_bound,187
4,actuwien,2,120,0.1647979045222154,False,conservative_upper_bound,208
4,actuwien,2,180,0.1630430679142411,False,conservative_upper_bound,217
4,actuwien,2,240,0.15459751208986405,True,exact_final,304
4,actuwien,3,15,0.4391734966236615,False,conservative_upper_bound,63
4,actuwien,3,30,0.12407431344015915,False,conservative_upper_bound,213
4,actuwien,3,60,-0.04805836525123744,False,conservative_upper_bound,322
4,actuwien,3,120,-0.23952043650515606,False,conservative_upper_bound,408
4,actuwien,3,180,-0.27124133406542167,False,conservative_upper_bound,426
4,actuwien,3,240,-0.35523454547394734,True,exact_final,543
4,actuwien,4,15,0.30397041504804995,False,conservative_upper_bound,66
4,actuwien,4,30,0.17795263402239364,False,conservative_upper_bound,149
4,actuwien,4,60,0.1646776682468608,False,conservative_upper_bound,165
4,actuwien,4,120,0.026580384807953966,False,conservative_upper_bound,222
4,actuwien,4,180,-0.1334074751407387,False,conservative_upper_bound,336
4,actuwien,4,240,-0.19452182955406,True,exact_final,411
4,actuwien,5,15,0.3739310341587844,False,conservative_upper_bound,54
4,actuwien,5,30,0.3296321735189415,False,conservative_upper_bound,84
4,actuwien,5,60,0.3139122106085692,False,conservative_upper_bound,137
4,actuwien,5,120,0.31193886301261126,False,conservative_upper_bound,159
4,actuwien,5,180,0.10434937861231354,False,conservative_upper_bound,261
4,actuwien,5,240,0.08126805306478616,True,exact_final,404
4,actuwien,6,15,-0.04898523475615628,False,conservative_upper_bound,73
4,actuwien,6,30,-0.05912673945437389,False,conservative_upper_bound,83
4,actuwien,6,60,-0.23351518318458875,False,conservative_upper_bound,133
4,actuwien,6,120,-0.3327132597892091,False,conservative_upper_bound,226
4,actuwien,6,180,-0.35185734709768646,False,conservative_upper_bound,271
4,actuwien,6,240,-0.35888892905688985,True,exact_final,358
4,actuwien,7,15,0.44529154266183085,False,conservative_upper_bound,61
4,actuwien,7,30,0.26343288917706437,False,conservative_upper_bound,174
4,actuwien,7,60,0.003250060250541469,False,conservative_upper_bound,288
4,actuwien,7,120,-0.22560998649961087,False,conservative_upper_bound,385
4,actuwien,7,180,-0.29682977325705223,False,conservative_upper_bound,485
4,actuwien,7,240,-0.31894305160231734,True,exact_final,781
4,actuwien,8,15,0.38703045915002937,False,conservative_upper_bound,122
4,actuwien,8,30,0.24357064741174114,False,conservative_upper_bound,250
4,actuwien,8,60,0.17320201243368516,False,conservative_upper_bound,335
4,actuwien,8,120,0.1592295474636484,False,conservative_upper_bound,389
4,actuwien,8,180,0.001605322271447668,False,conservative_upper_bound,477
4,actuwien,8,240,-0.07671637198545274,True,exact_final,519
4,actuwien,9,15,-0.0414029190656939,False,conservative_upper_bound,90
4,actuwien,9,30,-0.31592714733821137,False,conservative_upper_bound,115
4,actuwien,9,60,-0.36681617829789376,False,conservative_upper_bound,140
4,actuwien,9,120,-0.4216988717567456,False,conservative_upper_bound,173
4,actuwien,9,180,-0.4365235027273121,False,conservative_upper_bound,188
4,actuwien,9,240,-0.4774355367318851,True,exact_final,322
4,actuwien,10,15,-0.08736472159048964,False,conservative_upper_bound,70
4,actuwien,10,30,-0.18847289287092614,False,conservative_upper_bound,75
4,actuwien,10,60,-0.3788749475269826,False,conservative_upper_bound,108
4,actuwien,10,120,-0.43736640302200064,False,conservative_upper_bound,141
4,actuwien,10,180,-0.4695801320195315,False,conservative_upper_bound,160
4,actuwien,10,240,-0.4939498461730936,True,exact_final,212
5,aekovalenko,1,15,0.22868727222127283,False,conservative_upper_bound,2
5,aekovalenko,1,30,0.22868727222127283,False,conservative_upper_bound,2
5,aekovalenko,1,60,0.22868727222127283,False,conservative_upper_bound,2
5,aekovalenko,1,120,0.11879652394497509,False,conservative_upper_bound,8
5,aekovalenko,1,180,-0.33428457949234985,False,conservative_upper_bound,129
5,aekovalenko,1,240,-0.42435345343074815,True,exact_final,145
5,aekovalenko,2,15,0.46189004541414347,False,conservative_upper_bound,50
5,aekovalenko,2,30,0.3937089131964507,False,conservative_upper_bound,61
5,aekovalenko,2,60,0.3865822855940122,False,conservative_upper_bound,64
5,aekovalenko,2,120,0.353638526012342,False,conservative_upper_bound,181
5,aekovalenko,2,180,0.2388439373045841,False,conservative_upper_bound,432
5,aekovalenko,2,240,0.23083984293347415,True,exact_final,481
5,aekovalenko,3,15,0.4694144773199643,False,conservative_upper_bound,37
5,aekovalenko,3,30,0.42589762381831264,False,conservative_upper_bound,93
5,aekovalenko,3,60,0.11294041049929902,False,conservative_upper_bound,181
5,aekovalenko,3,120,0.09158941540606928,False,conservative_upper_bound,409
5,aekovalenko,3,180,0.05012724274014477,False,conservative_upper_bound,424
5,aekovalenko,3,240,0.01936555455001992,True,exact_final,450
5,aekovalenko,4,15,0.42671972862495267,False,conservative_upper_bound,55
5,aekovalenko,4,30,0.1883203238411447,False,conservative_upper_bound,118
5,aekovalenko,4,60,0.142623086729357,False,conservative_upper_bound,248
5,aekovalenko,4,120,-0.048347781523637064,False,conservative_upper_bound,398
5,aekovalenko,4,180,-0.4645877822984296,False,conservative_upper_bound,543
5,aekovalenko,4,240,-0.47364425493152296,True,exact_final,547
5,aekovalenko,5,15,0.45258959185418746,False,conservative_upper_bound,35
5,aekovalenko,5,30,0.4336071754451106,False,conservative_upper_bound,44
5,aekovalenko,5,60,0.377212253969349,False,conservative_upper_bound,84
5,aekovalenko,5,120,0.3622767945188954,False,conservative_upper_bound,87
5,aekovalenko,5,180,0.34863942189930414,False,conservative_upper_bound,151
5,aekovalenko,5,240,0.3476484449295664,True,exact_final,161
5,aekovalenko,6,15,0.4605395215495399,False,conservative_upper_bound,18
5,aekovalenko,6,30,0.22231961513997045,False,conservative_upper_bound,83
5,aekovalenko,6,60,0.18491046940462752,False,conservative_upper_bound,261
5,aekovalenko,6,120,-0.04025870389077389,False,conservative_upper_bound,340
5,aekovalenko,6,180,-0.22250122273330633,False,conservative_upper_bound,469
5,aekovalenko,6,240,-0.30309340549089603,True,exact_final,493
5,aekovalenko,7,15,0.18018909587152013,False,conservative_upper_bound,48
5,aekovalenko,7,30,0.14941628252033526,False,conservative_upper_bound,116
5,aekovalenko,7,60,0.12771479073608025,False,conservative_upper_bound,253
5,aekovalenko,7,120,0.0032989095789831245,False,conservative_upper_bound,266
5,aekovalenko,7,180,-0.15155943646895634,False,conservative_upper_bound,406
5,aekovalenko,7,240,-0.16374516736498063,True,exact_final,430
5,aekovalenko,8,15,0.200851583943795,False,conservative_upper_bound,2
5,aekovalenko,8,30,0.14432983835347166,False,conservative_upper_bound,6
5,aekovalenko,8,60,0.0341366967644306,False,conservative_upper_bound,12
5,aekovalenko,8,120,-0.18193301655707422,False,conservative_upper_bound,32
5,aekovalenko,8,180,-0.3753096120021522,False,conservative_upper_bound,380
5,aekovalenko,8,240,-0.4222072610399373,True,exact_final,417
5,aekovalenko,9,15,0.27429041208750166,False,conservative_upper_bound,5
5,aekovalenko,9,30,-0.15030734436248203,False,conservative_upper_bound,24
5,aekovalenko,9,60,-0.20630251878698752,False,conservative_upper_bound,33
5,aekovalenko,9,120,-0.2481357346786347,False,conservative_upper_bound,41
5,aekovalenko,9,180,-0.3524281374951719,False,conservative_upper_bound,306
5,aekovalenko,9,240,-0.381752139474348,True,exact_final,387
5,aekovalenko,10,15,0.4529613517444071,False,conservative_upper_bound,35
5,aekovalenko,10,30,0.42443168909988693,False,conservative_upper_bound,50
5,aekovalenko,10,60,0.41533258437618203,False,conservative_upper_bound,54
5,aekovalenko,10,120,0.3901772824377588,False,conservative_upper_bound,61
5,aekovalenko,10,180,0.07747372659844562,False,conservative_upper_bound,195
5,aekovalenko,10,240,0.02792292214128808,True,exact_final,238
6,hamzahanif2210,1,15,0.40378476894899656,False,conservative_upper_bound,180
6,hamzahanif2210,1,30,0.31412383096073904,False,conservative_upper_bound,258
6,hamzahanif2210,1,60,0.2900581518836814,False,conservative_upper_bound,328
6,hamzahanif2210,1,120,0.25601168251216244,False,conservative_upper_bound,341
6,hamzahanif2210,1,180,-0.26685719335363106,False,conservative_upper_bound,383
6,hamzahanif2210,1,240,-0.3829982397922393,True,exact_final,396
6,hamzahanif2210,2,15,0.8769536601775673,False,conservative_upper_bound,251
6,hamzahanif2210,2,30,0.5310728812156702,False,conservative_upper_bound,382
6,hamzahanif2210,2,60,0.4686421154073821,False,conservative_upper_bound,417
6,hamzahanif2210,2,120,0.4277002947340868,True,exact_final_best_already_reached,448
6,hamzahanif2210,2,180,0.4277002947340868,True,exact_final_best_already_reached,448
6,hamzahanif2210,2,240,0.4277002947340868,True,exact_final,448
6,hamzahanif2210,3,15,0.8360779633211228,False,conservative_upper_bound,120
6,hamzahanif2210,3,30,0.5686766517355829,False,conservative_upper_bound,195
6,hamzahanif2210,3,60,0.40222297947531205,False,conservative_upper_bound,249
6,hamzahanif2210,3,120,0.3554882562066532,False,conservative_upper_bound,288
6,hamzahanif2210,3,180,0.09996880304905183,False,conservative_upper_bound,327
6,hamzahanif2210,3,240,0.03046717057422526,True,exact_final,351
6,hamzahanif2210,4,15,-0.07845674660183294,False,conservative_upper_bound,204
6,hamzahanif2210,4,30,-0.3003660160823178,True,exact_final_best_already_reached,316
6,hamzahanif2210,4,60,-0.3003660160823178,True,exact_final_best_already_reached,316
6,hamzahanif2210,4,120,-0.3003660160823178,True,exact_final_best_already_reached,316
6,hamzahanif2210,4,180,-0.3003660160823178,True,exact_final_best_already_reached,316
6,hamzahanif2210,4,240,-0.3003660160823178,True,exact_final,316
6,hamzahanif2210,5,15,0.45318321083680674,False,conservative_upper_bound,158
6,hamzahanif2210,5,30,0.437312961791227,False,conservative_upper_bound,174
6,hamzahanif2210,5,60,0.40513374999432783,False,conservative_upper_bound,185
6,hamzahanif2210,5,120,0.13756419153995494,False,conservative_upper_bound,429
6,hamzahanif2210,5,180,0.10911427389744872,True,exact_final_best_already_reached,543
6,hamzahanif2210,5,240,0.10911427389744872,True,exact_final,543
6,hamzahanif2210,6,15,0.012537748027967423,False,conservative_upper_bound,198
6,hamzahanif2210,6,30,-0.1353659768306023,False,conservative_upper_bound,230
6,hamzahanif2210,6,60,-0.1606286494683652,False,conservative_upper_bound,244
6,hamzahanif2210,6,120,-0.1606286494683652,False,conservative_upper_bound,244
6,hamzahanif2210,6,180,-0.2131889463189473,False,conservative_upper_bound,250
6,hamzahanif2210,6,240,-0.29473753608588543,True,exact_final,386
6,hamzahanif2210,7,15,-0.10494992097940395,False,conservative_upper_bound,274
6,hamzahanif2210,7,30,-0.2821315862233212,False,conservative_upper_bound,404
6,hamzahanif2210,7,60,-0.2893720344648146,False,conservative_upper_bound,407
6,hamzahanif2210,7,120,-0.36300412967440693,False,conservative_upper_bound,418
6,hamzahanif2210,7,180,-0.3674775319520674,False,conservative_upper_bound,419
6,hamzahanif2210,7,240,-0.38022684897346,True,exact_final,422
6,hamzahanif2210,8,15,0.03168107329250899,False,conservative_upper_bound,220
6,hamzahanif2210,8,30,-0.14696961363779468,False,conservative_upper_bound,327
6,hamzahanif2210,8,60,-0.14696961363779468,False,conservative_upper_bound,327
6,hamzahanif2210,8,120,-0.22102831395696235,True,exact_final_best_already_reached,363
6,hamzahanif2210,8,180,-0.22102831395696235,True,exact_final_best_already_reached,363
6,hamzahanif2210,8,240,-0.22102831395696235,True,exact_final,363
6,hamzahanif2210,9,15,0.323464289104189,False,conservative_upper_bound,191
6,hamzahanif2210,9,30,-0.20484539306459534,False,conservative_upper_bound,342
6,hamzahanif2210,9,60,-0.44676548003964384,True,exact_final_best_already_reached,369
6,hamzahanif2210,9,120,-0.44676548003964384,True,exact_final_best_already_reached,369
6,hamzahanif2210,9,180,-0.44676548003964384,True,exact_final_best_already_reached,369
6,hamzahanif2210,9,240,-0.44676548003964384,True,exact_final,369
6,hamzahanif2210,10,15,0.40827517400273006,False,conservative_upper_bound,157
6,hamzahanif2210,10,30,0.3953074579477007,False,conservative_upper_bound,195
6,hamzahanif2210,10,60,0.18170443467156525,False,conservative_upper_bound,270
6,hamzahanif2210,10,120,0.14045554322264195,True,exact_final_best_already_reached,315
6,hamzahanif2210,10,180,0.14045554322264195,True,exact_final_best_already_reached,315
6,hamzahanif2210,10,240,0.14045554322264195,True,exact_final,315
7,lodev,1,15,0.37688424239294216,False,conservative_upper_bound,41
7,lodev,1,30,0.3256734416146831,False,conservative_upper_bound,81
7,lodev,1,60,0.1788882127640457,False,conservative_upper_bound,375
7,lodev,1,120,-0.016556939584652063,False,conservative_upper_bound,1007
7,lodev,1,180,-0.15393926731176424,False,conservative_upper_bound,1061
7,lodev,1,240,-0.17959485560992847,True,exact_final,1086
7,lodev,2,15,0.4287342710467097,False,conservative_upper_bound,37
7,lodev,2,30,0.32351224992547745,False,conservative_upper_bound,70
7,lodev,2,60,0.277378070702691,False,conservative_upper_bound,103
7,lodev,2,120,0.16673734745129498,False,conservative_upper_bound,145
7,lodev,2,180,0.1034598120060808,False,conservative_upper_bound,166
7,lodev,2,240,0.0955437906367172,True,exact_final,169
7,lodev,3,15,0.4202837555578221,False,conservative_upper_bound,64
7,lodev,3,30,0.36474103278456577,False,conservative_upper_bound,89
7,lodev,3,60,0.18529287778691392,False,conservative_upper_bound,161
7,lodev,3,120,0.15569197262324788,False,conservative_upper_bound,178
7,lodev,3,180,-0.018921447935124316,False,conservative_upper_bound,480
7,lodev,3,240,-0.03810685815687763,True,exact_final,547
7,lodev,4,15,0.3784877525207553,False,conservative_upper_bound,119
7,lodev,4,30,0.20045162620851759,False,conservative_upper_bound,175
7,lodev,4,60,0.17017768050690954,False,conservative_upper_bound,203
7,lodev,4,120,0.15954335055210098,False,conservative_upper_bound,223
7,lodev,4,180,0.1585339153982848,False,conservative_upper_bound,225
7,lodev,4,240,0.0708885128920151,True,exact_final,261
7,lodev,5,15,0.4270451825128359,False,conservative_upper_bound,52
7,lodev,5,30,0.3567517003916306,False,conservative_upper_bound,90
7,lodev,5,60,0.3298480250376478,False,conservative_upper_bound,114
7,lodev,5,120,0.11545129215568543,False,conservative_upper_bound,219
7,lodev,5,180,0.07979265328064981,False,conservative_upper_bound,243
7,lodev,5,240,0.07051678822214731,True,exact_final,251
7,lodev,6,15,0.10726474022922412,False,conservative_upper_bound,6
7,lodev,6,30,0.10726474022922412,False,conservative_upper_bound,6
7,lodev,6,60,0.07178981159693505,False,conservative_upper_bound,50
7,lodev,6,120,-0.2782968605614253,False,conservative_upper_bound,212
7,lodev,6,180,-0.2970485801736426,False,conservative_upper_bound,241
7,lodev,6,240,-0.30760936512296094,True,exact_final,262
7,lodev,7,15,0.3654460939747818,False,conservative_upper_bound,130
7,lodev,7,30,0.20067247570108798,False,conservative_upper_bound,168
7,lodev,7,60,0.16235442957618113,False,conservative_upper_bound,207
7,lodev,7,120,-0.301699516749987,False,conservative_upper_bound,391
7,lodev,7,180,-0.35999909852059914,False,conservative_upper_bound,429
7,lodev,7,240,-0.3824061422954746,True,exact_final,451
7,lodev,8,15,0.32997966228954184,False,conservative_upper_bound,112
7,lodev,8,30,0.29567500715853384,False,conservative_upper_bound,146
7,lodev,8,60,0.21004619497520105,False,conservative_upper_bound,189
7,lodev,8,120,0.12336168060101028,False,conservative_upper_bound,283
7,lodev,8,180,-0.0687165761512617,False,conservative_upper_bound,401
7,lodev,8,240,-0.12412533802271887,True,exact_final,420
7,lodev,9,15,0.4279651853700714,False,conservative_upper_bound,55
7,lodev,9,30,0.38972696494853376,False,conservative_upper_bound,82
7,lodev,9,60,0.35279971580503644,False,conservative_upper_bound,114
7,lodev,9,120,0.333480277130254,False,conservative_upper_bound,140
7,lodev,9,180,0.08017882501047244,False,conservative_upper_bound,391
7,lodev,9,240,0.0741461979398818,True,exact_final,400
7,lodev,10,15,-0.32547622400910825,False,conservative_upper_bound,102
7,lodev,10,30,-0.35100702880643825,False,conservative_upper_bound,133
7,lodev,10,60,-0.3867144348008044,False,conservative_upper_bound,180
7,lodev,10,120,-0.41751917824102774,False,conservative_upper_bound,247
7,lodev,10,180,-0.4292170598628549,False,conservative_upper_bound,295
7,lodev,10,240,-0.43489770417708074,True,exact_final,320
8,jagarwal,1,15,0.4432102201537964,False,conservative_upper_bound,59
8,jagarwal,1,30,0.12117286560347226,False,conservative_upper_bound,95
8,jagarwal,1,60,-0.21191170485470867,False,conservative_upper_bound,115
8,jagarwal,1,120,-0.38856482114199736,True,exact_final_best_already_reached,134
8,jagarwal,1,180,-0.38856482114199736,True,exact_final_best_already_reached,134
8,jagarwal,1,240,-0.38856482114199736,True,exact_final,134
8,jagarwal,2,15,0.5873740224776584,False,conservative_upper_bound,154
8,jagarwal,2,30,0.5404112949680143,False,conservative_upper_bound,166
8,jagarwal,2,60,0.5404112949680143,False,conservative_upper_bound,166
8,jagarwal,2,120,0.4420719194622852,False,conservative_upper_bound,184
8,jagarwal,2,180,0.43374447425698764,True,exact_final_best_already_reached,187
8,jagarwal,2,240,0.43374447425698764,True,exact_final,187
8,jagarwal,3,15,0.3251974055334458,False,conservative_upper_bound,144
8,jagarwal,3,30,0.32241739296990346,True,exact_final_best_already_reached,145
8,jagarwal,3,60,0.32241739296990346,True,exact_final_best_already_reached,145
8,jagarwal,3,120,0.32241739296990346,True,exact_final_best_already_reached,145
8,jagarwal,3,180,0.32241739296990346,True,exact_final_best_already_reached,145
8,jagarwal,3,240,0.32241739296990346,True,exact_final,145
8,jagarwal,4,15,0.28999468807965423,False,conservative_upper_bound,75
8,jagarwal,4,30,0.034221376026364804,False,conservative_upper_bound,87
8,jagarwal,4,60,-0.061041155544700035,False,conservative_upper_bound,99
8,jagarwal,4,120,-0.21225456881800597,False,conservative_upper_bound,142
8,jagarwal,4,180,-0.33753660019429477,True,exact_final_best_already_reached,176
8,jagarwal,4,240,-0.33753660019429477,True,exact_final,176
8,jagarwal,5,15,0.72846113097358,False,conservative_upper_bound,70
8,jagarwal,5,30,0.4224181459232794,False,conservative_upper_bound,137
8,jagarwal,5,60,0.3922772923393644,False,conservative_upper_bound,141
8,jagarwal,5,120,0.3692877877702888,False,conservative_upper_bound,151
8,jagarwal,5,180,0.3686866703205482,False,conservative_upper_bound,153
8,jagarwal,5,240,0.3229527136136332,True,exact_final,161
8,jagarwal,6,15,0.4250838560481184,False,conservative_upper_bound,118
8,jagarwal,6,30,0.15415346686052547,False,conservative_upper_bound,190
8,jagarwal,6,60,-0.08714316132595454,False,conservative_upper_bound,221
8,jagarwal,6,120,-0.16139772388462045,False,conservative_upper_bound,233
8,jagarwal,6,180,-0.31575986365456105,True,exact_final_best_already_reached,250
8,jagarwal,6,240,-0.31575986365456105,True,exact_final,250
8,jagarwal,7,15,0.06816769904179003,False,conservative_upper_bound,105
8,jagarwal,7,30,0.059437396918113575,False,conservative_upper_bound,113
8,jagarwal,7,60,-0.3492804758485058,False,conservative_upper_bound,168
8,jagarwal,7,120,-0.37640603694926184,False,conservative_upper_bound,173
8,jagarwal,7,180,-0.39028680773103275,True,exact_final_best_already_reached,178
8,jagarwal,7,240,-0.39028680773103275,True,exact_final,178
8,jagarwal,8,15,0.07733212541052223,False,conservative_upper_bound,68
8,jagarwal,8,30,0.04645188814233858,False,conservative_upper_bound,70
8,jagarwal,8,60,0.04645188814233858,False,conservative_upper_bound,70
8,jagarwal,8,120,0.004249727371377263,False,conservative_upper_bound,73
8,jagarwal,8,180,-0.0025221408660555233,False,conservative_upper_bound,76
8,jagarwal,8,240,-0.03741428680081115,True,exact_final,78
8,jagarwal,9,15,0.6545205970777291,False,conservative_upper_bound,93
8,jagarwal,9,30,0.6311529994137548,False,conservative_upper_bound,95
8,jagarwal,9,60,0.11947096085001628,False,conservative_upper_bound,146
8,jagarwal,9,120,-0.023129450980655237,False,conservative_upper_bound,156
8,jagarwal,9,180,-0.24824066845629097,False,conservative_upper_bound,185
8,jagarwal,9,240,-0.3248983476241284,True,exact_final,194
8,jagarwal,10,15,0.22428814564390923,False,conservative_upper_bound,80
8,jagarwal,10,30,0.16532862256916298,False,conservative_upper_bound,83
8,jagarwal,10,60,0.16532862256916298,False,conservative_upper_bound,83
8,jagarwal,10,120,-0.16770076951480944,False,conservative_upper_bound,115
8,jagarwal,10,180,-0.2689290898133406,True,exact_final_best_already_reached,125
8,jagarwal,10,240,-0.2689290898133406,True,exact_final,125
9,mhtaylor,1,15,0.09797671739280858,False,conservative_upper_bound,189
9,mhtaylor,1,30,0.05999989331245157,False,conservative_upper_bound,309
9,mhtaylor,1,60,0.0539642570128801,False,conservative_upper_bound,319
9,mhtaylor,1,120,0.047608103304955074,False,conservative_upper_bound,380
9,mhtaylor,1,180,0.046508891799972245,False,conservative_upper_bound,398
9,mhtaylor,1,240,-0.02376722105439003,True,exact_final,419
9,mhtaylor,2,15,0.36704337215857047,False,conservative_upper_bound,73
9,mhtaylor,2,30,0.35330133192276547,False,conservative_upper_bound,87
9,mhtaylor,2,60,0.312142622187089,False,conservative_upper_bound,143
9,mhtaylor,2,120,0.2914774764768254,False,conservative_upper_bound,232
9,mhtaylor,2,180,0.2797791661459316,False,conservative_upper_bound,252
9,mhtaylor,2,240,0.27492067288549893,True,exact_final,268
9,mhtaylor,3,15,0.3806323330751424,False,conservative_upper_bound,61
9,mhtaylor,3,30,0.3630690451217378,False,conservative_upper_bound,75
9,mhtaylor,3,60,0.3629895299249883,False,conservative_upper_bound,77
9,mhtaylor,3,120,-0.08224944868816264,False,conservative_upper_bound,290
9,mhtaylor,3,180,-0.09149918693298072,False,conservative_upper_bound,307
9,mhtaylor,3,240,-0.09991304673214405,True,exact_final,576
9,mhtaylor,4,15,0.20835944315275343,False,conservative_upper_bound,110
9,mhtaylor,4,30,0.1872563417695439,False,conservative_upper_bound,158
9,mhtaylor,4,60,0.17939756527015874,False,conservative_upper_bound,300
9,mhtaylor,4,120,0.17826717306432954,False,conservative_upper_bound,313
9,mhtaylor,4,180,0.17012922427502883,False,conservative_upper_bound,341
9,mhtaylor,4,240,0.1672566796080727,True,exact_final,740
9,mhtaylor,5,15,0.19287631050033777,False,conservative_upper_bound,62
9,mhtaylor,5,30,-0.010855361078566623,False,conservative_upper_bound,100
9,mhtaylor,5,60,-0.10176562870722627,False,conservative_upper_bound,127
9,mhtaylor,5,120,-0.16670916088128201,False,conservative_upper_bound,194
9,mhtaylor,5,180,-0.2232178077697109,False,conservative_upper_bound,257
9,mhtaylor,5,240,-0.23107302428269577,True,exact_final,312
9,mhtaylor,6,15,0.24767616810689902,False,conservative_upper_bound,133
9,mhtaylor,6,30,0.1784994943081138,False,conservative_upper_bound,266
9,mhtaylor,6,60,-0.15984529169760808,False,conservative_upper_bound,394
9,mhtaylor,6,120,-0.45966496398949164,False,conservative_upper_bound,458
9,mhtaylor,6,180,-0.505843763128094,False,conservative_upper_bound,473
9,mhtaylor,6,240,-0.5379985446306321,True,exact_final,589
9,mhtaylor,7,15,0.1808452078321627,False,conservative_upper_bound,60
9,mhtaylor,7,30,0.17178749276518715,False,conservative_upper_bound,74
9,mhtaylor,7,60,0.165528823913471,False,conservative_upper_bound,161
9,mhtaylor,7,120,-0.12139141848517093,False,conservative_upper_bound,294
9,mhtaylor,7,180,-0.20944220545599568,False,conservative_upper_bound,351
9,mhtaylor,7,240,-0.26875707098677737,True,exact_final,545
9,mhtaylor,8,15,0.3774896244005504,False,conservative_upper_bound,69
9,mhtaylor,8,30,0.20037444984747105,False,conservative_upper_bound,116
9,mhtaylor,8,60,0.12905743264174654,False,conservative_upper_bound,158
9,mhtaylor,8,120,0.053404557233556214,False,conservative_upper_bound,244
9,mhtaylor,8,180,-0.029596447232557048,False,conservative_upper_bound,318
9,mhtaylor,8,240,-0.1613667101060854,True,exact_final,557
9,mhtaylor,9,15,0.3787629171654176,False,conservative_upper_bound,108
9,mhtaylor,9,30,0.3327702728769177,False,conservative_upper_bound,135
9,mhtaylor,9,60,0.28666806251604615,False,conservative_upper_bound,187
9,mhtaylor,9,120,0.2550569125214114,False,conservative_upper_bound,231
9,mhtaylor,9,180,0.1639941175175874,False,conservative_upper_bound,281
9,mhtaylor,9,240,0.15910140849112975,True,exact_final,293
9,mhtaylor,10,15,0.4171009693261915,False,conservative_upper_bound,44
9,mhtaylor,10,30,0.4164661452013483,False,conservative_upper_bound,47
9,mhtaylor,10,60,0.41625999212734,False,conservative_upper_bound,48
9,mhtaylor,10,120,0.41233457721588523,False,conservative_upper_bound,64
9,mhtaylor,10,180,0.09278000477940702,False,conservative_upper_bound,139
9,mhtaylor,10,240,-0.0949863077540096,True,exact_final,263
10,gabrielekarra,1,15,0.023506350903512118,False,conservative_upper_bound,66
10,gabrielekarra,1,30,-0.18344968295194078,False,conservative_upper_bound,155
10,gabrielekarra,1,60,-0.32920546337857615,False,conservative_upper_bound,282
10,gabrielekarra,1,120,-0.3298196948923108,False,conservative_upper_bound,284
10,gabrielekarra,1,180,-0.3298196948923108,False,conservative_upper_bound,284
10,gabrielekarra,1,240,-0.4432814381757838,True,exact_final,701
10,gabrielekarra,2,15,0.4340069680017725,False,conservative_upper_bound,35
10,gabrielekarra,2,30,0.4275505079357578,False,conservative_upper_bound,37
10,gabrielekarra,2,60,0.367585979492614,False,conservative_upper_bound,54
10,gabrielekarra,2,120,0.367585979492614,False,conservative_upper_bound,54
10,gabrielekarra,2,180,0.367585979492614,False,conservative_upper_bound,54
10,gabrielekarra,2,240,0.3141530588830661,True,exact_final,216
10,gabrielekarra,3,15,0.2821055108023885,False,conservative_upper_bound,76
10,gabrielekarra,3,30,0.24887075497322367,False,conservative_upper_bound,88
10,gabrielekarra,3,60,0.24887075497322367,False,conservative_upper_bound,88
10,gabrielekarra,3,120,0.24887075497322367,False,conservative_upper_bound,88
10,gabrielekarra,3,180,0.19578926616925882,False,conservative_upper_bound,109
10,gabrielekarra,3,240,0.16213067480107946,True,exact_final,434
10,gabrielekarra,4,15,-0.14223797518147105,False,conservative_upper_bound,69
10,gabrielekarra,4,30,-0.20250846995749833,False,conservative_upper_bound,328
10,gabrielekarra,4,60,-0.2042004629223377,False,conservative_upper_bound,404
10,gabrielekarra,4,120,-0.2042004629223377,False,conservative_upper_bound,404
10,gabrielekarra,4,180,-0.2042004629223377,False,conservative_upper_bound,404
10,gabrielekarra,4,240,-0.3436064792582387,True,exact_final,819
10,gabrielekarra,5,15,0.43980474205695996,False,conservative_upper_bound,12
10,gabrielekarra,5,30,0.43980474205695996,False,conservative_upper_bound,12
10,gabrielekarra,5,60,0.4315063983016606,False,conservative_upper_bound,16
10,gabrielekarra,5,120,0.32990787189769305,False,conservative_upper_bound,31
10,gabrielekarra,5,180,0.3298795545066456,False,conservative_upper_bound,32
10,gabrielekarra,5,240,0.26752348608589765,True,exact_final,424
10,gabrielekarra,6,15,0.16561922695627238,False,conservative_upper_bound,87
10,gabrielekarra,6,30,0.09306592679210833,False,conservative_upper_bound,354
10,gabrielekarra,6,60,0.09197159372988915,False,conservative_upper_bound,406
10,gabrielekarra,6,120,0.09197159372988915,False,conservative_upper_bound,406
10,gabrielekarra,6,180,0.09197159372988915,False,conservative_upper_bound,406
10,gabrielekarra,6,240,-0.12812495341753008,True,exact_final,1917
10,gabrielekarra,7,15,0.2724084408537085,False,conservative_upper_bound,69
10,gabrielekarra,7,30,-0.12316345930541146,False,conservative_upper_bound,160
10,gabrielekarra,7,60,-0.1760635801687015,False,conservative_upper_bound,278
10,gabrielekarra,7,120,-0.194559991260606,False,conservative_upper_bound,399
10,gabrielekarra,7,180,-0.194559991260606,False,conservative_upper_bound,399
10,gabrielekarra,7,240,-0.23601388064444553,True,exact_final,491
10,gabrielekarra,8,15,0.1967865523254819,False,conservative_upper_bound,56
10,gabrielekarra,8,30,0.17057481374628877,False,conservative_upper_bound,60
10,gabrielekarra,8,60,0.17057481374628877,False,conservative_upper_bound,60
10,gabrielekarra,8,120,0.17057481374628877,False,conservative_upper_bound,60
10,gabrielekarra,8,180,0.17057481374628877,False,conservative_upper_bound,60
10,gabrielekarra,8,240,0.013895735061838615,True,exact_final,919
10,gabrielekarra,9,15,-0.24439641558820863,False,conservative_upper_bound,63
10,gabrielekarra,9,30,-0.30503791921311885,False,conservative_upper_bound,175
10,gabrielekarra,9,60,-0.30627769785925046,False,conservative_upper_bound,238
10,gabrielekarra,9,120,-0.30627769785925046,False,conservative_upper_bound,238
10,gabrielekarra,9,180,-0.30627769785925046,False,conservative_upper_bound,238
10,gabrielekarra,9,240,-0.38989482676306547,True,exact_final,625
10,gabrielekarra,10,15,0.3107016709436009,False,conservative_upper_bound,37
10,gabrielekarra,10,30,0.3107016709436009,False,conservative_upper_bound,37
10,gabrielekarra,10,60,0.3107016709436009,False,conservative_upper_bound,37
10,gabrielekarra,10,120,0.3107016709436009,False,conservative_upper_bound,37
10,gabrielekarra,10,180,0.3107016709436009,False,conservative_upper_bound,37
10,gabrielekarra,10,240,0.1424320957657036,True,exact_final,423
11,danilolapegna,1,15,0.09906694263156887,False,conservative_upper_bound,209
11,danilolapegna,1,30,0.08241210535650444,False,conservative_upper_bound,249
11,danilolapegna,1,60,-0.04569354903394299,False,conservative_upper_bound,287
11,danilolapegna,1,120,-0.20050793929281469,False,conservative_upper_bound,317
11,danilolapegna,1,180,-0.22381014820205408,False,conservative_upper_bound,321
11,danilolapegna,1,240,-0.26836849660932055,True,exact_final,357
11,danilolapegna,2,15,0.42352798098155203,False,conservative_upper_bound,111
11,danilolapegna,2,30,0.4224993206967328,False,conservative_upper_bound,114
11,danilolapegna,2,60,0.3889155679548362,False,conservative_upper_bound,142
11,danilolapegna,2,120,0.36374205567251516,False,conservative_upper_bound,180
11,danilolapegna,2,180,0.35112353048801626,False,conservative_upper_bound,202
11,danilolapegna,2,240,0.3361198413696677,True,exact_final,258
11,danilolapegna,3,15,0.3682359548179538,False,conservative_upper_bound,111
11,danilolapegna,3,30,0.28700464839921996,False,conservative_upper_bound,157
11,danilolapegna,3,60,0.11831078733047015,False,conservative_upper_bound,212
11,danilolapegna,3,120,0.030874444114640926,False,conservative_upper_bound,250
11,danilolapegna,3,180,-0.03176014410984272,False,conservative_upper_bound,265
11,danilolapegna,3,240,-0.0861501884869687,True,exact_final,293
11,danilolapegna,4,15,0.31095744505623296,False,conservative_upper_bound,201
11,danilolapegna,4,30,0.30069612497721965,False,conservative_upper_bound,213
11,danilolapegna,4,60,0.2814664142731828,False,conservative_upper_bound,234
11,danilolapegna,4,120,0.14846824901572542,False,conservative_upper_bound,267
11,danilolapegna,4,180,0.09142256872370454,False,conservative_upper_bound,280
11,danilolapegna,4,240,-0.0002667450010761516,True,exact_final,311
11,danilolapegna,5,15,0.42743521421155317,False,conservative_upper_bound,78
11,danilolapegna,5,30,0.34958347162794384,False,conservative_upper_bound,120
11,danilolapegna,5,60,0.3160021772342425,False,conservative_upper_bound,151
11,danilolapegna,5,120,0.298378040136951,False,conservative_upper_bound,163
11,danilolapegna,5,180,0.29374663799056444,False,conservative_upper_bound,166
11,danilolapegna,5,240,0.2797668948535114,True,exact_final,185
11,danilolapegna,6,15,0.07703417176587878,False,conservative_upper_bound,95
11,danilolapegna,6,30,-0.2075488303406245,False,conservative_upper_bound,153
11,danilolapegna,6,60,-0.2560199407816824,False,conservative_upper_bound,188
11,danilolapegna,6,120,-0.3724590716144472,False,conservative_upper_bound,257
11,danilolapegna,6,180,-0.43745563024415146,False,conservative_upper_bound,285
11,danilolapegna,6,240,-0.457948746236182,True,exact_final,315
11,danilolapegna,7,15,0.42129448188713414,False,conservative_upper_bound,169
11,danilolapegna,7,30,0.34193747879360087,False,conservative_upper_bound,239
11,danilolapegna,7,60,0.2577222645586106,False,conservative_upper_bound,344
11,danilolapegna,7,120,0.18118568927744505,False,conservative_upper_bound,383
11,danilolapegna,7,180,0.17280101310287954,False,conservative_upper_bound,399
11,danilolapegna,7,240,0.16933768677431182,True,exact_final,444
11,danilolapegna,8,15,0.4105253104942361,False,conservative_upper_bound,285
11,danilolapegna,8,30,0.11206062930771016,False,conservative_upper_bound,323
11,danilolapegna,8,60,-0.014579100640029017,False,conservative_upper_bound,374
11,danilolapegna,8,120,-0.08702235518140458,False,conservative_upper_bound,389
11,danilolapegna,8,180,-0.22280155982482847,False,conservative_upper_bound,424
11,danilolapegna,8,240,-0.25444420165331183,True,exact_final,473
11,danilolapegna,9,15,0.4068359389590239,False,conservative_upper_bound,138
11,danilolapegna,9,30,0.3999130542425151,False,conservative_upper_bound,152
11,danilolapegna,9,60,0.14200288520110455,False,conservative_upper_bound,212
11,danilolapegna,9,120,0.04352603255499355,False,conservative_upper_bound,266
11,danilolapegna,9,180,0.02062508562779574,False,conservative_upper_bound,277
11,danilolapegna,9,240,-0.07158536923942331,True,exact_final,327
11,danilolapegna,10,15,0.15906850309229603,False,conservative_upper_bound,222
11,danilolapegna,10,30,0.05673122612212574,False,conservative_upper_bound,238
11,danilolapegna,10,60,-0.0439664710727438,False,conservative_upper_bound,256
11,danilolapegna,10,120,-0.1293982783666874,False,conservative_upper_bound,269
11,danilolapegna,10,180,-0.1719570768431362,False,conservative_upper_bound,280
11,danilolapegna,10,240,-0.21406069698666583,True,exact_final,306
12,kevinknights29,1,15,0.46316947851612705,False,conservative_upper_bound,99
12,kevinknights29,1,30,0.4302807107887583,False,conservative_upper_bound,110
12,kevinknights29,1,60,0.42974599422492255,False,conservative_upper_bound,111
12,kevinknights29,1,120,0.41396860284944637,False,conservative_upper_bound,117
12,kevinknights29,1,180,0.3528686004353176,False,conservative_upper_bound,146
12,kevinknights29,1,240,0.33731824416745937,True,exact_final,203
12,kevinknights29,2,15,0.5076609483136763,False,conservative_upper_bound,125
12,kevinknights29,2,30,0.4775800728539087,False,conservative_upper_bound,134
12,kevinknights29,2,60,0.44613322396085375,False,conservative_upper_bound,143
12,kevinknights29,2,120,0.4445043695769027,False,conservative_upper_bound,144
12,kevinknights29,2,180,0.4063106287074572,False,conservative_upper_bound,157
12,kevinknights29,2,240,0.38544386243199896,True,exact_final,200
12,kevinknights29,3,15,0.4291023961018502,False,conservative_upper_bound,108
12,kevinknights29,3,30,0.31919997416593454,False,conservative_upper_bound,121
12,kevinknights29,3,60,0.28200625402661533,False,conservative_upper_bound,131
12,kevinknights29,3,120,0.2639158794189719,False,conservative_upper_bound,144
12,kevinknights29,3,180,0.2639158794189719,False,conservative_upper_bound,144
12,kevinknights29,3,240,0.21834175027786848,True,exact_final,222
12,kevinknights29,4,15,0.545227204010756,False,conservative_upper_bound,106
12,kevinknights29,4,30,0.5284212309984386,False,conservative_upper_bound,111
12,kevinknights29,4,60,0.5072360505928688,False,conservative_upper_bound,122
12,kevinknights29,4,120,0.46104283923320394,False,conservative_upper_bound,149
12,kevinknights29,4,180,0.4266738722551646,False,conservative_upper_bound,165
12,kevinknights29,4,240,0.4236250007159065,True,exact_final,194
12,kevinknights29,5,15,0.5710698261981392,False,conservative_upper_bound,113
12,kevinknights29,5,30,0.4283621088471237,False,conservative_upper_bound,163
12,kevinknights29,5,60,0.42502174098723833,False,conservative_upper_bound,167
12,kevinknights29,5,120,0.42502174098723833,False,conservative_upper_bound,167
12,kevinknights29,5,180,0.39400737511545864,False,conservative_upper_bound,179
12,kevinknights29,5,240,0.3731908692331261,True,exact_final,245
12,kevinknights29,6,15,0.44062865334521334,False,conservative_upper_bound,190
12,kevinknights29,6,30,0.34591933499563504,False,conservative_upper_bound,214
12,kevinknights29,6,60,0.19261163078999433,False,conservative_upper_bound,254
12,kevinknights29,6,120,-0.3742528116880458,False,conservative_upper_bound,333
12,kevinknights29,6,180,-0.45993898190666943,False,conservative_upper_bound,361
12,kevinknights29,6,240,-0.498561235846025,True,exact_final,436
12,kevinknights29,7,15,0.2797783571125675,False,conservative_upper_bound,91
12,kevinknights29,7,30,0.23056628013126287,False,conservative_upper_bound,103
12,kevinknights29,7,60,0.18954128218024263,False,conservative_upper_bound,113
12,kevinknights29,7,120,0.18095409214374308,False,conservative_upper_bound,115
12,kevinknights29,7,180,-0.24489046392105188,False,conservative_upper_bound,167
12,kevinknights29,7,240,-0.28596072366224856,True,exact_final,198
12,kevinknights29,8,15,0.44550611201829854,False,conservative_upper_bound,89
12,kevinknights29,8,30,0.4345043821508369,False,conservative_upper_bound,92
12,kevinknights29,8,60,0.2813886638656563,False,conservative_upper_bound,149
12,kevinknights29,8,120,0.26868229340731176,False,conservative_upper_bound,159
12,kevinknights29,8,180,0.2556418251868884,False,conservative_upper_bound,165
12,kevinknights29,8,240,-0.3252937683597495,True,exact_final,289
12,kevinknights29,9,15,0.07764843895578988,False,conservative_upper_bound,105
12,kevinknights29,9,30,-0.13850670524653982,False,conservative_upper_bound,171
12,kevinknights29,9,60,-0.13850670524653982,False,conservative_upper_bound,171
12,kevinknights29,9,120,-0.2203422670855859,False,conservative_upper_bound,190
12,kevinknights29,9,180,-0.2203422670855859,False,conservative_upper_bound,190
12,kevinknights29,9,240,-0.23619987838041792,True,exact_final,234
12,kevinknights29,10,15,0.6399543765277281,False,conservative_upper_bound,165
12,kevinknights29,10,30,0.5608623763427787,False,conservative_upper_bound,190
12,kevinknights29,10,60,0.5199304302561367,False,conservative_upper_bound,208
12,kevinknights29,10,120,0.4804845700632419,False,conservative_upper_bound,229
12,kevinknights29,10,180,0.46320380894906904,False,conservative_upper_bound,237
12,kevinknights29,10,240,0.4258741233551512,True,exact_final,302
13,prashx,1,15,0.36601699295696905,False,conservative_upper_bound,127
13,prashx,1,30,0.3516845612641832,False,conservative_upper_bound,137
13,prashx,1,60,0.09124749441182022,False,conservative_upper_bound,255
13,prashx,1,120,0.09124749441182022,False,conservative_upper_bound,255
13,prashx,1,180,-0.1416814718538212,False,conservative_upper_bound,588
13,prashx,1,240,-0.1710742762500347,True,exact_final,663
13,prashx,2,15,0.4382525252732424,False,conservative_upper_bound,126
13,prashx,2,30,0.4139932511926274,False,conservative_upper_bound,161
13,prashx,2,60,0.41291739803345623,False,conservative_upper_bound,163
13,prashx,2,120,0.4107572147205327,False,conservative_upper_bound,176
13,prashx,2,180,0.4101802191122532,False,conservative_upper_bound,180
13,prashx,2,240,0.4092074534231908,True,exact_final,221
13,prashx,3,15,0.4222670245068539,False,conservative_upper_bound,98
13,prashx,3,30,0.1861563547718599,False,conservative_upper_bound,218
13,prashx,3,60,0.1750523592216433,False,conservative_upper_bound,233
13,prashx,3,120,0.16234890648688516,False,conservative_upper_bound,264
13,prashx,3,180,0.16234890648688516,False,conservative_upper_bound,264
13,prashx,3,240,0.15639047002381554,True,exact_final,342
13,prashx,4,15,0.4197649479605199,False,conservative_upper_bound,310
13,prashx,4,30,0.20897738984837674,False,conservative_upper_bound,361
13,prashx,4,60,0.19308609121047768,False,conservative_upper_bound,373
13,prashx,4,120,0.17364574268777733,False,conservative_upper_bound,445
13,prashx,4,180,0.17288453262467024,False,conservative_upper_bound,447
13,prashx,4,240,0.16136498570400312,True,exact_final,708
13,prashx,5,15,0.3974002430291607,False,conservative_upper_bound,74
13,prashx,5,30,0.3911557710441011,False,conservative_upper_bound,91
13,prashx,5,60,0.24243828334942272,False,conservative_upper_bound,182
13,prashx,5,120,-0.059177825184179744,False,conservative_upper_bound,378
13,prashx,5,180,-0.059177825184179744,False,conservative_upper_bound,378
13,prashx,5,240,-0.12165294911242622,True,exact_final,616
13,prashx,6,15,0.35067265605622794,False,conservative_upper_bound,375
13,prashx,6,30,0.3193567465498382,False,conservative_upper_bound,397
13,prashx,6,60,0.3193567465498382,False,conservative_upper_bound,397
13,prashx,6,120,0.2572544760710538,False,conservative_upper_bound,446
13,prashx,6,180,0.20902671185093724,False,conservative_upper_bound,541
13,prashx,6,240,0.09467067475888896,True,exact_final,1315
13,prashx,7,15,1.4216004546573027,False,conservative_upper_bound,160
13,prashx,7,30,1.0290287310945812,False,conservative_upper_bound,193
13,prashx,7,60,0.5419398795351298,False,conservative_upper_bound,247
13,prashx,7,120,0.3109162804103114,False,conservative_upper_bound,379
13,prashx,7,180,-0.10407407277479443,False,conservative_upper_bound,534
13,prashx,7,240,-0.2529828916721001,True,exact_final,1278
13,prashx,8,15,0.42431945891190254,False,conservative_upper_bound,83
13,prashx,8,30,0.42431945891190254,False,conservative_upper_bound,83
13,prashx,8,60,0.42377114448343167,False,conservative_upper_bound,87
13,prashx,8,120,0.4226369380291439,False,conservative_upper_bound,106
13,prashx,8,180,0.42260810649990765,False,conservative_upper_bound,108
13,prashx,8,240,0.4224811972766567,True,exact_final,112
13,prashx,9,15,1.0798210142257774,False,conservative_upper_bound,113
13,prashx,9,30,0.8822126473752928,False,conservative_upper_bound,159
13,prashx,9,60,0.8110659069357377,False,conservative_upper_bound,213
13,prashx,9,120,0.45921930305041,False,conservative_upper_bound,374
13,prashx,9,180,0.3881405625496251,False,conservative_upper_bound,416
13,prashx,9,240,0.2751425199135328,True,exact_final,587
13,prashx,10,15,0.5809793171998522,False,conservative_upper_bound,161
13,prashx,10,30,0.5765684570218735,False,conservative_upper_bound,164
13,prashx,10,60,0.49119893279738935,False,conservative_upper_bound,238
13,prashx,10,120,0.3720288403282983,False,conservative_upper_bound,318
13,prashx,10,180,0.31210412504521595,False,conservative_upper_bound,356
13,prashx,10,240,0.2951697210295126,True,exact_final,377
14,askii,1,15,0.038699174449352086,False,conservative_upper_bound,59
14,askii,1,30,-0.12076085448996095,False,conservative_upper_bound,67
14,askii,1,60,-0.1913356181333495,False,conservative_upper_bound,73
14,askii,1,120,-0.2318766803330102,False,conservative_upper_bound,77
14,askii,1,180,-0.25218056735913036,False,conservative_upper_bound,85
14,askii,1,240,-0.26594514761137794,True,exact_final,89
14,askii,2,15,0.42849550369283235,False,conservative_upper_bound,45
14,askii,2,30,0.425681037792005,False,conservative_upper_bound,47
14,askii,2,60,0.4239571940930288,False,conservative_upper_bound,50
14,askii,2,120,0.4225069902153878,True,exact_final_best_already_reached,54
14,askii,2,180,0.4225069902153878,True,exact_final_best_already_reached,54
14,askii,2,240,0.4225069902153878,True,exact_final,54
14,askii,3,15,0.13976663324392047,False,conservative_upper_bound,57
14,askii,3,30,0.09689055109492298,False,conservative_upper_bound,70
14,askii,3,60,0.05645488885143457,False,conservative_upper_bound,105
14,askii,3,120,0.05360628591028792,False,conservative_upper_bound,110
14,askii,3,180,0.05082592106978737,False,conservative_upper_bound,117
14,askii,3,240,0.04884426250117174,True,exact_final,119
14,askii,4,15,0.25892281745498563,False,conservative_upper_bound,105
14,askii,4,30,0.19002533236507965,False,conservative_upper_bound,120
14,askii,4,60,0.1701414713697405,False,conservative_upper_bound,131
14,askii,4,120,0.16959807192121937,False,conservative_upper_bound,132
14,askii,4,180,0.16679822081346352,False,conservative_upper_bound,134
14,askii,4,240,0.16482305694733357,True,exact_final,136
14,askii,5,15,0.41952297989997195,False,conservative_upper_bound,66
14,askii,5,30,0.4160017621868277,False,conservative_upper_bound,69
14,askii,5,60,0.361964319273334,False,conservative_upper_bound,86
14,askii,5,120,0.3536399612669977,False,conservative_upper_bound,96
14,askii,5,180,0.3511860710683743,False,conservative_upper_bound,101
14,askii,5,240,0.3504442778055119,True,exact_final,103
14,askii,6,15,0.22355355936747429,False,conservative_upper_bound,82
14,askii,6,30,0.17195210500199046,False,conservative_upper_bound,100
14,askii,6,60,0.16362105979355065,False,conservative_upper_bound,111
14,askii,6,120,0.1563925362401679,False,conservative_upper_bound,120
14,askii,6,180,0.15615065856278953,False,conservative_upper_bound,122
14,askii,6,240,0.1542327932380464,True,exact_final,129
14,askii,7,15,0.12644748301234698,False,conservative_upper_bound,48
14,askii,7,30,-0.014808513090266508,False,conservative_upper_bound,95
14,askii,7,60,-0.052342661982430067,False,conservative_upper_bound,111
14,askii,7,120,-0.05334846757873659,False,conservative_upper_bound,114
14,askii,7,180,-0.05378064429026841,False,conservative_upper_bound,116
14,askii,7,240,-0.05439974991796678,True,exact_final,117
14,askii,8,15,0.4209110377827183,False,conservative_upper_bound,46
14,askii,8,30,0.40835707828763423,False,conservative_upper_bound,60
14,askii,8,60,0.001540554070140737,False,conservative_upper_bound,135
14,askii,8,120,-0.016540163473290643,False,conservative_upper_bound,153
14,askii,8,180,-0.022333633634976896,False,conservative_upper_bound,159
14,askii,8,240,-0.025318504434685876,True,exact_final,167
14,askii,9,15,0.41336700295054857,False,conservative_upper_bound,34
14,askii,9,30,0.41336700295054857,False,conservative_upper_bound,34
14,askii,9,60,0.41336700295054857,False,conservative_upper_bound,34
14,askii,9,120,0.3292685271667557,False,conservative_upper_bound,48
14,askii,9,180,0.29161598098846697,True,exact_final_best_already_reached,58
14,askii,9,240,0.29161598098846697,True,exact_final,58
14,askii,10,15,0.41258233463008487,False,conservative_upper_bound,39
14,askii,10,30,0.41247239600569374,False,conservative_upper_bound,41
14,askii,10,60,0.34982440213240706,False,conservative_upper_bound,76
14,askii,10,120,0.28337144173131656,False,conservative_upper_bound,106
14,askii,10,180,0.2818998022884484,True,exact_final_best_already_reached,107
14,askii,10,240,0.2818998022884484,True,exact_final,107
15,miscusi,1,15,0.4030332266368316,False,conservative_upper_bound,145
15,miscusi,1,30,0.35352655917481807,False,conservative_upper_bound,188
15,miscusi,1,60,0.09671155284394345,False,conservative_upper_bound,264
15,miscusi,1,120,-0.08436022539212781,False,conservative_upper_bound,767
15,miscusi,1,180,-0.09187075646518976,False,conservative_upper_bound,1105
15,miscusi,1,240,-0.17025624450818788,True,exact_final,1341
15,miscusi,2,15,0.42298071219473726,False,conservative_upper_bound,46
15,miscusi,2,30,0.4211506313067375,False,conservative_upper_bound,54
15,miscusi,2,60,0.20663622109251983,False,conservative_upper_bound,201
15,miscusi,2,120,0.19332597633606052,False,conservative_upper_bound,839
15,miscusi,2,180,0.1912316683547609,False,conservative_upper_bound,1334
15,miscusi,2,240,0.1843804598532819,True,exact_final,1965
15,miscusi,3,15,0.31820701450858957,False,conservative_upper_bound,94
15,miscusi,3,30,0.31229260249910407,False,conservative_upper_bound,121
15,miscusi,3,60,0.31229260249910407,False,conservative_upper_bound,121
15,miscusi,3,120,0.3120230999121228,False,conservative_upper_bound,173
15,miscusi,3,180,0.22635921278486193,False,conservative_upper_bound,454
15,miscusi,3,240,0.21492902059729335,True,exact_final,1312
15,miscusi,4,15,0.44225168416779603,False,conservative_upper_bound,40
15,miscusi,4,30,0.36330757786691065,False,conservative_upper_bound,121
15,miscusi,4,60,0.17977376188151098,False,conservative_upper_bound,234
15,miscusi,4,120,0.16975293816121048,False,conservative_upper_bound,473
15,miscusi,4,180,0.16363573340082554,False,conservative_upper_bound,690
15,miscusi,4,240,0.1589359336760753,True,exact_final,928
15,miscusi,5,15,0.4224316416467546,False,conservative_upper_bound,35
15,miscusi,5,30,0.4222679798682002,False,conservative_upper_bound,36
15,miscusi,5,60,0.3225320832365813,False,conservative_upper_bound,97
15,miscusi,5,120,0.30424295175043525,False,conservative_upper_bound,483
15,miscusi,5,180,0.2954085980673575,False,conservative_upper_bound,1014
15,miscusi,5,240,0.19730056190840006,True,exact_final,1425
15,miscusi,6,15,0.4249685790609236,False,conservative_upper_bound,75
15,miscusi,6,30,0.21564464689385587,False,conservative_upper_bound,132
15,miscusi,6,60,0.1338059848614896,False,conservative_upper_bound,229
15,miscusi,6,120,0.13162586020333827,False,conservative_upper_bound,398
15,miscusi,6,180,0.11730813725675639,False,conservative_upper_bound,801
15,miscusi,6,240,0.08030970102322091,True,exact_final,1249
15,miscusi,7,15,0.45215631733502365,False,conservative_upper_bound,230
15,miscusi,7,30,0.42712658874290604,False,conservative_upper_bound,289
15,miscusi,7,60,0.41874970058745514,False,conservative_upper_bound,338
15,miscusi,7,120,0.07209322062174976,False,conservative_upper_bound,619
15,miscusi,7,180,-0.09844015038031102,False,conservative_upper_bound,986
15,miscusi,7,240,-0.12791083750316942,True,exact_final,1192
15,miscusi,8,15,0.4851118585432105,False,conservative_upper_bound,176
15,miscusi,8,30,0.4119671566368832,False,conservative_upper_bound,283
15,miscusi,8,60,0.3687332649004776,False,conservative_upper_bound,304
15,miscusi,8,120,0.3374354353589685,False,conservative_upper_bound,570
15,miscusi,8,180,0.273660722464653,False,conservative_upper_bound,824
15,miscusi,8,240,0.27107515297428164,True,exact_final,889
15,miscusi,9,15,0.4356285838127377,False,conservative_upper_bound,99
15,miscusi,9,30,0.35780444995119803,False,conservative_upper_bound,152
15,miscusi,9,60,0.3551631508776653,False,conservative_upper_bound,162
15,miscusi,9,120,0.3547914099262623,False,conservative_upper_bound,217
15,miscusi,9,180,0.3543479770511406,False,conservative_upper_bound,259
15,miscusi,9,240,0.3539121694596743,True,exact_final,273
15,miscusi,10,15,0.41871262307420637,False,conservative_upper_bound,86
15,miscusi,10,30,0.41871262307420637,False,conservative_upper_bound,86
15,miscusi,10,60,0.39272756407358744,False,conservative_upper_bound,147
15,miscusi,10,120,0.36453143684445877,False,conservative_upper_bound,443
15,miscusi,10,180,0.3622241669899877,False,conservative_upper_bound,654
15,miscusi,10,240,0.352610469651096,True,exact_final,921
16,jackqiu,1,15,0.3646692214955516,False,conservative_upper_bound,63
16,jackqiu,1,30,0.361547160527466,False,conservative_upper_bound,66
16,jackqiu,1,60,0.36025386812831095,False,conservative_upper_bound,68
16,jackqiu,1,120,0.36025386812831095,False,conservative_upper_bound,68
16,jackqiu,1,180,0.35736213818763135,False,conservative_upper_bound,80
16,jackqiu,1,240,0.30039291907904303,True,exact_final,242
16,jackqiu,2,15,0.42189034037298556,False,conservative_upper_bound,35
16,jackqiu,2,30,0.4122055496956196,False,conservative_upper_bound,42
16,jackqiu,2,60,0.342512988246667,False,conservative_upper_bound,54
16,jackqiu,2,120,0.31134285012752183,False,conservative_upper_bound,64
16,jackqiu,2,180,0.2560786150554298,False,conservative_upper_bound,92
16,jackqiu,2,240,0.19991462971522253,True,exact_final,406
16,jackqiu,3,15,0.31334691108900564,False,conservative_upper_bound,76
16,jackqiu,3,30,0.21873142459853065,False,conservative_upper_bound,97
16,jackqiu,3,60,0.15088417611042612,False,conservative_upper_bound,110
16,jackqiu,3,120,0.12599080659549894,False,conservative_upper_bound,118
16,jackqiu,3,180,0.08779039674990419,False,conservative_upper_bound,138
16,jackqiu,3,240,0.06481893079302656,True,exact_final,273
16,jackqiu,4,15,0.1865361240366293,False,conservative_upper_bound,55
16,jackqiu,4,30,0.1830664229339343,False,conservative_upper_bound,57
16,jackqiu,4,60,0.1794752671923078,False,conservative_upper_bound,60
16,jackqiu,4,120,0.1760430362573533,False,conservative_upper_bound,62
16,jackqiu,4,180,0.1480383222808573,False,conservative_upper_bound,85
16,jackqiu,4,240,0.0949266439751694,True,exact_final,246
16,jackqiu,5,15,0.3684831584393335,False,conservative_upper_bound,37
16,jackqiu,5,30,0.3588184670990085,False,conservative_upper_bound,41
16,jackqiu,5,60,0.3380868503193342,False,conservative_upper_bound,45
16,jackqiu,5,120,0.3311003747547954,False,conservative_upper_bound,53
16,jackqiu,5,180,0.31291057377864634,False,conservative_upper_bound,73
16,jackqiu,5,240,0.29456641908631215,True,exact_final,147
16,jackqiu,6,15,0.3542217723945501,False,conservative_upper_bound,44
16,jackqiu,6,30,0.3404992985596009,False,conservative_upper_bound,48
16,jackqiu,6,60,0.31792950658158026,False,conservative_upper_bound,58
16,jackqiu,6,120,0.27032477288879264,False,conservative_upper_bound,76
16,jackqiu,6,180,0.03544548632016289,False,conservative_upper_bound,167
16,jackqiu,6,240,0.014577646814127987,True,exact_final,313
16,jackqiu,7,15,0.33313146415320566,False,conservative_upper_bound,93
16,jackqiu,7,30,0.28193684460322255,False,conservative_upper_bound,105
16,jackqiu,7,60,0.19570379342088196,False,conservative_upper_bound,132
16,jackqiu,7,120,0.18428573006468793,False,conservative_upper_bound,137
16,jackqiu,7,180,0.1606308743574125,False,conservative_upper_bound,161
16,jackqiu,7,240,0.15511494160267772,True,exact_final,227
16,jackqiu,8,15,0.23057444165469831,False,conservative_upper_bound,81
16,jackqiu,8,30,0.1938013193815588,False,conservative_upper_bound,95
16,jackqiu,8,60,0.18496655788593486,False,conservative_upper_bound,100
16,jackqiu,8,120,0.18113975730146642,False,conservative_upper_bound,102
16,jackqiu,8,180,0.16556943167777025,False,conservative_upper_bound,134
16,jackqiu,8,240,0.15490451899747118,True,exact_final,329
16,jackqiu,9,15,0.42632525490131584,False,conservative_upper_bound,39
16,jackqiu,9,30,0.4156682419058976,False,conservative_upper_bound,43
16,jackqiu,9,60,0.2193342400103436,False,conservative_upper_bound,88
16,jackqiu,9,120,0.201387626456319,False,conservative_upper_bound,97
16,jackqiu,9,180,0.1696538655862272,False,conservative_upper_bound,145
16,jackqiu,9,240,0.13640104811434425,True,exact_final,682
16,jackqiu,10,15,0.42693787941116723,False,conservative_upper_bound,53
16,jackqiu,10,30,0.42138822679973176,False,conservative_upper_bound,56
16,jackqiu,10,60,0.4165579626745182,False,conservative_upper_bound,58
16,jackqiu,10,120,0.36969090673524263,False,conservative_upper_bound,62
16,jackqiu,10,180,0.3583661181844668,False,conservative_upper_bound,70
16,jackqiu,10,240,0.3522084402802868,True,exact_final,103
17,s_boehler,1,15,0.5033796749383228,False,conservative_upper_bound,46
17,s_boehler,1,30,0.490019337682674,False,conservative_upper_bound,52
17,s_boehler,1,60,0.4796037450341732,False,conservative_upper_bound,55
17,s_boehler,1,120,0.35075448704705653,False,conservative_upper_bound,128
17,s_boehler,1,180,0.33804207797859975,False,conservative_upper_bound,143
17,s_boehler,1,240,0.3324574667081948,True,exact_final,158
17,s_boehler,2,15,0.6041341642105573,False,conservative_upper_bound,61
17,s_boehler,2,30,0.5508938476554631,False,conservative_upper_bound,70
17,s_boehler,2,60,0.45421179982134446,False,conservative_upper_bound,83
17,s_boehler,2,120,0.43095868644790647,False,conservative_upper_bound,94
17,s_boehler,2,180,0.38683241258058315,False,conservative_upper_bound,104
17,s_boehler,2,240,0.2732721845294502,True,exact_final,136
17,s_boehler,3,15,0.567836425742931,False,conservative_upper_bound,57
17,s_boehler,3,30,0.448870012668765,False,conservative_upper_bound,63
17,s_boehler,3,60,0.42301166918003213,False,conservative_upper_bound,72
17,s_boehler,3,120,0.41601700553336357,False,conservative_upper_bound,76
17,s_boehler,3,180,0.35275739586457433,False,conservative_upper_bound,112
17,s_boehler,3,240,0.3429553584231792,True,exact_final,134
17,s_boehler,4,15,0.5448370147176308,False,conservative_upper_bound,26
17,s_boehler,4,30,0.4801165716708418,False,conservative_upper_bound,39
17,s_boehler,4,60,0.46196900675795016,False,conservative_upper_bound,43
17,s_boehler,4,120,0.41472846140097547,False,conservative_upper_bound,71
17,s_boehler,4,180,0.35658015802793563,False,conservative_upper_bound,90
17,s_boehler,4,240,0.33432938079535957,True,exact_final,141
17,s_boehler,5,15,0.49265489955122593,False,conservative_upper_bound,45
17,s_boehler,5,30,0.46256357980775037,False,conservative_upper_bound,48
17,s_boehler,5,60,0.4472770524773159,False,conservative_upper_bound,54
17,s_boehler,5,120,0.43025816559221775,False,conservative_upper_bound,60
17,s_boehler,5,180,0.4155409536214647,False,conservative_upper_bound,74
17,s_boehler,5,240,0.40969784223955685,True,exact_final,92
17,s_boehler,6,15,0.2972540305148137,False,conservative_upper_bound,44
17,s_boehler,6,30,0.18382170298240957,False,conservative_upper_bound,61
17,s_boehler,6,60,-0.20888398690032148,False,conservative_upper_bound,113
17,s_boehler,6,120,-0.2477487078171458,False,conservative_upper_bound,124
17,s_boehler,6,180,-0.2839949556414171,False,conservative_upper_bound,133
17,s_boehler,6,240,-0.3148308768270186,True,exact_final,148
17,s_boehler,7,15,0.533637112994984,False,conservative_upper_bound,45
17,s_boehler,7,30,0.5136189555498409,False,conservative_upper_bound,47
17,s_boehler,7,60,0.49400834109120495,False,conservative_upper_bound,53
17,s_boehler,7,120,0.36121570968925343,False,conservative_upper_bound,72
17,s_boehler,7,180,0.17577160148274146,False,conservative_upper_bound,100
17,s_boehler,7,240,0.1637711569099326,True,exact_final,117
17,s_boehler,8,15,0.44278099853084824,False,conservative_upper_bound,87
17,s_boehler,8,30,0.4253072661616414,False,conservative_upper_bound,94
17,s_boehler,8,60,0.4195746043405042,False,conservative_upper_bound,100
17,s_boehler,8,120,0.34381879532859994,False,conservative_upper_bound,120
17,s_boehler,8,180,0.28621643422095927,False,conservative_upper_bound,143
17,s_boehler,8,240,0.25167315305418514,True,exact_final,174
17,s_boehler,9,15,0.5477013814081285,False,conservative_upper_bound,56
17,s_boehler,9,30,0.5275984401924534,False,conservative_upper_bound,64
17,s_boehler,9,60,0.5171546464637483,False,conservative_upper_bound,67
17,s_boehler,9,120,0.32403349954619076,False,conservative_upper_bound,90
17,s_boehler,9,180,-0.06802170450548911,False,conservative_upper_bound,112
17,s_boehler,9,240,-0.19812058744257535,True,exact_final,130
17,s_boehler,10,15,0.4190140632843456,False,conservative_upper_bound,64
17,s_boehler,10,30,0.41523087425220084,False,conservative_upper_bound,65
17,s_boehler,10,60,0.4135716122080993,False,conservative_upper_bound,68
17,s_boehler,10,120,0.28910960123009,False,conservative_upper_bound,81
17,s_boehler,10,180,0.23151882372683483,False,conservative_upper_bound,90
17,s_boehler,10,240,0.1969362590501507,True,exact_final,115
18,gun-py,1,15,0.5584189291259718,False,conservative_upper_bound,72
18,gun-py,1,30,0.4398664439605935,False,conservative_upper_bound,96
18,gun-py,1,60,0.4292734546058224,False,conservative_upper_bound,101
18,gun-py,1,120,0.34414968267282803,False,conservative_upper_bound,129
18,gun-py,1,180,0.3140298558495264,True,exact_final_best_already_reached,134
18,gun-py,1,240,0.3140298558495264,True,exact_final,134
18,gun-py,2,15,0.9870020084849109,False,conservative_upper_bound,92
18,gun-py,2,30,0.46870442107662913,False,conservative_upper_bound,139
18,gun-py,2,60,0.3871503262653447,False,conservative_upper_bound,167
18,gun-py,2,120,0.3342562898500778,True,exact_final_best_already_reached,196
18,gun-py,2,180,0.3342562898500778,True,exact_final_best_already_reached,196
18,gun-py,2,240,0.3342562898500778,True,exact_final,196
18,gun-py,3,15,0.39348974690148836,False,conservative_upper_bound,51
18,gun-py,3,30,0.3739769992119302,False,conservative_upper_bound,58
18,gun-py,3,60,0.28714096606214506,False,conservative_upper_bound,72
18,gun-py,3,120,0.21139361337065604,False,conservative_upper_bound,97
18,gun-py,3,180,0.19546848225227392,False,conservative_upper_bound,106
18,gun-py,3,240,0.18877200732486882,True,exact_final,114
18,gun-py,4,15,0.37369632289331434,False,conservative_upper_bound,56
18,gun-py,4,30,0.3690555908825624,False,conservative_upper_bound,60
18,gun-py,4,60,0.36891191390432754,False,conservative_upper_bound,62
18,gun-py,4,120,0.36586876022944537,False,conservative_upper_bound,68
18,gun-py,4,180,0.29633357828181744,False,conservative_upper_bound,87
18,gun-py,4,240,0.2338333755702078,True,exact_final,112
18,gun-py,5,15,0.4323413763941661,False,conservative_upper_bound,97
18,gun-py,5,30,0.3825179350796101,False,conservative_upper_bound,112
18,gun-py,5,60,0.23784358295672314,False,conservative_upper_bound,139
18,gun-py,5,120,0.1529710969973615,False,conservative_upper_bound,198
18,gun-py,5,180,0.14625491249551847,False,conservative_upper_bound,208
18,gun-py,5,240,0.141458884042748,True,exact_final,215
18,gun-py,6,15,0.2677889758956235,False,conservative_upper_bound,54
18,gun-py,6,30,0.22004352795381316,False,conservative_upper_bound,65
18,gun-py,6,60,0.2024492164061574,False,conservative_upper_bound,70
18,gun-py,6,120,0.062038560858843586,False,conservative_upper_bound,106
18,gun-py,6,180,0.019552079540993663,False,conservative_upper_bound,117
18,gun-py,6,240,0.004902576298947877,True,exact_final,123
18,gun-py,7,15,0.4321826291364761,False,conservative_upper_bound,47
18,gun-py,7,30,0.022938969480642328,False,conservative_upper_bound,68
18,gun-py,7,60,-0.04179523371233255,False,conservative_upper_bound,79
18,gun-py,7,120,-0.09877877594986742,False,conservative_upper_bound,87
18,gun-py,7,180,-0.11232353044390163,False,conservative_upper_bound,97
18,gun-py,7,240,-0.1495157726414553,True,exact_final,108
18,gun-py,8,15,0.5222112358241503,False,conservative_upper_bound,35
18,gun-py,8,30,0.48234145533422684,False,conservative_upper_bound,41
18,gun-py,8,60,0.43884349248716936,False,conservative_upper_bound,51
18,gun-py,8,120,0.39990680220778685,False,conservative_upper_bound,59
18,gun-py,8,180,0.39990680220778685,False,conservative_upper_bound,59
18,gun-py,8,240,0.38281785660894857,True,exact_final,76
18,gun-py,9,15,0.5205439442111502,False,conservative_upper_bound,33
18,gun-py,9,30,0.45983746055178976,False,conservative_upper_bound,59
18,gun-py,9,60,0.42848310570489406,False,conservative_upper_bound,89
18,gun-py,9,120,0.4132036648432229,False,conservative_upper_bound,91
18,gun-py,9,180,0.40756073907826745,False,conservative_upper_bound,103
18,gun-py,9,240,0.40424550644491775,True,exact_final,113
18,gun-py,10,15,0.5041510347071034,False,conservative_upper_bound,111
18,gun-py,10,30,0.4631849897628016,False,conservative_upper_bound,118
18,gun-py,10,60,0.4384347611984559,False,conservative_upper_bound,124
18,gun-py,10,120,0.323473539277656,False,conservative_upper_bound,162
18,gun-py,10,180,0.30443824279175924,False,conservative_upper_bound,176
18,gun-py,10,240,0.17669301651889957,True,exact_final,227
19,sjyun,1,15,0.6336016728732764,False,conservative_upper_bound,69
19,sjyun,1,30,0.5409189411759571,False,conservative_upper_bound,72
19,sjyun,1,60,0.41748194325156657,False,conservative_upper_bound,120
19,sjyun,1,120,0.3302412101809934,True,exact_final_best_already_reached,148
19,sjyun,1,180,0.3302412101809934,True,exact_final_best_already_reached,148
19,sjyun,1,240,0.3302412101809934,True,exact_final,148
19,sjyun,2,15,0.8148949392911102,False,conservative_upper_bound,42
19,sjyun,2,30,0.6949570283613767,False,conservative_upper_bound,48
19,sjyun,2,60,0.40825152030267275,True,exact_final_best_already_reached,109
19,sjyun,2,120,0.40825152030267275,True,exact_final_best_already_reached,109
19,sjyun,2,180,0.40825152030267275,True,exact_final_best_already_reached,109
19,sjyun,2,240,0.40825152030267275,True,exact_final,109
19,sjyun,3,15,0.651268372055963,False,conservative_upper_bound,84
19,sjyun,3,30,0.651268372055963,False,conservative_upper_bound,84
19,sjyun,3,60,0.1745044958226603,True,exact_final_best_already_reached,160
19,sjyun,3,120,0.1745044958226603,True,exact_final_best_already_reached,160
19,sjyun,3,180,0.1745044958226603,True,exact_final_best_already_reached,160
19,sjyun,3,240,0.1745044958226603,True,exact_final,160
19,sjyun,4,15,0.6817613172537956,False,conservative_upper_bound,74
19,sjyun,4,30,0.5600546732658346,False,conservative_upper_bound,88
19,sjyun,4,60,-0.06502486946893096,True,exact_final_best_already_reached,169
19,sjyun,4,120,-0.06502486946893096,True,exact_final_best_already_reached,169
19,sjyun,4,180,-0.06502486946893096,True,exact_final_best_already_reached,169
19,sjyun,4,240,-0.06502486946893096,True,exact_final,169
19,sjyun,5,15,0.8688500641698141,False,conservative_upper_bound,70
19,sjyun,5,30,0.7031806158612898,False,conservative_upper_bound,77
19,sjyun,5,60,0.32716440642109135,True,exact_final_best_already_reached,158
19,sjyun,5,120,0.32716440642109135,True,exact_final_best_already_reached,158
19,sjyun,5,180,0.32716440642109135,True,exact_final_best_already_reached,158
19,sjyun,5,240,0.32716440642109135,True,exact_final,158
19,sjyun,6,15,0.6558055426915302,False,conservative_upper_bound,72
19,sjyun,6,30,0.5064846737179477,False,conservative_upper_bound,79
19,sjyun,6,60,0.41220278443734276,False,conservative_upper_bound,132
19,sjyun,6,120,0.18577986673436597,True,exact_final_best_already_reached,203
19,sjyun,6,180,0.18577986673436597,True,exact_final_best_already_reached,203
19,sjyun,6,240,0.18577986673436597,True,exact_final,203
19,sjyun,7,15,0.5915569164100608,False,conservative_upper_bound,88
19,sjyun,7,30,0.5782062536767398,False,conservative_upper_bound,89
19,sjyun,7,60,0.404681028915368,False,conservative_upper_bound,140
19,sjyun,7,120,0.17987424758429463,True,exact_final_best_already_reached,219
19,sjyun,7,180,0.17987424758429463,True,exact_final_best_already_reached,219
19,sjyun,7,240,0.17987424758429463,True,exact_final,219
19,sjyun,8,15,0.6833376504140145,False,conservative_upper_bound,65
19,sjyun,8,30,0.49582481679477197,False,conservative_upper_bound,79
19,sjyun,8,60,0.31779534379140795,False,conservative_upper_bound,177
19,sjyun,8,120,0.1678681646909562,True,exact_final_best_already_reached,229
19,sjyun,8,180,0.1678681646909562,True,exact_final_best_already_reached,229
19,sjyun,8,240,0.1678681646909562,True,exact_final,229
19,sjyun,9,15,0.5488694020086494,False,conservative_upper_bound,86
19,sjyun,9,30,0.5488694020086494,False,conservative_upper_bound,86
19,sjyun,9,60,0.18818633283657962,False,conservative_upper_bound,157
19,sjyun,9,120,0.16177613285856474,True,exact_final_best_already_reached,186
19,sjyun,9,180,0.16177613285856474,True,exact_final_best_already_reached,186
19,sjyun,9,240,0.16177613285856474,True,exact_final,186
19,sjyun,10,15,0.6354000320776827,False,conservative_upper_bound,86
19,sjyun,10,30,0.6354000320776827,False,conservative_upper_bound,86
19,sjyun,10,60,0.4156737977551917,False,conservative_upper_bound,134
19,sjyun,10,120,0.410658298026362,False,conservative_upper_bound,142
19,sjyun,10,180,0.38949585972635953,False,conservative_upper_bound,151
19,sjyun,10,240,0.33947946037829285,True,exact_final,190
20,ibarapascal,1,15,0.43977209878908385,False,conservative_upper_bound,62
20,ibarapascal,1,30,0.36158716555710924,False,conservative_upper_bound,79
20,ibarapascal,1,60,0.3565018451279443,False,conservative_upper_bound,83
20,ibarapascal,1,120,0.26261199553066233,False,conservative_upper_bound,571
20,ibarapascal,1,180,0.24267195915883022,False,conservative_upper_bound,773
20,ibarapascal,1,240,0.23605482922274212,True,exact_final,800
20,ibarapascal,2,15,0.48162142310928446,False,conservative_upper_bound,38
20,ibarapascal,2,30,0.44326024860853325,False,conservative_upper_bound,47
20,ibarapascal,2,60,0.425571206941803,False,conservative_upper_bound,52
20,ibarapascal,2,120,0.41239284877592625,False,conservative_upper_bound,216
20,ibarapascal,2,180,0.4093559801513409,False,conservative_upper_bound,439
20,ibarapascal,2,240,0.4085731840133849,True,exact_final,637
20,ibarapascal,3,15,0.33754619288570753,False,conservative_upper_bound,59
20,ibarapascal,3,30,0.334001631915958,False,conservative_upper_bound,64
20,ibarapascal,3,60,0.3312140403471772,False,conservative_upper_bound,66
20,ibarapascal,3,120,0.32966938410583363,False,conservative_upper_bound,328
20,ibarapascal,3,180,0.2853862029601738,False,conservative_upper_bound,401
20,ibarapascal,3,240,0.2424070776940919,True,exact_final,629
20,ibarapascal,4,15,0.3032172863141753,False,conservative_upper_bound,45
20,ibarapascal,4,30,0.2536053637128783,False,conservative_upper_bound,53
20,ibarapascal,4,60,0.22309179524125725,False,conservative_upper_bound,59
20,ibarapascal,4,120,0.20911941331705886,False,conservative_upper_bound,208
20,ibarapascal,4,180,0.17810819520081675,False,conservative_upper_bound,299
20,ibarapascal,4,240,0.16935265377355355,True,exact_final,344
20,ibarapascal,5,15,0.42916253270419163,False,conservative_upper_bound,58
20,ibarapascal,5,30,0.4163270169681191,False,conservative_upper_bound,60
20,ibarapascal,5,60,0.3924807893709703,False,conservative_upper_bound,62
20,ibarapascal,5,120,0.27690606251056205,False,conservative_upper_bound,353
20,ibarapascal,5,180,0.2370801981127817,False,conservative_upper_bound,450
20,ibarapascal,5,240,0.2285807738253298,True,exact_final,533
20,ibarapascal,6,15,0.2906226751443603,False,conservative_upper_bound,58
20,ibarapascal,6,30,0.2178537039057995,False,conservative_upper_bound,68
20,ibarapascal,6,60,0.2178537039057995,False,conservative_upper_bound,68
20,ibarapascal,6,120,0.18120378546058746,False,conservative_upper_bound,378
20,ibarapascal,6,180,0.16526430965691521,False,conservative_upper_bound,577
20,ibarapascal,6,240,0.15974914300729914,True,exact_final,643
20,ibarapascal,7,15,0.4370061480473359,False,conservative_upper_bound,92
20,ibarapascal,7,30,0.4273770834263765,False,conservative_upper_bound,104
20,ibarapascal,7,60,0.39552687247024226,False,conservative_upper_bound,108
20,ibarapascal,7,120,0.17575737206394546,False,conservative_upper_bound,407
20,ibarapascal,7,180,0.1648740978073564,False,conservative_upper_bound,451
20,ibarapascal,7,240,0.1618195468952222,True,exact_final,495
20,ibarapascal,8,15,0.4982773030967784,False,conservative_upper_bound,63
20,ibarapascal,8,30,0.34665390995351686,False,conservative_upper_bound,78
20,ibarapascal,8,60,0.2098190046742879,False,conservative_upper_bound,92
20,ibarapascal,8,120,0.11431249759591706,False,conservative_upper_bound,184
20,ibarapascal,8,180,-0.012322692308402246,False,conservative_upper_bound,260
20,ibarapascal,8,240,-0.02143750255324025,True,exact_final,280
20,ibarapascal,9,15,0.3362464644971985,False,conservative_upper_bound,44
20,ibarapascal,9,30,0.3362464644971985,False,conservative_upper_bound,44
20,ibarapascal,9,60,0.3362464644971985,False,conservative_upper_bound,44
20,ibarapascal,9,120,0.31941635255240713,False,conservative_upper_bound,55
20,ibarapascal,9,180,0.2932742063061217,False,conservative_upper_bound,150
20,ibarapascal,9,240,0.28512981260955306,True,exact_final,171
20,ibarapascal,10,15,0.4441661481872285,False,conservative_upper_bound,106
20,ibarapascal,10,30,0.42396235838299356,False,conservative_upper_bound,115
20,ibarapascal,10,60,0.36899004319824136,False,conservative_upper_bound,134
20,ibarapascal,10,120,0.3658048360195997,False,conservative_upper_bound,138
20,ibarapascal,10,180,0.3552898690383748,False,conservative_upper_bound,476
20,ibarapascal,10,240,0.3530166990298338,True,exact_final,526
21,melodyyy22,1,15,0.5163794067483747,False,conservative_upper_bound,73
21,melodyyy22,1,30,0.45381360894456835,False,conservative_upper_bound,81
21,melodyyy22,1,60,0.39277719306848907,False,conservative_upper_bound,93
21,melodyyy22,1,120,0.34306476926285656,False,conservative_upper_bound,124
21,melodyyy22,1,180,0.30918948705457816,False,conservative_upper_bound,147
21,melodyyy22,1,240,0.2813967402295426,True,exact_final,359
21,melodyyy22,2,15,0.881949617867088,False,conservative_upper_bound,105
21,melodyyy22,2,30,0.653317931719491,False,conservative_upper_bound,119
21,melodyyy22,2,60,0.45831498266641363,False,conservative_upper_bound,139
21,melodyyy22,2,120,0.42866258059954204,False,conservative_upper_bound,153
21,melodyyy22,2,180,0.3907582398463327,False,conservative_upper_bound,185
21,melodyyy22,2,240,0.38292973627362825,True,exact_final,198
21,melodyyy22,3,15,0.3855889971704122,False,conservative_upper_bound,50
21,melodyyy22,3,30,0.31203777411732053,False,conservative_upper_bound,63
21,melodyyy22,3,60,0.21448524883538703,False,conservative_upper_bound,86
21,melodyyy22,3,120,0.1907557390088989,False,conservative_upper_bound,106
21,melodyyy22,3,180,0.18400448915484885,False,conservative_upper_bound,120
21,melodyyy22,3,240,0.18133577827653125,True,exact_final,127
21,melodyyy22,4,15,0.37043485204373594,False,conservative_upper_bound,56
21,melodyyy22,4,30,0.36893235688577947,False,conservative_upper_bound,58
21,melodyyy22,4,60,0.3687297174581365,False,conservative_upper_bound,61
21,melodyyy22,4,120,0.36750420153671554,False,conservative_upper_bound,67
21,melodyyy22,4,180,0.3668396931134971,False,conservative_upper_bound,74
21,melodyyy22,4,240,0.3658027506763398,True,exact_final,79
21,melodyyy22,5,15,0.41521016047530546,False,conservative_upper_bound,97
21,melodyyy22,5,30,0.18695985793379744,False,conservative_upper_bound,125
21,melodyyy22,5,60,0.1606956279109507,False,conservative_upper_bound,135
21,melodyyy22,5,120,0.152682654778666,False,conservative_upper_bound,147
21,melodyyy22,5,180,0.1442606398320719,False,conservative_upper_bound,168
21,melodyyy22,5,240,0.1427829148940278,True,exact_final,173
21,melodyyy22,6,15,0.24231527524554128,False,conservative_upper_bound,65
21,melodyyy22,6,30,0.2135548833889323,False,conservative_upper_bound,69
21,melodyyy22,6,60,0.20507708180005912,False,conservative_upper_bound,74
21,melodyyy22,6,120,0.179118950681005,False,conservative_upper_bound,98
21,melodyyy22,6,180,0.17565614602264526,True,exact_final_best_already_reached,105
21,melodyyy22,6,240,0.17565614602264526,True,exact_final,105
21,melodyyy22,7,15,0.43544377246358074,False,conservative_upper_bound,48
21,melodyyy22,7,30,0.03934910340673537,False,conservative_upper_bound,68
21,melodyyy22,7,60,-0.0574343015151961,False,conservative_upper_bound,73
21,melodyyy22,7,120,-0.09695042212891554,False,conservative_upper_bound,93
21,melodyyy22,7,180,-0.22989489237304617,False,conservative_upper_bound,124
21,melodyyy22,7,240,-0.30352449568148465,True,exact_final,140
21,melodyyy22,8,15,0.4963692366786924,False,conservative_upper_bound,41
21,melodyyy22,8,30,0.4355957425202389,False,conservative_upper_bound,52
21,melodyyy22,8,60,0.4279181757821266,False,conservative_upper_bound,59
21,melodyyy22,8,120,0.42226652622673,False,conservative_upper_bound,69
21,melodyyy22,8,180,0.4191018782846793,False,conservative_upper_bound,77
21,melodyyy22,8,240,0.4181478639868284,True,exact_final,80
21,melodyyy22,9,15,0.5109060394159551,False,conservative_upper_bound,40
21,melodyyy22,9,30,0.4611337219561412,False,conservative_upper_bound,70
21,melodyyy22,9,60,0.4449481688257303,False,conservative_upper_bound,91
21,melodyyy22,9,120,0.4359548168511913,False,conservative_upper_bound,115
21,melodyyy22,9,180,0.4278510637786731,False,conservative_upper_bound,140
21,melodyyy22,9,240,0.42022040930607946,True,exact_final,150
21,melodyyy22,10,15,0.5144829334022115,False,conservative_upper_bound,125
21,melodyyy22,10,30,0.4595513949024732,False,conservative_upper_bound,130
21,melodyyy22,10,60,0.40439923679400414,False,conservative_upper_bound,137
21,melodyyy22,10,120,0.259400541211082,False,conservative_upper_bound,165
21,melodyyy22,10,180,0.23982676101729294,True,exact_final_best_already_reached,173
21,melodyyy22,10,240,0.23982676101729294,True,exact_final,173
22,bgkang,1,15,0.5251867280322902,False,conservative_upper_bound,64
22,bgkang,1,30,0.49734181600967986,False,conservative_upper_bound,66
22,bgkang,1,60,0.49734181600967986,False,conservative_upper_bound,66
22,bgkang,1,120,0.35257012432894114,False,conservative_upper_bound,111
22,bgkang,1,180,0.320543918417241,False,conservative_upper_bound,132
22,bgkang,1,240,0.3201295101306285,True,exact_final,133
22,bgkang,2,15,0.7245112886361014,False,conservative_upper_bound,69
22,bgkang,2,30,0.7245112886361014,False,conservative_upper_bound,69
22,bgkang,2,60,0.6593192488328978,False,conservative_upper_bound,71
22,bgkang,2,120,0.2343660932686391,False,conservative_upper_bound,179
22,bgkang,2,180,0.1701187089398561,True,exact_final_best_already_reached,232
22,bgkang,2,240,0.1701187089398561,True,exact_final,232
22,bgkang,3,15,1.079755481106355,False,conservative_upper_bound,50
22,bgkang,3,30,0.6313784368530665,False,conservative_upper_bound,63
22,bgkang,3,60,0.6313784368530665,False,conservative_upper_bound,63
22,bgkang,3,120,0.36786750850845307,False,conservative_upper_bound,107
22,bgkang,3,180,0.35762507224843004,False,conservative_upper_bound,128
22,bgkang,3,240,0.3570606355168222,True,exact_final,130
22,bgkang,4,15,0.715060113824405,False,conservative_upper_bound,63
22,bgkang,4,30,0.565698176005229,False,conservative_upper_bound,76
22,bgkang,4,60,0.5548692647835936,False,conservative_upper_bound,77
22,bgkang,4,120,-0.02356151302188257,False,conservative_upper_bound,171
22,bgkang,4,180,-0.044880446581451794,True,exact_final_best_already_reached,198
22,bgkang,4,240,-0.044880446581451794,True,exact_final,198
22,bgkang,5,15,0.9397378625649435,False,conservative_upper_bound,51
22,bgkang,5,30,0.9397378625649435,False,conservative_upper_bound,51
22,bgkang,5,60,0.7594254911605904,False,conservative_upper_bound,58
22,bgkang,5,120,0.2443563214973108,False,conservative_upper_bound,161
22,bgkang,5,180,0.23111442755533382,False,conservative_upper_bound,193
22,bgkang,5,240,0.22938532689257224,True,exact_final,197
22,bgkang,6,15,0.6364408294512158,False,conservative_upper_bound,65
22,bgkang,6,30,0.5071636512440537,False,conservative_upper_bound,74
22,bgkang,6,60,0.4844090399790169,False,conservative_upper_bound,77
22,bgkang,6,120,0.15777477867293796,False,conservative_upper_bound,152
22,bgkang,6,180,0.14608826804625602,False,conservative_upper_bound,205
22,bgkang,6,240,0.14596871422955007,True,exact_final,205
22,bgkang,7,15,0.6639254223020228,False,conservative_upper_bound,76
22,bgkang,7,30,0.6141974444051621,False,conservative_upper_bound,79
22,bgkang,7,60,0.6141974444051621,False,conservative_upper_bound,79
22,bgkang,7,120,0.40896500598247926,False,conservative_upper_bound,153
22,bgkang,7,180,0.4076421621465373,False,conservative_upper_bound,169
22,bgkang,7,240,0.4076143371776542,True,exact_final,170
22,bgkang,8,15,0.6831564023125927,False,conservative_upper_bound,70
22,bgkang,8,30,0.5630434606586767,False,conservative_upper_bound,77
22,bgkang,8,60,0.5630434606586767,False,conservative_upper_bound,77
22,bgkang,8,120,0.4006678498963014,False,conservative_upper_bound,128
22,bgkang,8,180,0.31552286586378314,False,conservative_upper_bound,232
22,bgkang,8,240,0.31529135977204603,True,exact_final,233
22,bgkang,9,15,0.7049174443528093,False,conservative_upper_bound,63
22,bgkang,9,30,0.6216928678514724,False,conservative_upper_bound,67
22,bgkang,9,60,0.5393591298485798,False,conservative_upper_bound,72
22,bgkang,9,120,0.32976186107345784,False,conservative_upper_bound,122
22,bgkang,9,180,0.31968591344167624,True,exact_final_best_already_reached,135
22,bgkang,9,240,0.31968591344167624,True,exact_final,135
22,bgkang,10,15,0.7478058522524197,False,conservative_upper_bound,89
22,bgkang,10,30,0.588752095446276,False,conservative_upper_bound,93
22,bgkang,10,60,0.588752095446276,False,conservative_upper_bound,93
22,bgkang,10,120,0.1674279458114931,False,conservative_upper_bound,153
22,bgkang,10,180,0.15960549794939244,True,exact_final_best_already_reached,169
22,bgkang,10,240,0.15960549794939244,True,exact_final,169
23,jeetu_sk,1,15,0.4731865522825784,False,conservative_upper_bound,104
23,jeetu_sk,1,30,0.43642975093143177,False,conservative_upper_bound,125
23,jeetu_sk,1,60,0.42776895359037065,False,conservative_upper_bound,133
23,jeetu_sk,1,120,0.423617083651326,False,conservative_upper_bound,136
23,jeetu_sk,1,180,0.421656945864483,False,conservative_upper_bound,140
23,jeetu_sk,1,240,0.4201174272102861,True,exact_final,160
23,jeetu_sk,2,15,1.2030177950233027,False,conservative_upper_bound,66
23,jeetu_sk,2,30,0.7232430577023437,False,conservative_upper_bound,84
23,jeetu_sk,2,60,0.43535848344316136,False,conservative_upper_bound,104
23,jeetu_sk,2,120,0.43238317658201025,False,conservative_upper_bound,109
23,jeetu_sk,2,180,0.4296344394819713,False,conservative_upper_bound,112
23,jeetu_sk,2,240,0.4241041249573093,True,exact_final,187
23,jeetu_sk,3,15,0.7972138196675447,False,conservative_upper_bound,91
23,jeetu_sk,3,30,0.4580282789586084,False,conservative_upper_bound,116
23,jeetu_sk,3,60,0.4120119936595718,False,conservative_upper_bound,139
23,jeetu_sk,3,120,0.4101074698376946,False,conservative_upper_bound,147
23,jeetu_sk,3,180,0.40878082148557,False,conservative_upper_bound,152
23,jeetu_sk,3,240,0.4079108190317365,True,exact_final,168
23,jeetu_sk,4,15,1.7566127707963082,False,conservative_upper_bound,35
23,jeetu_sk,4,30,1.0078118519123904,False,conservative_upper_bound,52
23,jeetu_sk,4,60,0.41584218921465527,False,conservative_upper_bound,74
23,jeetu_sk,4,120,0.399906686626251,False,conservative_upper_bound,80
23,jeetu_sk,4,180,0.3679058871335459,False,conservative_upper_bound,92
23,jeetu_sk,4,240,0.3150186710514918,True,exact_final,174
23,jeetu_sk,5,15,1.092297625834783,False,conservative_upper_bound,73
23,jeetu_sk,5,30,0.8701924282426324,False,conservative_upper_bound,86
23,jeetu_sk,5,60,0.4258624959429062,False,conservative_upper_bound,145
23,jeetu_sk,5,120,0.16091638648287757,False,conservative_upper_bound,196
23,jeetu_sk,5,180,-0.04285387855822506,False,conservative_upper_bound,251
23,jeetu_sk,5,240,-0.18479617759104774,True,exact_final,372
23,jeetu_sk,6,15,0.5526213307197104,False,conservative_upper_bound,91
23,jeetu_sk,6,30,0.38440882906554197,False,conservative_upper_bound,112
23,jeetu_sk,6,60,0.23986229458275488,False,conservative_upper_bound,150
23,jeetu_sk,6,120,0.19544197471008276,False,conservative_upper_bound,180
23,jeetu_sk,6,180,0.1787610707399709,False,conservative_upper_bound,210
23,jeetu_sk,6,240,0.16561743068525636,True,exact_final,308
23,jeetu_sk,7,15,1.1697839395248542,False,conservative_upper_bound,74
23,jeetu_sk,7,30,0.4998457213913056,False,conservative_upper_bound,128
23,jeetu_sk,7,60,0.20964313654310485,False,conservative_upper_bound,162
23,jeetu_sk,7,120,0.18115255956247125,False,conservative_upper_bound,184
23,jeetu_sk,7,180,0.17160764862623484,False,conservative_upper_bound,194
23,jeetu_sk,7,240,0.162778952200308,True,exact_final,266
23,jeetu_sk,8,15,0.5048159348758378,False,conservative_upper_bound,84
23,jeetu_sk,8,30,0.41695859604637475,False,conservative_upper_bound,105
23,jeetu_sk,8,60,0.3494232770523349,False,conservative_upper_bound,124
23,jeetu_sk,8,120,0.327698176118367,False,conservative_upper_bound,139
23,jeetu_sk,8,180,0.3214475667146623,False,conservative_upper_bound,153
23,jeetu_sk,8,240,0.3162251209875211,True,exact_final,203
23,jeetu_sk,9,15,1.6407177018312131,False,conservative_upper_bound,62
23,jeetu_sk,9,30,0.4948925252321624,False,conservative_upper_bound,103
23,jeetu_sk,9,60,0.4193779438072776,False,conservative_upper_bound,136
23,jeetu_sk,9,120,0.41488613099555616,False,conservative_upper_bound,147
23,jeetu_sk,9,180,0.4124394633719095,False,conservative_upper_bound,156
23,jeetu_sk,9,240,0.41087367852366824,True,exact_final,179
23,jeetu_sk,10,15,0.9144654380871012,False,conservative_upper_bound,57
23,jeetu_sk,10,30,0.7787333927787521,False,conservative_upper_bound,65
23,jeetu_sk,10,60,0.4359561292361376,False,conservative_upper_bound,93
23,jeetu_sk,10,120,0.4215907957247023,False,conservative_upper_bound,102
23,jeetu_sk,10,180,0.4136437549236275,False,conservative_upper_bound,108
23,jeetu_sk,10,240,0.1430748996703807,True,exact_final,174
24,seantang,1,15,0.4857280438336229,False,conservative_upper_bound,87
24,seantang,1,30,0.4364866135787637,False,conservative_upper_bound,113
24,seantang,1,60,0.4293904571361128,False,conservative_upper_bound,126
24,seantang,1,120,0.4271573133273071,False,conservative_upper_bound,149
24,seantang,1,180,0.42561732403900576,False,conservative_upper_bound,160
24,seantang,1,240,0.34792236675914884,True,exact_final,336
24,seantang,2,15,0.4306715885092796,False,conservative_upper_bound,78
24,seantang,2,30,0.4285130375051621,False,conservative_upper_bound,81
24,seantang,2,60,0.4225434737993475,False,conservative_upper_bound,106
24,seantang,2,120,0.41096852285562546,False,conservative_upper_bound,156
24,seantang,2,180,0.4100801747156132,False,conservative_upper_bound,160
24,seantang,2,240,0.4089748737926566,True,exact_final,170
24,seantang,3,15,0.43250252522921623,False,conservative_upper_bound,95
24,seantang,3,30,0.4276187483177519,False,conservative_upper_bound,102
24,seantang,3,60,0.3682974044998133,False,conservative_upper_bound,193
24,seantang,3,120,0.19880103977997543,False,conservative_upper_bound,473
24,seantang,3,180,0.17031477932299896,False,conservative_upper_bound,534
24,seantang,3,240,0.16267603160363556,True,exact_final,573
24,seantang,4,15,0.4388049500519355,False,conservative_upper_bound,118
24,seantang,4,30,0.18394840885863445,False,conservative_upper_bound,163
24,seantang,4,60,0.1080211784098074,False,conservative_upper_bound,232
24,seantang,4,120,0.09990279573528461,False,conservative_upper_bound,291
24,seantang,4,180,0.09879544527849392,False,conservative_upper_bound,301
24,seantang,4,240,0.09635399790369004,True,exact_final,315
24,seantang,5,15,0.4439750587850393,False,conservative_upper_bound,67
24,seantang,5,30,0.42350279973969707,False,conservative_upper_bound,81
24,seantang,5,60,0.42183258582362215,False,conservative_upper_bound,84
24,seantang,5,120,0.3964809129062911,False,conservative_upper_bound,120
24,seantang,5,180,0.3539240915131104,False,conservative_upper_bound,208
24,seantang,5,240,0.34798067096495916,True,exact_final,252
24,seantang,6,15,0.4345980405888388,False,conservative_upper_bound,74
24,seantang,6,30,0.40882570940447055,False,conservative_upper_bound,92
24,seantang,6,60,0.3721929010212973,False,conservative_upper_bound,151
24,seantang,6,120,0.19151870657047254,False,conservative_upper_bound,284
24,seantang,6,180,0.15941470988153533,False,conservative_upper_bound,389
24,seantang,6,240,0.15680083830247682,True,exact_final,437
24,seantang,7,15,0.4620062437186044,False,conservative_upper_bound,101
24,seantang,7,30,0.4250642831431172,False,conservative_upper_bound,132
24,seantang,7,60,0.4196551139953253,False,conservative_upper_bound,158
24,seantang,7,120,0.41731529974091996,False,conservative_upper_bound,179
24,seantang,7,180,0.18098997370196945,False,conservative_upper_bound,272
24,seantang,7,240,0.16358991837470058,True,exact_final,334
24,seantang,8,15,0.41436842879573066,False,conservative_upper_bound,79
24,seantang,8,30,0.4111440397290613,False,conservative_upper_bound,90
24,seantang,8,60,0.4106847488033975,False,conservative_upper_bound,94
24,seantang,8,120,0.4106847488033975,False,conservative_upper_bound,94
24,seantang,8,180,0.40963499877448406,False,conservative_upper_bound,105
24,seantang,8,240,0.4085874157817968,True,exact_final,120
24,seantang,9,15,0.5003678703101623,False,conservative_upper_bound,115
24,seantang,9,30,0.4848942517330165,False,conservative_upper_bound,127
24,seantang,9,60,0.39012447913362397,False,conservative_upper_bound,193
24,seantang,9,120,0.2883962865716221,False,conservative_upper_bound,236
24,seantang,9,180,0.2883962865716221,False,conservative_upper_bound,236
24,seantang,9,240,0.2789904208457373,True,exact_final,240
24,seantang,10,15,0.42794303907406717,False,conservative_upper_bound,76
24,seantang,10,30,0.4160079330810675,False,conservative_upper_bound,91
24,seantang,10,60,0.4127026186796604,False,conservative_upper_bound,112
24,seantang,10,120,0.35262057656301893,False,conservative_upper_bound,132
24,seantang,10,180,0.35262057656301893,False,conservative_upper_bound,132
24,seantang,10,240,0.2907577436713343,True,exact_final,186
25,talmansour,1,15,0.6989608411656453,False,conservative_upper_bound,64
25,talmansour,1,30,0.4398985699794213,False,conservative_upper_bound,112
25,talmansour,1,60,0.11304052353909104,False,conservative_upper_bound,161
25,talmansour,1,120,-0.06950358347382504,False,conservative_upper_bound,203
25,talmansour,1,180,-0.07628524285712229,False,conservative_upper_bound,206
25,talmansour,1,240,-0.09286801134232885,True,exact_final,212
25,talmansour,2,15,0.43028576634145327,False,conservative_upper_bound,35
25,talmansour,2,30,0.31814812785973834,False,conservative_upper_bound,38
25,talmansour,2,60,0.2700774655995501,False,conservative_upper_bound,42
25,talmansour,2,120,0.2700774655995501,False,conservative_upper_bound,42
25,talmansour,2,180,0.2366793084579018,True,exact_final_best_already_reached,45
25,talmansour,2,240,0.2366793084579018,True,exact_final,45
25,talmansour,3,15,1.1849593324360712,False,conservative_upper_bound,35
25,talmansour,3,30,0.6444418794045924,False,conservative_upper_bound,63
25,talmansour,3,60,0.4710745108333027,False,conservative_upper_bound,91
25,talmansour,3,120,0.4607767199819861,False,conservative_upper_bound,96
25,talmansour,3,180,0.45391459442286525,True,exact_final_best_already_reached,97
25,talmansour,3,240,0.45391459442286525,True,exact_final,97
25,talmansour,4,15,0.5635610207175151,False,conservative_upper_bound,39
25,talmansour,4,30,0.2713190223727803,False,conservative_upper_bound,71
25,talmansour,4,60,0.17175349973486362,False,conservative_upper_bound,93
25,talmansour,4,120,0.16693644464823792,False,conservative_upper_bound,97
25,talmansour,4,180,0.16312185781535124,True,exact_final_best_already_reached,99
25,talmansour,4,240,0.16312185781535124,True,exact_final,99
25,talmansour,5,15,0.6170839035876663,False,conservative_upper_bound,34
25,talmansour,5,30,0.5038962912757524,False,conservative_upper_bound,56
25,talmansour,5,60,0.49618530899299795,False,conservative_upper_bound,61
25,talmansour,5,120,0.4348712893504844,False,conservative_upper_bound,72
25,talmansour,5,180,0.4321383877231044,False,conservative_upper_bound,74
25,talmansour,5,240,0.42650897373134755,True,exact_final,77
25,talmansour,6,15,0.47957536154274577,False,conservative_upper_bound,96
25,talmansour,6,30,0.3414386190194507,False,conservative_upper_bound,131
25,talmansour,6,60,0.3101661638750858,False,conservative_upper_bound,146
25,talmansour,6,120,0.23897989746210674,False,conservative_upper_bound,168
25,talmansour,6,180,0.21781540949267328,False,conservative_upper_bound,177
25,talmansour,6,240,0.20318487255448148,True,exact_final,182
25,talmansour,7,15,0.8062826249954954,False,conservative_upper_bound,36
25,talmansour,7,30,0.4683702677909484,False,conservative_upper_bound,59
25,talmansour,7,60,0.36792893082485,False,conservative_upper_bound,72
25,talmansour,7,120,0.3593361663593666,False,conservative_upper_bound,74
25,talmansour,7,180,0.33640176350355944,True,exact_final_best_already_reached,79
25,talmansour,7,240,0.33640176350355944,True,exact_final,79
25,talmansour,8,15,0.6083590719119352,False,conservative_upper_bound,76
25,talmansour,8,30,0.45883753606888716,False,conservative_upper_bound,94
25,talmansour,8,60,0.3873845635156368,False,conservative_upper_bound,102
25,talmansour,8,120,0.38251769194276697,False,conservative_upper_bound,106
25,talmansour,8,180,0.36980677611204366,False,conservative_upper_bound,118
25,talmansour,8,240,0.3672234694519208,True,exact_final,122
25,talmansour,9,15,0.5623276430169487,False,conservative_upper_bound,38
25,talmansour,9,30,0.44083584191746944,False,conservative_upper_bound,56
25,talmansour,9,60,0.4260714231434987,False,conservative_upper_bound,64
25,talmansour,9,120,0.41241016726671353,False,conservative_upper_bound,82
25,talmansour,9,180,0.4122342153724216,True,exact_final_best_already_reached,83
25,talmansour,9,240,0.4122342153724216,True,exact_final,83
25,talmansour,10,15,0.7833209104545077,False,conservative_upper_bound,59
25,talmansour,10,30,0.4411183654146895,False,conservative_upper_bound,95
25,talmansour,10,60,0.41814733252169944,False,conservative_upper_bound,107
25,talmansour,10,120,0.3537967830314584,False,conservative_upper_bound,136
25,talmansour,10,180,0.35064074696782,False,conservative_upper_bound,140
25,talmansour,10,240,0.3496981227284057,True,exact_final,141
26,ke_yang,1,15,0.4974209799411431,False,conservative_upper_bound,43
26,ke_yang,1,30,0.45711694738253406,False,conservative_upper_bound,48
26,ke_yang,1,60,0.4489096572905178,False,conservative_upper_bound,51
26,ke_yang,1,120,0.4269395876220115,False,conservative_upper_bound,64
26,ke_yang,1,180,0.4269395876220115,False,conservative_upper_bound,64
26,ke_yang,1,240,0.4218986318891056,True,exact_final,95
26,ke_yang,2,15,0.7961009204446411,False,conservative_upper_bound,58
26,ke_yang,2,30,0.6514094907779341,False,conservative_upper_bound,74
26,ke_yang,2,60,0.46254789605544316,False,conservative_upper_bound,99
26,ke_yang,2,120,0.22099200547763292,False,conservative_upper_bound,145
26,ke_yang,2,180,0.21692411022053343,False,conservative_upper_bound,146
26,ke_yang,2,240,0.1705677462515549,True,exact_final,317
26,ke_yang,3,15,0.45399236669977344,False,conservative_upper_bound,33
26,ke_yang,3,30,0.35574906367666786,False,conservative_upper_bound,47
26,ke_yang,3,60,0.33274339301551364,False,conservative_upper_bound,68
26,ke_yang,3,120,0.3205121755503596,False,conservative_upper_bound,96
26,ke_yang,3,180,0.3191485416188164,False,conservative_upper_bound,100
26,ke_yang,3,240,0.3169976145280672,True,exact_final,162
26,ke_yang,4,15,0.4939310962284403,False,conservative_upper_bound,32
26,ke_yang,4,30,0.3471207139862129,False,conservative_upper_bound,48
26,ke_yang,4,60,0.24063040557625337,False,conservative_upper_bound,64
26,ke_yang,4,120,0.19226241929930651,False,conservative_upper_bound,76
26,ke_yang,4,180,0.18408233007692823,False,conservative_upper_bound,79
26,ke_yang,4,240,0.16111239554582782,True,exact_final,305
26,ke_yang,5,15,0.5962127157023916,False,conservative_upper_bound,50
26,ke_yang,5,30,0.5793205383059491,False,conservative_upper_bound,59
26,ke_yang,5,60,0.4781866405441063,False,conservative_upper_bound,88
26,ke_yang,5,120,0.4543539003170989,False,conservative_upper_bound,96
26,ke_yang,5,180,0.4498877869714805,False,conservative_upper_bound,98
26,ke_yang,5,240,0.40946747534763134,True,exact_final,315
26,ke_yang,6,15,0.4392853352093544,False,conservative_upper_bound,35
26,ke_yang,6,30,0.43344352823167953,False,conservative_upper_bound,40
26,ke_yang,6,60,0.1928779451524681,False,conservative_upper_bound,73
26,ke_yang,6,120,0.16897192272481718,False,conservative_upper_bound,97
26,ke_yang,6,180,0.16897192272481718,False,conservative_upper_bound,97
26,ke_yang,6,240,0.1544245144088037,True,exact_final,296
26,ke_yang,7,15,0.6715697302741804,False,conservative_upper_bound,34
26,ke_yang,7,30,0.5044735511470638,False,conservative_upper_bound,49
26,ke_yang,7,60,0.36173758559219,False,conservative_upper_bound,91
26,ke_yang,7,120,0.3326190715333405,False,conservative_upper_bound,118
26,ke_yang,7,180,0.3326190715333405,False,conservative_upper_bound,118
26,ke_yang,7,240,0.3224783698864506,True,exact_final,195
26,ke_yang,8,15,1.0355545915490394,False,conservative_upper_bound,57
26,ke_yang,8,30,0.6608299823491862,False,conservative_upper_bound,70
26,ke_yang,8,60,0.44249213258609343,False,conservative_upper_bound,111
26,ke_yang,8,120,0.35344945490643603,False,conservative_upper_bound,177
26,ke_yang,8,180,0.35337265914700466,False,conservative_upper_bound,178
26,ke_yang,8,240,0.34786196987431905,True,exact_final,259
26,ke_yang,9,15,0.5539383941566577,False,conservative_upper_bound,32
26,ke_yang,9,30,0.5513387602798571,False,conservative_upper_bound,33
26,ke_yang,9,60,0.4163691492236078,False,conservative_upper_bound,58
26,ke_yang,9,120,0.414899851155415,False,conservative_upper_bound,59
26,ke_yang,9,180,0.41470963541850153,False,conservative_upper_bound,60
26,ke_yang,9,240,0.4101771898638086,True,exact_final,129
26,ke_yang,10,15,0.4690877845002321,False,conservative_upper_bound,24
26,ke_yang,10,30,0.4690877845002321,False,conservative_upper_bound,24
26,ke_yang,10,60,0.33663132314824834,False,conservative_upper_bound,48
26,ke_yang,10,120,0.2655772333270131,False,conservative_upper_bound,62
26,ke_yang,10,180,0.2655772333270131,False,conservative_upper_bound,62
26,ke_yang,10,240,0.15647110652157775,True,exact_final,178
27,hendrik6687,1,15,0.46981429625058696,False,conservative_upper_bound,95
27,hendrik6687,1,30,0.41522327249053376,False,conservative_upper_bound,105
27,hendrik6687,1,60,0.3322867551505997,False,conservative_upper_bound,128
27,hendrik6687,1,120,0.3322867551505997,False,conservative_upper_bound,128
27,hendrik6687,1,180,0.3322867551505997,False,conservative_upper_bound,128
27,hendrik6687,1,240,0.30726879955089503,True,exact_final,160
27,hendrik6687,2,15,0.43607909553442525,False,conservative_upper_bound,74
27,hendrik6687,2,30,0.43607909553442525,False,conservative_upper_bound,74
27,hendrik6687,2,60,0.43607909553442525,False,conservative_upper_bound,74
27,hendrik6687,2,120,0.43607909553442525,False,conservative_upper_bound,74
27,hendrik6687,2,180,0.43607909553442525,False,conservative_upper_bound,74
27,hendrik6687,2,240,0.4081241028512909,True,exact_final,125
27,hendrik6687,3,15,0.7006660882955577,False,conservative_upper_bound,72
27,hendrik6687,3,30,0.4711874166841084,False,conservative_upper_bound,93
27,hendrik6687,3,60,0.43802222784162936,False,conservative_upper_bound,105
27,hendrik6687,3,120,0.36793037086828734,False,conservative_upper_bound,120
27,hendrik6687,3,180,0.36793037086828734,False,conservative_upper_bound,120
27,hendrik6687,3,240,0.36216635305312017,True,exact_final,147
27,hendrik6687,4,15,0.49512863168577725,False,conservative_upper_bound,83
27,hendrik6687,4,30,0.40778089442432325,False,conservative_upper_bound,94
27,hendrik6687,4,60,0.3740762555791023,False,conservative_upper_bound,112
27,hendrik6687,4,120,0.33877589894482063,False,conservative_upper_bound,132
27,hendrik6687,4,180,0.33877589894482063,False,conservative_upper_bound,132
27,hendrik6687,4,240,0.32268771381853406,True,exact_final,182
27,hendrik6687,5,15,0.7840617222443816,False,conservative_upper_bound,42
27,hendrik6687,5,30,0.6213366863451116,False,conservative_upper_bound,53
27,hendrik6687,5,60,0.45459417717144035,False,conservative_upper_bound,73
27,hendrik6687,5,120,0.42733119435608474,False,conservative_upper_bound,92
27,hendrik6687,5,180,0.4211874726272808,False,conservative_upper_bound,106
27,hendrik6687,5,240,0.4095580277958925,True,exact_final,125
27,hendrik6687,6,15,0.4465181051748822,False,conservative_upper_bound,125
27,hendrik6687,6,30,0.42800300258419927,False,conservative_upper_bound,144
27,hendrik6687,6,60,0.42151585780222106,False,conservative_upper_bound,155
27,hendrik6687,6,120,0.42151585780222106,False,conservative_upper_bound,155
27,hendrik6687,6,180,0.42151585780222106,False,conservative_upper_bound,155
27,hendrik6687,6,240,0.41351440542038964,True,exact_final,189
27,hendrik6687,7,15,0.44961689560101425,False,conservative_upper_bound,102
27,hendrik6687,7,30,0.42334267065074976,False,conservative_upper_bound,107
27,hendrik6687,7,60,0.42119017814824483,False,conservative_upper_bound,108
27,hendrik6687,7,120,-0.03998242145290132,False,conservative_upper_bound,152
27,hendrik6687,7,180,-0.04299309716938103,False,conservative_upper_bound,156
27,hendrik6687,7,240,-0.05301437853881115,True,exact_final,171
27,hendrik6687,8,15,0.5276691646837405,False,conservative_upper_bound,109
27,hendrik6687,8,30,0.5276691646837405,False,conservative_upper_bound,109
27,hendrik6687,8,60,0.46207669772751814,False,conservative_upper_bound,129
27,hendrik6687,8,120,0.4129416924970999,False,conservative_upper_bound,137
27,hendrik6687,8,180,0.4129416924970999,False,conservative_upper_bound,137
27,hendrik6687,8,240,0.32657077814299174,True,exact_final,186
27,hendrik6687,9,15,0.5609605446026003,False,conservative_upper_bound,97
27,hendrik6687,9,30,0.5534140650145145,False,conservative_upper_bound,104
27,hendrik6687,9,60,0.37734422142339336,False,conservative_upper_bound,127
27,hendrik6687,9,120,0.34158229430473086,False,conservative_upper_bound,147
27,hendrik6687,9,180,0.17223396880794273,False,conservative_upper_bound,199
27,hendrik6687,9,240,0.1653649768136377,True,exact_final,236
27,hendrik6687,10,15,0.9047163757797781,False,conservative_upper_bound,67
27,hendrik6687,10,30,0.4356722580606266,False,conservative_upper_bound,92
27,hendrik6687,10,60,0.4318749525929144,False,conservative_upper_bound,95
27,hendrik6687,10,120,0.40396605485245773,False,conservative_upper_bound,120
27,hendrik6687,10,180,0.38142118642794154,False,conservative_upper_bound,127
27,hendrik6687,10,240,0.3456073576722634,True,exact_final,172
28,nitinjaiswal,1,15,0.4175534718655727,False,conservative_upper_bound,102
28,nitinjaiswal,1,30,0.39097058986231453,False,conservative_upper_bound,116
28,nitinjaiswal,1,60,0.37488195637673544,False,conservative_upper_bound,122
28,nitinjaiswal,1,120,0.34699234968363896,False,conservative_upper_bound,134
28,nitinjaiswal,1,180,0.3436212901290147,False,conservative_upper_bound,136
28,nitinjaiswal,1,240,0.3240896283626816,True,exact_final,158
28,nitinjaiswal,2,15,0.5748152566164911,False,conservative_upper_bound,100
28,nitinjaiswal,2,30,0.43362036192434744,False,conservative_upper_bound,121
28,nitinjaiswal,2,60,0.43182211769037,False,conservative_upper_bound,124
28,nitinjaiswal,2,120,0.42702953211079875,False,conservative_upper_bound,129
28,nitinjaiswal,2,180,0.42702953211079875,False,conservative_upper_bound,129
28,nitinjaiswal,2,240,0.42151813565119833,True,exact_final,136
28,nitinjaiswal,3,15,0.37105287628173306,False,conservative_upper_bound,52
28,nitinjaiswal,3,30,0.36527037469341767,False,conservative_upper_bound,57
28,nitinjaiswal,3,60,0.3539535825339816,False,conservative_upper_bound,68
28,nitinjaiswal,3,120,0.3464132625505187,False,conservative_upper_bound,75
28,nitinjaiswal,3,180,0.3360913653191129,False,conservative_upper_bound,81
28,nitinjaiswal,3,240,0.24199795881118813,True,exact_final,136
28,nitinjaiswal,4,15,0.37013304243175854,False,conservative_upper_bound,70
28,nitinjaiswal,4,30,0.28980111441801504,False,conservative_upper_bound,88
28,nitinjaiswal,4,60,0.18899562098673414,False,conservative_upper_bound,113
28,nitinjaiswal,4,120,0.18799420587613397,False,conservative_upper_bound,115
28,nitinjaiswal,4,180,0.18799420587613397,False,conservative_upper_bound,115
28,nitinjaiswal,4,240,0.11355625647080679,True,exact_final,198
28,nitinjaiswal,5,15,0.40373177743618166,False,conservative_upper_bound,113
28,nitinjaiswal,5,30,0.37323347787646655,False,conservative_upper_bound,119
28,nitinjaiswal,5,60,0.36948147593492225,False,conservative_upper_bound,120
28,nitinjaiswal,5,120,0.35604294880196835,False,conservative_upper_bound,125
28,nitinjaiswal,5,180,0.35604294880196835,False,conservative_upper_bound,125
28,nitinjaiswal,5,240,0.33389132606560185,True,exact_final,141
28,nitinjaiswal,6,15,0.23789185962171253,False,conservative_upper_bound,70
28,nitinjaiswal,6,30,0.16704026899589153,False,conservative_upper_bound,97
28,nitinjaiswal,6,60,0.1646868807546458,False,conservative_upper_bound,101
28,nitinjaiswal,6,120,0.15838715801004463,False,conservative_upper_bound,110
28,nitinjaiswal,6,180,0.151792490635769,False,conservative_upper_bound,118
28,nitinjaiswal,6,240,0.14780278713520445,True,exact_final,132
28,nitinjaiswal,7,15,0.42985431931347495,False,conservative_upper_bound,59
28,nitinjaiswal,7,30,0.4263724961689508,False,conservative_upper_bound,61
28,nitinjaiswal,7,60,0.41286162958620365,False,conservative_upper_bound,71
28,nitinjaiswal,7,120,0.4126690546648835,False,conservative_upper_bound,72
28,nitinjaiswal,7,180,0.4126690546648835,False,conservative_upper_bound,72
28,nitinjaiswal,7,240,0.4113245700899956,True,exact_final,76
28,nitinjaiswal,8,15,0.45366236872550747,False,conservative_upper_bound,115
28,nitinjaiswal,8,30,0.42357047801834485,False,conservative_upper_bound,127
28,nitinjaiswal,8,60,0.4218492362417474,False,conservative_upper_bound,129
28,nitinjaiswal,8,120,0.38030708675559843,False,conservative_upper_bound,157
28,nitinjaiswal,8,180,0.3796471882811153,False,conservative_upper_bound,159
28,nitinjaiswal,8,240,0.36964334221025924,True,exact_final,190
28,nitinjaiswal,9,15,0.3752281609854945,False,conservative_upper_bound,121
28,nitinjaiswal,9,30,0.360785894581226,False,conservative_upper_bound,145
28,nitinjaiswal,9,60,0.3603936155008713,False,conservative_upper_bound,147
28,nitinjaiswal,9,120,0.3603936155008713,False,conservative_upper_bound,147
28,nitinjaiswal,9,180,0.3602644999995892,False,conservative_upper_bound,148
28,nitinjaiswal,9,240,0.3582993234823118,True,exact_final,155
28,nitinjaiswal,10,15,0.42675335990228874,False,conservative_upper_bound,114
28,nitinjaiswal,10,30,0.4129551460437722,False,conservative_upper_bound,123
28,nitinjaiswal,10,60,0.39077767250428863,False,conservative_upper_bound,140
28,nitinjaiswal,10,120,0.3830522168479153,False,conservative_upper_bound,145
28,nitinjaiswal,10,180,0.3830522168479153,False,conservative_upper_bound,145
28,nitinjaiswal,10,240,0.3439847362798939,True,exact_final,186
29,dcs321,1,15,3.9800118465756995,False,conservative_upper_bound,16
29,dcs321,1,30,1.8149098833178925,False,conservative_upper_bound,59
29,dcs321,1,60,0.940887420959837,False,conservative_upper_bound,86
29,dcs321,1,120,0.34574682772885423,False,conservative_upper_bound,174
29,dcs321,1,180,0.34167847902346304,False,conservative_upper_bound,178
29,dcs321,1,240,0.32896935180688097,True,exact_final,186
29,dcs321,2,15,3.1370463648647102,False,conservative_upper_bound,23
29,dcs321,2,30,1.8403086805079207,False,conservative_upper_bound,35
29,dcs321,2,60,0.5597017135221508,False,conservative_upper_bound,75
29,dcs321,2,120,0.4303798692953478,False,conservative_upper_bound,116
29,dcs321,2,180,0.36598306987768325,False,conservative_upper_bound,157
29,dcs321,2,240,0.2220373751319508,True,exact_final,238
29,dcs321,3,15,3.9780219241747052,False,conservative_upper_bound,48
29,dcs321,3,30,1.1408140909887905,False,conservative_upper_bound,84
29,dcs321,3,60,0.5909195478357236,False,conservative_upper_bound,115
29,dcs321,3,120,0.4223185356260736,False,conservative_upper_bound,146
29,dcs321,3,180,0.40851490498479864,False,conservative_upper_bound,158
29,dcs321,3,240,0.4037612292820886,True,exact_final,165
29,dcs321,4,15,4.226431666384922,False,conservative_upper_bound,22
29,dcs321,4,30,2.010868966528001,False,conservative_upper_bound,41
29,dcs321,4,60,1.2599004817435713,False,conservative_upper_bound,49
29,dcs321,4,120,0.5151603234884274,False,conservative_upper_bound,132
29,dcs321,4,180,0.49840836637508534,False,conservative_upper_bound,141
29,dcs321,4,240,0.4663975665629897,True,exact_final,170
29,dcs321,5,15,4.3850585151964685,False,conservative_upper_bound,15
29,dcs321,5,30,1.5657933185161832,False,conservative_upper_bound,44
29,dcs321,5,60,0.9120391971036043,False,conservative_upper_bound,56
29,dcs321,5,120,0.4282575868183312,False,conservative_upper_bound,86
29,dcs321,5,180,0.41456367239500197,False,conservative_upper_bound,97
29,dcs321,5,240,0.40535483254346527,True,exact_final,110
29,dcs321,6,15,4.067782246760986,False,conservative_upper_bound,19
29,dcs321,6,30,2.0916693247633664,False,conservative_upper_bound,50
29,dcs321,6,60,1.2227808668125693,False,conservative_upper_bound,65
29,dcs321,6,120,0.42832569610979065,False,conservative_upper_bound,113
29,dcs321,6,180,0.20085430110504784,False,conservative_upper_bound,142
29,dcs321,6,240,0.1741012740508061,True,exact_final,174
29,dcs321,7,15,4.162366561478268,False,conservative_upper_bound,28
29,dcs321,7,30,1.7831640745580415,False,conservative_upper_bound,65
29,dcs321,7,60,0.495230030225555,False,conservative_upper_bound,100
29,dcs321,7,120,0.07721043453566488,False,conservative_upper_bound,151
29,dcs321,7,180,0.001458656864419185,False,conservative_upper_bound,165
29,dcs321,7,240,-0.04815556275414478,True,exact_final,176
29,dcs321,8,15,4.214728683490726,False,conservative_upper_bound,17
29,dcs321,8,30,2.442205280151817,False,conservative_upper_bound,76
29,dcs321,8,60,1.3794104470444861,False,conservative_upper_bound,103
29,dcs321,8,120,0.47741978733617885,False,conservative_upper_bound,148
29,dcs321,8,180,0.45786414618576304,False,conservative_upper_bound,151
29,dcs321,8,240,0.4126917615092314,True,exact_final,178
29,dcs321,9,15,3.8827303670113826,False,conservative_upper_bound,21
29,dcs321,9,30,2.2948745104930546,False,conservative_upper_bound,41
29,dcs321,9,60,0.5425003637318419,False,conservative_upper_bound,119
29,dcs321,9,120,0.4166023342686173,False,conservative_upper_bound,143
29,dcs321,9,180,0.37362859900046774,False,conservative_upper_bound,163
29,dcs321,9,240,0.3681438516212726,True,exact_final,174
29,dcs321,10,15,3.396900346871204,False,conservative_upper_bound,23
29,dcs321,10,30,1.854851515813827,False,conservative_upper_bound,39
29,dcs321,10,60,0.869051804524577,False,conservative_upper_bound,60
29,dcs321,10,120,0.41606581876280435,False,conservative_upper_bound,96
29,dcs321,10,180,0.41281899663787325,False,conservative_upper_bound,99
29,dcs321,10,240,0.3400467329505788,True,exact_final,130
30,ksj03,1,15,4.12784767190454,False,conservative_upper_bound,77
30,ksj03,1,30,0.99120417694732,False,conservative_upper_bound,193
30,ksj03,1,60,0.8469330389947652,False,conservative_upper_bound,218
30,ksj03,1,120,0.6163888677640477,False,conservative_upper_bound,261
30,ksj03,1,180,0.4271286318791514,False,conservative_upper_bound,318
30,ksj03,1,240,0.4226130878117282,True,exact_final,384
30,ksj03,2,15,0.4428590438667085,False,conservative_upper_bound,100
30,ksj03,2,30,0.42921698038260303,False,conservative_upper_bound,106
30,ksj03,2,60,0.4270744256904607,False,conservative_upper_bound,108
30,ksj03,2,120,0.4270744256904607,False,conservative_upper_bound,108
30,ksj03,2,180,0.38247918162997807,False,conservative_upper_bound,134
30,ksj03,2,240,0.3768800461883038,True,exact_final,171
30,ksj03,3,15,0.9671530117601782,False,conservative_upper_bound,104
30,ksj03,3,30,0.5579358196110852,False,conservative_upper_bound,165
30,ksj03,3,60,0.5016554366384027,False,conservative_upper_bound,182
30,ksj03,3,120,0.19606983338092326,False,conservative_upper_bound,272
30,ksj03,3,180,0.1942401594605763,False,conservative_upper_bound,273
30,ksj03,3,240,0.16592308688788582,True,exact_final,838
30,ksj03,4,15,0.4285271657206895,False,conservative_upper_bound,118
30,ksj03,4,30,0.3218721342941863,False,conservative_upper_bound,141
30,ksj03,4,60,0.1685260405944252,False,conservative_upper_bound,179
30,ksj03,4,120,0.16506314793569588,False,conservative_upper_bound,184
30,ksj03,4,180,0.16506314793569588,False,conservative_upper_bound,184
30,ksj03,4,240,0.15934475291434302,True,exact_final,369
30,ksj03,5,15,3.8287161062070116,False,conservative_upper_bound,40
30,ksj03,5,30,3.8287161062070116,False,conservative_upper_bound,40
30,ksj03,5,60,0.41386815481013356,False,conservative_upper_bound,85
30,ksj03,5,120,0.41280938221258034,False,conservative_upper_bound,88
30,ksj03,5,180,0.41280938221258034,False,conservative_upper_bound,88
30,ksj03,5,240,0.41209871324804115,True,exact_final,115
30,ksj03,6,15,0.43997294301020246,False,conservative_upper_bound,123
30,ksj03,6,30,0.43280153003555316,False,conservative_upper_bound,126
30,ksj03,6,60,0.331974644994102,False,conservative_upper_bound,168
30,ksj03,6,120,0.3273989604158338,False,conservative_upper_bound,172
30,ksj03,6,180,0.3273989604158338,False,conservative_upper_bound,172
30,ksj03,6,240,0.3186811113907028,True,exact_final,278
30,ksj03,7,15,0.7226571279323573,False,conservative_upper_bound,99
30,ksj03,7,30,0.662058078086871,False,conservative_upper_bound,124
30,ksj03,7,60,0.662058078086871,False,conservative_upper_bound,124
30,ksj03,7,120,0.5050368178276206,False,conservative_upper_bound,181
30,ksj03,7,180,0.04868771666533011,False,conservative_upper_bound,242
30,ksj03,7,240,-0.03660241811643556,True,exact_final,909
30,ksj03,8,15,2.0396059757776666,False,conservative_upper_bound,71
30,ksj03,8,30,0.9934289805761404,False,conservative_upper_bound,123
30,ksj03,8,60,0.48079730377820157,False,conservative_upper_bound,194
30,ksj03,8,120,0.42015094777542217,False,conservative_upper_bound,225
30,ksj03,8,180,0.42015094777542217,False,conservative_upper_bound,225
30,ksj03,8,240,0.4129540331882704,True,exact_final,327
30,ksj03,9,15,0.7099181513646137,False,conservative_upper_bound,269
30,ksj03,9,30,0.5482545954245948,False,conservative_upper_bound,321
30,ksj03,9,60,0.5474329665077123,False,conservative_upper_bound,322
30,ksj03,9,120,0.5381197704224111,False,conservative_upper_bound,329
30,ksj03,9,180,0.5381197704224111,False,conservative_upper_bound,329
30,ksj03,9,240,0.4734277925482756,True,exact_final,395
30,ksj03,10,15,0.5785541519976537,False,conservative_upper_bound,165
30,ksj03,10,30,0.5091855776900037,False,conservative_upper_bound,179
30,ksj03,10,60,0.5091855776900037,False,conservative_upper_bound,179
30,ksj03,10,120,0.5091855776900037,False,conservative_upper_bound,179
30,ksj03,10,180,0.47703523270931736,False,conservative_upper_bound,192
30,ksj03,10,240,0.41352719548470496,True,exact_final,403
31,susupro,1,15,0.5232917626221901,False,conservative_upper_bound,71
31,susupro,1,30,0.46544698020661884,False,conservative_upper_bound,80
31,susupro,1,60,0.45570511259449803,False,conservative_upper_bound,83
31,susupro,1,120,0.3999109319130011,False,conservative_upper_bound,87
31,susupro,1,180,0.3999109319130011,False,conservative_upper_bound,87
31,susupro,1,240,0.3224981258172652,True,exact_final,210
31,susupro,2,15,0.6200021697638531,False,conservative_upper_bound,50
31,susupro,2,30,0.5751667169303728,False,conservative_upper_bound,53
31,susupro,2,60,0.5751667169303728,False,conservative_upper_bound,53
31,susupro,2,120,0.5751667169303728,False,conservative_upper_bound,53
31,susupro,2,180,0.5751667169303728,False,conservative_upper_bound,53
31,susupro,2,240,0.42809858242289833,True,exact_final,333
31,susupro,3,15,0.6207143906244617,False,conservative_upper_bound,83
31,susupro,3,30,0.6014628540184023,False,conservative_upper_bound,84
31,susupro,3,60,0.5841733730142471,False,conservative_upper_bound,85
31,susupro,3,120,0.5069309181054498,False,conservative_upper_bound,87
31,susupro,3,180,0.5069309181054498,False,conservative_upper_bound,87
31,susupro,3,240,0.4230441647193801,True,exact_final,232
31,susupro,4,15,0.6299390547968429,False,conservative_upper_bound,65
31,susupro,4,30,0.6204416100500165,False,conservative_upper_bound,67
31,susupro,4,60,0.5921992478028831,False,conservative_upper_bound,70
31,susupro,4,120,0.457702306429081,False,conservative_upper_bound,93
31,susupro,4,180,0.3314517277649112,False,conservative_upper_bound,100
31,susupro,4,240,0.1900643405053033,True,exact_final,278
31,susupro,5,15,0.7536076049431693,False,conservative_upper_bound,92
31,susupro,5,30,0.6599656097128382,False,conservative_upper_bound,103
31,susupro,5,60,0.6350389923523777,False,conservative_upper_bound,106
31,susupro,5,120,0.44681221728339177,False,conservative_upper_bound,135
31,susupro,5,180,0.4405169801379036,False,conservative_upper_bound,137
31,susupro,5,240,0.415812150642575,True,exact_final,256
31,susupro,6,15,0.4583734625528909,False,conservative_upper_bound,81
31,susupro,6,30,0.44412008211479737,False,conservative_upper_bound,84
31,susupro,6,60,0.43845807249674595,False,conservative_upper_bound,86
31,susupro,6,120,0.43845807249674595,False,conservative_upper_bound,86
31,susupro,6,180,0.331905866057908,False,conservative_upper_bound,94
31,susupro,6,240,0.17233610512363218,True,exact_final,329
31,susupro,7,15,0.4690060922100887,False,conservative_upper_bound,99
31,susupro,7,30,0.43505445125272957,False,conservative_upper_bound,104
31,susupro,7,60,0.42882931567072313,False,conservative_upper_bound,108
31,susupro,7,120,0.4248805978522738,False,conservative_upper_bound,110
31,susupro,7,180,0.4248805978522738,False,conservative_upper_bound,110
31,susupro,7,240,0.1732971770859787,True,exact_final,411
31,susupro,8,15,0.5954009352288363,False,conservative_upper_bound,93
31,susupro,8,30,0.4643395621197217,False,conservative_upper_bound,113
31,susupro,8,60,0.4624327836042302,False,conservative_upper_bound,115
31,susupro,8,120,0.44782585581360346,False,conservative_upper_bound,119
31,susupro,8,180,0.44782585581360346,False,conservative_upper_bound,119
31,susupro,8,240,0.41245749364894563,True,exact_final,214
31,susupro,9,15,0.738289403497921,False,conservative_upper_bound,101
31,susupro,9,30,0.6044090436944252,False,conservative_upper_bound,107
31,susupro,9,60,0.6044090436944252,False,conservative_upper_bound,107
31,susupro,9,120,0.574629399551192,False,conservative_upper_bound,111
31,susupro,9,180,0.3054790415077229,False,conservative_upper_bound,135
31,susupro,9,240,0.25409735497791497,True,exact_final,234
31,susupro,10,15,0.5378795523376152,False,conservative_upper_bound,68
31,susupro,10,30,0.4673448519107784,False,conservative_upper_bound,73
31,susupro,10,60,0.46653122637337646,False,conservative_upper_bound,74
31,susupro,10,120,0.4106925367903698,False,conservative_upper_bound,92
31,susupro,10,180,0.4025486138208646,False,conservative_upper_bound,95
31,susupro,10,240,0.3737171623610459,True,exact_final,252
32,mohhakami,1,15,0.4258503717461347,False,conservative_upper_bound,96
32,mohhakami,1,30,0.4251443981139712,False,conservative_upper_bound,100
32,mohhakami,1,60,0.4220170343123387,False,conservative_upper_bound,114
32,mohhakami,1,120,0.4172512441962574,False,conservative_upper_bound,166
32,mohhakami,1,180,0.4169880028008198,False,conservative_upper_bound,174
32,mohhakami,1,240,0.41622425847664324,True,exact_final,229
32,mohhakami,2,15,0.442330977237893,False,conservative_upper_bound,94
32,mohhakami,2,30,0.4225473361826038,False,conservative_upper_bound,183
32,mohhakami,2,60,0.41450423307970136,False,conservative_upper_bound,238
32,mohhakami,2,120,0.4097807980172188,False,conservative_upper_bound,279
32,mohhakami,2,180,0.407645049633087,False,conservative_upper_bound,312
32,mohhakami,2,240,0.40597716412472507,True,exact_final,385
32,mohhakami,3,15,0.43046374681583616,False,conservative_upper_bound,67
32,mohhakami,3,30,0.42243098654804767,False,conservative_upper_bound,76
32,mohhakami,3,60,0.41270023340130463,False,conservative_upper_bound,111
32,mohhakami,3,120,0.41020762677267053,False,conservative_upper_bound,159
32,mohhakami,3,180,0.4096543077194224,False,conservative_upper_bound,185
32,mohhakami,3,240,0.4090989014535515,True,exact_final,240
32,mohhakami,4,15,0.5627801117430873,False,conservative_upper_bound,108
32,mohhakami,4,30,0.5427642797018377,False,conservative_upper_bound,136
32,mohhakami,4,60,0.21950878456426004,False,conservative_upper_bound,320
32,mohhakami,4,120,0.17752182757502297,False,conservative_upper_bound,556
32,mohhakami,4,180,0.17346523878800754,False,conservative_upper_bound,616
32,mohhakami,4,240,0.16374530043480032,True,exact_final,738
32,mohhakami,5,15,0.5064621539833886,False,conservative_upper_bound,95
32,mohhakami,5,30,0.4624856628287566,False,conservative_upper_bound,154
32,mohhakami,5,60,0.4284616714317532,False,conservative_upper_bound,270
32,mohhakami,5,120,0.42315328059100654,False,conservative_upper_bound,350
32,mohhakami,5,180,0.40902853832768116,False,conservative_upper_bound,411
32,mohhakami,5,240,0.3453267324291746,True,exact_final,1129
32,mohhakami,6,15,0.43153411660364976,False,conservative_upper_bound,112
32,mohhakami,6,30,0.4233307502935666,False,conservative_upper_bound,136
32,mohhakami,6,60,0.18295348138344764,False,conservative_upper_bound,350
32,mohhakami,6,120,0.17093190700063393,False,conservative_upper_bound,558
32,mohhakami,6,180,0.16239224121339027,False,conservative_upper_bound,636
32,mohhakami,6,240,0.15681605312833077,True,exact_final,787
32,mohhakami,7,15,0.49124089723986375,False,conservative_upper_bound,118
32,mohhakami,7,30,0.28003289259053693,False,conservative_upper_bound,152
32,mohhakami,7,60,0.17575388229117414,False,conservative_upper_bound,328
32,mohhakami,7,120,0.15832708208031404,False,conservative_upper_bound,514
32,mohhakami,7,180,0.15565003034337285,False,conservative_upper_bound,553
32,mohhakami,7,240,0.15198492982869985,True,exact_final,703
32,mohhakami,8,15,0.6256505516200674,False,conservative_upper_bound,93
32,mohhakami,8,30,0.43680064827346754,False,conservative_upper_bound,400
32,mohhakami,8,60,0.4228929504236591,False,conservative_upper_bound,451
32,mohhakami,8,120,0.41395072614568407,False,conservative_upper_bound,542
32,mohhakami,8,180,0.4123341953066199,False,conservative_upper_bound,565
32,mohhakami,8,240,0.4111000976221102,True,exact_final,603
32,mohhakami,9,15,0.6260123993985598,False,conservative_upper_bound,128
32,mohhakami,9,30,0.5473905308675708,False,conservative_upper_bound,347
32,mohhakami,9,60,0.4653924043386622,False,conservative_upper_bound,534
32,mohhakami,9,120,0.42741865324679085,False,conservative_upper_bound,700
32,mohhakami,9,180,0.34518898823027727,False,conservative_upper_bound,918
32,mohhakami,9,240,0.3215249440948187,True,exact_final,1154
32,mohhakami,10,15,0.45464135587206267,False,conservative_upper_bound,88
32,mohhakami,10,30,0.4298967672081542,False,conservative_upper_bound,131
32,mohhakami,10,60,0.4248064498575087,False,conservative_upper_bound,186
32,mohhakami,10,120,0.4151168327460955,False,conservative_upper_bound,263
32,mohhakami,10,180,0.41297149220204094,False,conservative_upper_bound,306
32,mohhakami,10,240,0.41132142339673217,True,exact_final,356
33,hero98,1,15,0.4864473678503845,False,conservative_upper_bound,6
33,hero98,1,30,0.37703376626150753,False,conservative_upper_bound,140
33,hero98,1,60,0.37703376626150753,False,conservative_upper_bound,140
33,hero98,1,120,0.3737344657966672,False,conservative_upper_bound,222
33,hero98,1,180,0.3733765225486845,False,conservative_upper_bound,454
33,hero98,1,240,0.3732747559419977,True,exact_final,604
33,hero98,2,15,0.4665103687652469,False,conservative_upper_bound,7
33,hero98,2,30,0.4480808558750558,False,conservative_upper_bound,54
33,hero98,2,60,0.42499076351104026,False,conservative_upper_bound,184
33,hero98,2,120,0.4225188069521407,False,conservative_upper_bound,242
33,hero98,2,180,0.42187636995006317,False,conservative_upper_bound,439
33,hero98,2,240,0.4218323464123504,True,exact_final,616
33,hero98,3,15,0.598847603127866,False,conservative_upper_bound,6
33,hero98,3,30,0.4225440052718712,False,conservative_upper_bound,432
33,hero98,3,60,0.42231994673654927,False,conservative_upper_bound,439
33,hero98,3,120,0.42151483670005163,False,conservative_upper_bound,493
33,hero98,3,180,0.4215015586946306,False,conservative_upper_bound,594
33,hero98,3,240,0.42148510382297316,True,exact_final,665
33,hero98,4,15,0.8717062962108554,False,conservative_upper_bound,5
33,hero98,4,30,0.43704430665410854,False,conservative_upper_bound,201
33,hero98,4,60,0.43704430665410854,False,conservative_upper_bound,201
33,hero98,4,120,0.3979803174451089,False,conservative_upper_bound,301
33,hero98,4,180,0.3904618813300047,False,conservative_upper_bound,618
33,hero98,4,240,0.3866573058522485,True,exact_final,906
33,hero98,5,15,0.8311050732752002,False,conservative_upper_bound,3
33,hero98,5,30,0.3567181484804175,False,conservative_upper_bound,234
33,hero98,5,60,0.3567181484804175,False,conservative_upper_bound,234
33,hero98,5,120,0.3392109456594337,False,conservative_upper_bound,334
33,hero98,5,180,0.32947295134857557,False,conservative_upper_bound,805
33,hero98,5,240,0.32595701355944245,True,exact_final,1170
33,hero98,6,15,0.9370712237782581,False,conservative_upper_bound,6
33,hero98,6,30,0.5037588583345,False,conservative_upper_bound,213
33,hero98,6,60,0.5037588583345,False,conservative_upper_bound,213
33,hero98,6,120,0.43328750511541514,False,conservative_upper_bound,403
33,hero98,6,180,0.4303833373536971,False,conservative_upper_bound,974
33,hero98,6,240,0.41751020913496967,True,exact_final,1443
33,hero98,7,15,0.9815380249404205,False,conservative_upper_bound,6
33,hero98,7,30,0.7045867783157442,False,conservative_upper_bound,311
33,hero98,7,60,0.5680704673360534,False,conservative_upper_bound,622
33,hero98,7,120,0.4794819372417015,False,conservative_upper_bound,766
33,hero98,7,180,0.45700665402806423,False,conservative_upper_bound,1152
33,hero98,7,240,0.4503995192718048,True,exact_final,1461
33,hero98,8,15,0.5864770637971579,False,conservative_upper_bound,11
33,hero98,8,30,0.34606310211114505,False,conservative_upper_bound,153
33,hero98,8,60,0.34606310211114505,False,conservative_upper_bound,153
33,hero98,8,120,0.34429125695963636,False,conservative_upper_bound,219
33,hero98,8,180,0.34195620907023183,False,conservative_upper_bound,504
33,hero98,8,240,0.34138291705193835,True,exact_final,738
33,hero98,9,15,0.6217363178597332,False,conservative_upper_bound,3
33,hero98,9,30,0.4174614044420417,False,conservative_upper_bound,137
33,hero98,9,60,0.4174614044420417,False,conservative_upper_bound,137
33,hero98,9,120,0.4166642718844027,False,conservative_upper_bound,225
33,hero98,9,180,0.4165662026527672,False,conservative_upper_bound,505
33,hero98,9,240,0.41654307817006453,True,exact_final,700
33,hero98,10,15,0.21391609467016914,False,conservative_upper_bound,3
33,hero98,10,30,-0.20967923485528117,False,conservative_upper_bound,63
33,hero98,10,60,-0.20967923485528117,False,conservative_upper_bound,63
33,hero98,10,120,-0.27548791675821405,False,conservative_upper_bound,139
33,hero98,10,180,-0.3012898409751758,False,conservative_upper_bound,432
33,hero98,10,240,-0.3092270675383292,True,exact_final,679
34,nancy,1,15,0.8884807665792736,False,conservative_upper_bound,26
34,nancy,1,30,0.6394149180986514,False,conservative_upper_bound,64
34,nancy,1,60,0.5632369023338994,False,conservative_upper_bound,75
34,nancy,1,120,0.5505822184987355,False,conservative_upper_bound,78
34,nancy,1,180,0.44150627435901457,False,conservative_upper_bound,143
34,nancy,1,240,0.42731138506525607,True,exact_final,183
34,nancy,2,15,0.540238766805722,False,conservative_upper_bound,55
34,nancy,2,30,0.4984635508128345,False,conservative_upper_bound,58
34,nancy,2,60,0.441222846996512,False,conservative_upper_bound,68
34,nancy,2,120,0.441222846996512,False,conservative_upper_bound,68
34,nancy,2,180,0.423064841040794,False,conservative_upper_bound,88
34,nancy,2,240,0.4222574381052542,True,exact_final,113
34,nancy,3,15,0.4800947605206928,False,conservative_upper_bound,91
34,nancy,3,30,0.4800947605206928,False,conservative_upper_bound,91
34,nancy,3,60,0.0740833451469513,False,conservative_upper_bound,130
34,nancy,3,120,0.04961007880467185,False,conservative_upper_bound,136
34,nancy,3,180,-0.07122031471432433,False,conservative_upper_bound,214
34,nancy,3,240,-0.09949315328819561,True,exact_final,257
34,nancy,4,15,0.6252414170743062,False,conservative_upper_bound,36
34,nancy,4,30,0.6252414170743062,False,conservative_upper_bound,36
34,nancy,4,60,0.5850468808985175,False,conservative_upper_bound,50
34,nancy,4,120,0.5850468808985175,False,conservative_upper_bound,50
34,nancy,4,180,0.5028498748266271,False,conservative_upper_bound,116
34,nancy,4,240,0.48313459916606477,True,exact_final,197
34,nancy,5,15,0.5809837836939886,False,conservative_upper_bound,28
34,nancy,5,30,0.5343681542298601,False,conservative_upper_bound,37
34,nancy,5,60,0.43966573414476784,False,conservative_upper_bound,60
34,nancy,5,120,0.43926844689796285,False,conservative_upper_bound,61
34,nancy,5,180,0.42323672123460154,False,conservative_upper_bound,78
34,nancy,5,240,0.42092884448905815,True,exact_final,98
34,nancy,6,15,0.603505074724118,False,conservative_upper_bound,65
34,nancy,6,30,0.5921830050671854,False,conservative_upper_bound,74
34,nancy,6,60,0.5518569772804844,False,conservative_upper_bound,145
34,nancy,6,120,0.5092916016347594,False,conservative_upper_bound,150
34,nancy,6,180,0.41963522156073896,False,conservative_upper_bound,209
34,nancy,6,240,0.413433800299897,True,exact_final,233
34,nancy,7,15,0.49611725532251527,False,conservative_upper_bound,125
34,nancy,7,30,0.49611725532251527,False,conservative_upper_bound,125
34,nancy,7,60,0.4523728883248936,False,conservative_upper_bound,138
34,nancy,7,120,0.44121586990493855,False,conservative_upper_bound,144
34,nancy,7,180,0.32494446574176133,False,conservative_upper_bound,267
34,nancy,7,240,0.3064420989806392,True,exact_final,322
34,nancy,8,15,0.4379159156482271,False,conservative_upper_bound,55
34,nancy,8,30,0.4379159156482271,False,conservative_upper_bound,55
34,nancy,8,60,0.3949470685721875,False,conservative_upper_bound,61
34,nancy,8,120,0.37721629939314205,False,conservative_upper_bound,67
34,nancy,8,180,0.20635060217349313,False,conservative_upper_bound,168
34,nancy,8,240,0.1918364651128132,True,exact_final,214
34,nancy,9,15,0.5519563190363126,False,conservative_upper_bound,42
34,nancy,9,30,0.4043664439481649,False,conservative_upper_bound,62
34,nancy,9,60,0.35280853304833615,False,conservative_upper_bound,77
34,nancy,9,120,0.34932529696882114,False,conservative_upper_bound,80
34,nancy,9,180,0.3226628749749909,False,conservative_upper_bound,116
34,nancy,9,240,0.31512286684390434,True,exact_final,137
34,nancy,10,15,0.4247143032631273,False,conservative_upper_bound,101
34,nancy,10,30,0.4214394648783267,False,conservative_upper_bound,102
34,nancy,10,60,0.4172274160757701,False,conservative_upper_bound,111
34,nancy,10,120,0.4172274160757701,False,conservative_upper_bound,111
34,nancy,10,180,0.39553440446983057,False,conservative_upper_bound,161
34,nancy,10,240,0.3946152112159196,True,exact_final,174
35,angel,1,15,0.8362081457217377,False,conservative_upper_bound,178
35,angel,1,30,0.6664492021366499,False,conservative_upper_bound,200
35,angel,1,60,0.4381055511358312,False,conservative_upper_bound,247
35,angel,1,120,0.41949082184205144,False,conservative_upper_bound,265
35,angel,1,180,0.41949082184205144,False,conservative_upper_bound,265
35,angel,1,240,0.38305855275560663,True,exact_final,277
35,angel,2,15,0.702340511283862,False,conservative_upper_bound,46
35,angel,2,30,0.6563265228414551,False,conservative_upper_bound,52
35,angel,2,60,0.48100129143444476,False,conservative_upper_bound,80
35,angel,2,120,0.4743538285869721,False,conservative_upper_bound,82
35,angel,2,180,0.4224514950159119,False,conservative_upper_bound,119
35,angel,2,240,0.4216417810506109,True,exact_final,122
35,angel,3,15,0.3841576516290158,False,conservative_upper_bound,132
35,angel,3,30,0.3841576516290158,False,conservative_upper_bound,132
35,angel,3,60,0.22646830032785725,False,conservative_upper_bound,152
35,angel,3,120,0.1948381673441328,False,conservative_upper_bound,161
35,angel,3,180,-0.005541586565634138,False,conservative_upper_bound,202
35,angel,3,240,-0.011171431664120966,True,exact_final,204
35,angel,4,15,0.5849707489009002,False,conservative_upper_bound,45
35,angel,4,30,0.5849707489009002,False,conservative_upper_bound,45
35,angel,4,60,0.5665998482339821,False,conservative_upper_bound,50
35,angel,4,120,0.44541247850524024,True,exact_final_best_already_reached,82
35,angel,4,180,0.44541247850524024,True,exact_final_best_already_reached,82
35,angel,4,240,0.44541247850524024,True,exact_final,82
35,angel,5,15,0.5276077928671079,False,conservative_upper_bound,38
35,angel,5,30,0.4927447441584853,False,conservative_upper_bound,50
35,angel,5,60,0.4650631554303168,False,conservative_upper_bound,68
35,angel,5,120,0.4353617066141513,False,conservative_upper_bound,77
35,angel,5,180,0.4129339095322048,False,conservative_upper_bound,91
35,angel,5,240,0.4120697706431195,True,exact_final,92
35,angel,6,15,0.5721431475632887,False,conservative_upper_bound,72
35,angel,6,30,0.5721431475632887,False,conservative_upper_bound,72
35,angel,6,60,0.5372508096592032,False,conservative_upper_bound,84
35,angel,6,120,0.4575062046301558,False,conservative_upper_bound,116
35,angel,6,180,0.4509845293435405,True,exact_final_best_already_reached,119
35,angel,6,240,0.4509845293435405,True,exact_final,119
35,angel,7,15,0.564581917760027,False,conservative_upper_bound,299
35,angel,7,30,0.564581917760027,False,conservative_upper_bound,299
35,angel,7,60,0.4806767475337765,False,conservative_upper_bound,323
35,angel,7,120,0.4470820749820137,False,conservative_upper_bound,342
35,angel,7,180,0.39561341572922704,False,conservative_upper_bound,370
35,angel,7,240,0.39162042445481776,True,exact_final,372
35,angel,8,15,0.3982933007412543,False,conservative_upper_bound,72
35,angel,8,30,0.3982933007412543,False,conservative_upper_bound,72
35,angel,8,60,0.2880091789371744,False,conservative_upper_bound,94
35,angel,8,120,0.26513049887603507,False,conservative_upper_bound,97
35,angel,8,180,0.22255525386422473,False,conservative_upper_bound,109
35,angel,8,240,0.2114856517572989,True,exact_final,112
35,angel,9,15,0.5483484693300976,False,conservative_upper_bound,55
35,angel,9,30,0.4028809604433794,False,conservative_upper_bound,83
35,angel,9,60,0.3350997376983517,False,conservative_upper_bound,106
35,angel,9,120,0.3317199563485268,False,conservative_upper_bound,108
35,angel,9,180,0.32313873281911454,True,exact_final_best_already_reached,115
35,angel,9,240,0.32313873281911454,True,exact_final,115
35,angel,10,15,0.4322141863104104,False,conservative_upper_bound,103
35,angel,10,30,0.4322141863104104,False,conservative_upper_bound,103
35,angel,10,60,0.4284171518524049,False,conservative_upper_bound,111
35,angel,10,120,0.4270206709349496,False,conservative_upper_bound,113
35,angel,10,180,0.37245507076500806,False,conservative_upper_bound,159
35,angel,10,240,0.37177243874837834,True,exact_final,161
36,bryanyahir03,1,15,1.5948863884524458,False,conservative_upper_bound,55
36,bryanyahir03,1,30,0.5735051908755839,False,conservative_upper_bound,120
36,bryanyahir03,1,60,0.44452505850190277,False,conservative_upper_bound,152
36,bryanyahir03,1,120,0.3636877599555898,False,conservative_upper_bound,179
36,bryanyahir03,1,180,0.3636877599555898,False,conservative_upper_bound,179
36,bryanyahir03,1,240,0.2926510231445952,True,exact_final,217
36,bryanyahir03,2,15,1.2962722934346749,False,conservative_upper_bound,35
36,bryanyahir03,2,30,0.7119785422812612,False,conservative_upper_bound,60
36,bryanyahir03,2,60,0.45524663043727837,False,conservative_upper_bound,92
36,bryanyahir03,2,120,0.43479137723657074,False,conservative_upper_bound,102
36,bryanyahir03,2,180,0.43103068333203637,False,conservative_upper_bound,104
36,bryanyahir03,2,240,0.4259024558061346,True,exact_final,127
36,bryanyahir03,3,15,1.050170345806115,False,conservative_upper_bound,90
36,bryanyahir03,3,30,0.48331901848536507,False,conservative_upper_bound,115
36,bryanyahir03,3,60,0.4439269637593351,False,conservative_upper_bound,123
36,bryanyahir03,3,120,0.428192241797909,False,conservative_upper_bound,132
36,bryanyahir03,3,180,0.41641684078056457,False,conservative_upper_bound,143
36,bryanyahir03,3,240,0.4122931154535161,True,exact_final,160
36,bryanyahir03,4,15,1.819902963450945,False,conservative_upper_bound,66
36,bryanyahir03,4,30,0.5870456268318057,False,conservative_upper_bound,128
36,bryanyahir03,4,60,0.4180258940127111,False,conservative_upper_bound,184
36,bryanyahir03,4,120,0.4180258940127111,False,conservative_upper_bound,184
36,bryanyahir03,4,180,0.4127856720489746,False,conservative_upper_bound,194
36,bryanyahir03,4,240,0.4117019476103627,True,exact_final,201
36,bryanyahir03,5,15,1.362535551506593,False,conservative_upper_bound,49
36,bryanyahir03,5,30,0.592485263031027,False,conservative_upper_bound,82
36,bryanyahir03,5,60,0.43038272089900476,False,conservative_upper_bound,114
36,bryanyahir03,5,120,0.4270465259808859,False,conservative_upper_bound,118
36,bryanyahir03,5,180,0.4270465259808859,False,conservative_upper_bound,118
36,bryanyahir03,5,240,0.42259379118897317,True,exact_final,126
36,bryanyahir03,6,15,1.8267495511839367,False,conservative_upper_bound,70
36,bryanyahir03,6,30,1.0318817925727826,False,conservative_upper_bound,100
36,bryanyahir03,6,60,0.4327534065277635,False,conservative_upper_bound,157
36,bryanyahir03,6,120,0.2853524866142364,False,conservative_upper_bound,212
36,bryanyahir03,6,180,0.2652164835297025,False,conservative_upper_bound,218
36,bryanyahir03,6,240,0.23827894415401274,True,exact_final,246
36,bryanyahir03,7,15,1.026268123900651,False,conservative_upper_bound,73
36,bryanyahir03,7,30,0.5384486763505568,False,conservative_upper_bound,111
36,bryanyahir03,7,60,0.4281725769699204,False,conservative_upper_bound,137
36,bryanyahir03,7,120,0.31789770593846056,False,conservative_upper_bound,159
36,bryanyahir03,7,180,0.31312331423893414,False,conservative_upper_bound,162
36,bryanyahir03,7,240,0.23055431438063045,True,exact_final,211
36,bryanyahir03,8,15,1.299781746429266,False,conservative_upper_bound,66
36,bryanyahir03,8,30,0.7863148320447166,False,conservative_upper_bound,92
36,bryanyahir03,8,60,0.44725910618604814,False,conservative_upper_bound,142
36,bryanyahir03,8,120,0.42680125136105496,False,conservative_upper_bound,155
36,bryanyahir03,8,180,0.35854848399501593,False,conservative_upper_bound,173
36,bryanyahir03,8,240,0.34308940636680973,True,exact_final,198
36,bryanyahir03,9,15,1.715020452307414,False,conservative_upper_bound,50
36,bryanyahir03,9,30,0.8902618813752142,False,conservative_upper_bound,111
36,bryanyahir03,9,60,0.5462835135301708,False,conservative_upper_bound,195
36,bryanyahir03,9,120,0.33437514517631073,False,conservative_upper_bound,258
36,bryanyahir03,9,180,0.33437514517631073,False,conservative_upper_bound,258
36,bryanyahir03,9,240,0.3246677202009063,True,exact_final,268
36,bryanyahir03,10,15,3.17516577327069,False,conservative_upper_bound,26
36,bryanyahir03,10,30,0.844000252180284,False,conservative_upper_bound,104
36,bryanyahir03,10,60,0.5173015874198782,False,conservative_upper_bound,141
36,bryanyahir03,10,120,0.455537663085415,False,conservative_upper_bound,180
36,bryanyahir03,10,180,0.455537663085415,False,conservative_upper_bound,180
36,bryanyahir03,10,240,0.4383251083011338,True,exact_final,226
37,karibbov,1,15,0.47156460667508393,False,conservative_upper_bound,87
37,karibbov,1,30,0.47156460667508393,False,conservative_upper_bound,87
37,karibbov,1,60,0.4608998662310421,False,conservative_upper_bound,90
37,karibbov,1,120,0.41754484039303946,False,conservative_upper_bound,95
37,karibbov,1,180,0.41530118250432785,False,conservative_upper_bound,96
37,karibbov,1,240,0.39614391118986525,True,exact_final,99
37,karibbov,2,15,0.7541983200776605,False,conservative_upper_bound,84
37,karibbov,2,30,0.5757451809686248,False,conservative_upper_bound,97
37,karibbov,2,60,0.5654851508537523,False,conservative_upper_bound,98
37,karibbov,2,120,0.47046277679615034,False,conservative_upper_bound,110
37,karibbov,2,180,0.4323791496450835,False,conservative_upper_bound,117
37,karibbov,2,240,0.43050844202008676,True,exact_final,118
37,karibbov,3,15,2.6055646655409976,False,conservative_upper_bound,45
37,karibbov,3,30,2.232765292911936,False,conservative_upper_bound,50
37,karibbov,3,60,0.6020963858443628,False,conservative_upper_bound,85
37,karibbov,3,120,0.4605324474948234,False,conservative_upper_bound,99
37,karibbov,3,180,0.4605324474948234,False,conservative_upper_bound,99
37,karibbov,3,240,0.4416204639719789,True,exact_final,103
37,karibbov,4,15,0.7372243438881827,False,conservative_upper_bound,98
37,karibbov,4,30,0.6728437708851679,False,conservative_upper_bound,103
37,karibbov,4,60,0.4470948669773517,False,conservative_upper_bound,133
37,karibbov,4,120,0.44276908524397174,False,conservative_upper_bound,134
37,karibbov,4,180,0.42012241694339025,True,exact_final_best_already_reached,143
37,karibbov,4,240,0.42012241694339025,True,exact_final,143
37,karibbov,5,15,0.6938780526577841,False,conservative_upper_bound,59
37,karibbov,5,30,0.4511893692136262,True,exact_final_best_already_reached,68
37,karibbov,5,60,0.4511893692136262,True,exact_final_best_already_reached,68
37,karibbov,5,120,0.4511893692136262,True,exact_final_best_already_reached,68
37,karibbov,5,180,0.4511893692136262,True,exact_final_best_already_reached,68
37,karibbov,5,240,0.4511893692136262,True,exact_final,68
37,karibbov,6,15,0.4485803679531701,False,conservative_upper_bound,156
37,karibbov,6,30,0.4485803679531701,False,conservative_upper_bound,156
37,karibbov,6,60,0.4485803679531701,False,conservative_upper_bound,156
37,karibbov,6,120,0.4136171215236887,False,conservative_upper_bound,171
37,karibbov,6,180,0.17728737006397383,True,exact_final_best_already_reached,194
37,karibbov,6,240,0.17728737006397383,True,exact_final,194
37,karibbov,7,15,0.5167576125186361,False,conservative_upper_bound,142
37,karibbov,7,30,0.42877905778230174,False,conservative_upper_bound,151
37,karibbov,7,60,0.3916847538234541,False,conservative_upper_bound,154
37,karibbov,7,120,0.2425115632101505,False,conservative_upper_bound,170
37,karibbov,7,180,0.21482715726697854,True,exact_final_best_already_reached,176
37,karibbov,7,240,0.21482715726697854,True,exact_final,176
37,karibbov,8,15,0.6190727006904677,False,conservative_upper_bound,70
37,karibbov,8,30,0.4393277953257983,False,conservative_upper_bound,89
37,karibbov,8,60,0.3924509654082564,False,conservative_upper_bound,96
37,karibbov,8,120,0.226425320738518,False,conservative_upper_bound,107
37,karibbov,8,180,0.13531915309412593,True,exact_final_best_already_reached,124
37,karibbov,8,240,0.13531915309412593,True,exact_final,124
37,karibbov,9,15,0.577515434147129,False,conservative_upper_bound,72
37,karibbov,9,30,0.5675875650767442,False,conservative_upper_bound,73
37,karibbov,9,60,0.5469157237930717,False,conservative_upper_bound,79
37,karibbov,9,120,0.5407761041841822,False,conservative_upper_bound,81
37,karibbov,9,180,0.5198242168365683,True,exact_final_best_already_reached,89
37,karibbov,9,240,0.5198242168365683,True,exact_final,89
37,karibbov,10,15,0.508334249036295,False,conservative_upper_bound,105
37,karibbov,10,30,0.508334249036295,False,conservative_upper_bound,105
37,karibbov,10,60,0.4567739541318379,False,conservative_upper_bound,113
37,karibbov,10,120,0.4567739541318379,False,conservative_upper_bound,113
37,karibbov,10,180,0.43028386531738266,False,conservative_upper_bound,118
37,karibbov,10,240,0.4285628460093655,True,exact_final,119
38,keyiadiannao,1,15,1.5852216703058968,False,conservative_upper_bound,67
38,keyiadiannao,1,30,0.45960565253033997,False,conservative_upper_bound,101
38,keyiadiannao,1,60,0.4253570266965618,False,conservative_upper_bound,110
38,keyiadiannao,1,120,0.4111623246186942,False,conservative_upper_bound,125
38,keyiadiannao,1,180,0.410321426520795,False,conservative_upper_bound,130
38,keyiadiannao,1,240,0.41011923061320604,True,exact_final,132
38,keyiadiannao,2,15,1.3615350708524117,False,conservative_upper_bound,54
38,keyiadiannao,2,30,0.53088422050591,False,conservative_upper_bound,98
38,keyiadiannao,2,60,0.4969586305470655,False,conservative_upper_bound,104
38,keyiadiannao,2,120,0.4166884142474331,False,conservative_upper_bound,122
38,keyiadiannao,2,180,0.25325521068869855,False,conservative_upper_bound,169
38,keyiadiannao,2,240,0.2279848592152296,True,exact_final,182
38,keyiadiannao,3,15,1.2599054819363558,False,conservative_upper_bound,55
38,keyiadiannao,3,30,0.5950891409075904,False,conservative_upper_bound,75
38,keyiadiannao,3,60,0.5622229090752621,False,conservative_upper_bound,77
38,keyiadiannao,3,120,0.4239364829784667,False,conservative_upper_bound,118
38,keyiadiannao,3,180,0.42186085612524155,False,conservative_upper_bound,121
38,keyiadiannao,3,240,0.42140333669469265,True,exact_final,122
38,keyiadiannao,4,15,1.0134577668738591,False,conservative_upper_bound,89
38,keyiadiannao,4,30,0.6489621534983561,False,conservative_upper_bound,141
38,keyiadiannao,4,60,0.5755360880023722,False,conservative_upper_bound,154
38,keyiadiannao,4,120,0.41617370952498683,False,conservative_upper_bound,187
38,keyiadiannao,4,180,0.3517259994341575,False,conservative_upper_bound,199
38,keyiadiannao,4,240,0.287364719010087,True,exact_final,216
38,keyiadiannao,5,15,1.797250759651991,False,conservative_upper_bound,89
38,keyiadiannao,5,30,0.7452311594910656,False,conservative_upper_bound,147
38,keyiadiannao,5,60,0.4497498486233782,False,conservative_upper_bound,187
38,keyiadiannao,5,120,0.4112401054446829,False,conservative_upper_bound,227
38,keyiadiannao,5,180,0.40631749138701156,False,conservative_upper_bound,246
38,keyiadiannao,5,240,0.4047525546270698,True,exact_final,252
38,keyiadiannao,6,15,0.7837860818915527,False,conservative_upper_bound,99
38,keyiadiannao,6,30,0.44382344091318393,False,conservative_upper_bound,129
38,keyiadiannao,6,60,0.3808859786571741,False,conservative_upper_bound,139
38,keyiadiannao,6,120,0.26832050629378507,False,conservative_upper_bound,152
38,keyiadiannao,6,180,0.24342443058257104,False,conservative_upper_bound,157
38,keyiadiannao,6,240,0.2315470968672658,True,exact_final,160
38,keyiadiannao,7,15,1.1526615353215477,False,conservative_upper_bound,64
38,keyiadiannao,7,30,0.48570132415484846,False,conservative_upper_bound,105
38,keyiadiannao,7,60,0.44143709708251316,False,conservative_upper_bound,112
38,keyiadiannao,7,120,0.4119518350998122,False,conservative_upper_bound,139
38,keyiadiannao,7,180,0.4119518350998122,False,conservative_upper_bound,139
38,keyiadiannao,7,240,0.41176252686264314,True,exact_final,140
38,keyiadiannao,8,15,2.320933794819182,False,conservative_upper_bound,52
38,keyiadiannao,8,30,1.8951382570051294,False,conservative_upper_bound,64
38,keyiadiannao,8,60,0.5434176743791274,False,conservative_upper_bound,103
38,keyiadiannao,8,120,0.5340908985869574,False,conservative_upper_bound,108
38,keyiadiannao,8,180,0.4534549118856546,False,conservative_upper_bound,125
38,keyiadiannao,8,240,0.44628505576209143,True,exact_final,126
38,keyiadiannao,9,15,0.9737228609128389,False,conservative_upper_bound,47
38,keyiadiannao,9,30,0.5501225264269783,False,conservative_upper_bound,73
38,keyiadiannao,9,60,0.45367537559728255,False,conservative_upper_bound,87
38,keyiadiannao,9,120,0.41809458525304155,False,conservative_upper_bound,114
38,keyiadiannao,9,180,0.4140356327469831,False,conservative_upper_bound,118
38,keyiadiannao,9,240,0.4118361603090186,True,exact_final,122
38,keyiadiannao,10,15,3.35665006252501,False,conservative_upper_bound,61
38,keyiadiannao,10,30,0.576763208922627,False,conservative_upper_bound,201
38,keyiadiannao,10,60,0.44615577996591826,False,conservative_upper_bound,234
38,keyiadiannao,10,120,0.4283208922605499,False,conservative_upper_bound,245
38,keyiadiannao,10,180,0.42485961118893834,False,conservative_upper_bound,246
38,keyiadiannao,10,240,0.4227339712566746,True,exact_final,250
39,saydem11,1,15,0.6350333914743176,False,conservative_upper_bound,76
39,saydem11,1,30,0.4468335072374613,False,conservative_upper_bound,142
39,saydem11,1,60,0.42600100730008467,False,conservative_upper_bound,159
39,saydem11,1,120,0.41888062326692704,False,conservative_upper_bound,170
39,saydem11,1,180,0.41843196971253405,False,conservative_upper_bound,172
39,saydem11,1,240,0.4162194731139993,True,exact_final,176
39,saydem11,2,15,0.42860936786362824,False,conservative_upper_bound,46
39,saydem11,2,30,0.3330696455484216,False,conservative_upper_bound,54
39,saydem11,2,60,0.3198223653001365,False,conservative_upper_bound,55
39,saydem11,2,120,0.3154460107256644,True,exact_final_best_already_reached,57
39,saydem11,2,180,0.3154460107256644,True,exact_final_best_already_reached,57
39,saydem11,2,240,0.3154460107256644,True,exact_final,57
39,saydem11,3,15,0.9926399096564449,False,conservative_upper_bound,40
39,saydem11,3,30,0.48451403809741833,False,conservative_upper_bound,54
39,saydem11,3,60,0.44240370626171055,False,conservative_upper_bound,59
39,saydem11,3,120,0.429617997492298,False,conservative_upper_bound,70
39,saydem11,3,180,0.429617997492298,False,conservative_upper_bound,70
39,saydem11,3,240,0.4226783701903978,True,exact_final,74
39,saydem11,4,15,0.4784454657599275,False,conservative_upper_bound,58
39,saydem11,4,30,0.40784435505842775,False,conservative_upper_bound,81
39,saydem11,4,60,0.34675420522033695,False,conservative_upper_bound,101
39,saydem11,4,120,0.3411527899456978,False,conservative_upper_bound,108
39,saydem11,4,180,0.24926863041364805,False,conservative_upper_bound,119
39,saydem11,4,240,0.22826983991262131,True,exact_final,126
39,saydem11,5,15,0.5522513903982877,False,conservative_upper_bound,50
39,saydem11,5,30,0.5021558681477586,False,conservative_upper_bound,65
39,saydem11,5,60,0.49957067524246823,False,conservative_upper_bound,69
39,saydem11,5,120,0.4051784845108685,False,conservative_upper_bound,110
39,saydem11,5,180,0.3987229265565353,False,conservative_upper_bound,115
39,saydem11,5,240,0.396529006411123,True,exact_final,116
39,saydem11,6,15,0.4983921406983515,False,conservative_upper_bound,85
39,saydem11,6,30,0.28934625768523303,False,conservative_upper_bound,131
39,saydem11,6,60,0.2248241415184449,False,conservative_upper_bound,146
39,saydem11,6,120,0.20469060513466353,True,exact_final_best_already_reached,151
39,saydem11,6,180,0.20469060513466353,True,exact_final_best_already_reached,151
39,saydem11,6,240,0.20469060513466353,True,exact_final,151
39,saydem11,7,15,2.4073012395487763,False,conservative_upper_bound,17
39,saydem11,7,30,1.7022975931494784,False,conservative_upper_bound,29
39,saydem11,7,60,1.5527039708205357,False,conservative_upper_bound,33
39,saydem11,7,120,0.5260787464324373,False,conservative_upper_bound,91
39,saydem11,7,180,0.5260787464324373,False,conservative_upper_bound,91
39,saydem11,7,240,0.5148303077560883,True,exact_final,94
39,saydem11,8,15,0.7030912598614012,False,conservative_upper_bound,101
39,saydem11,8,30,0.48900668127513514,False,conservative_upper_bound,120
39,saydem11,8,60,0.4288362648304516,False,conservative_upper_bound,134
39,saydem11,8,120,0.4067893779020325,True,exact_final_best_already_reached,147
39,saydem11,8,180,0.4067893779020325,True,exact_final_best_already_reached,147
39,saydem11,8,240,0.4067893779020325,True,exact_final,147
39,saydem11,9,15,0.565071018544803,False,conservative_upper_bound,38
39,saydem11,9,30,0.4398724061643785,False,conservative_upper_bound,65
39,saydem11,9,60,0.4255535471805871,False,conservative_upper_bound,73
39,saydem11,9,120,0.387708218170978,False,conservative_upper_bound,79
39,saydem11,9,180,0.35526735178120455,True,exact_final_best_already_reached,93
39,saydem11,9,240,0.35526735178120455,True,exact_final,93
39,saydem11,10,15,0.7879794972322305,False,conservative_upper_bound,50
39,saydem11,10,30,0.5902117245063393,False,conservative_upper_bound,75
39,saydem11,10,60,0.4789400882421318,False,conservative_upper_bound,97
39,saydem11,10,120,0.4598558558450235,False,conservative_upper_bound,105
39,saydem11,10,180,0.4309293382750633,False,conservative_upper_bound,113
39,saydem11,10,240,0.4276100974856891,True,exact_final,115
40,mwindroschenn,1,15,0.7303618916400262,False,conservative_upper_bound,68
40,mwindroschenn,1,30,0.4441789600390766,False,conservative_upper_bound,91
40,mwindroschenn,1,60,0.42862166906185734,False,conservative_upper_bound,104
40,mwindroschenn,1,120,0.41780049742873515,False,conservative_upper_bound,109
40,mwindroschenn,1,180,0.4139344586697821,False,conservative_upper_bound,112
40,mwindroschenn,1,240,0.41392185093538303,True,exact_final,181
40,mwindroschenn,2,15,0.5234430463920445,False,conservative_upper_bound,68
40,mwindroschenn,2,30,0.44266893064775514,False,conservative_upper_bound,81
40,mwindroschenn,2,60,0.37772415092668665,False,conservative_upper_bound,95
40,mwindroschenn,2,120,0.3667149109781314,False,conservative_upper_bound,101
40,mwindroschenn,2,180,0.3652865630169697,True,exact_final_best_already_reached,114
40,mwindroschenn,2,240,0.3652865630169697,True,exact_final,114
40,mwindroschenn,3,15,1.8433573781495602,False,conservative_upper_bound,12
40,mwindroschenn,3,30,1.3848937848779401,False,conservative_upper_bound,17
40,mwindroschenn,3,60,1.07832972338722,False,conservative_upper_bound,29
40,mwindroschenn,3,120,0.7142652200595397,False,conservative_upper_bound,44
40,mwindroschenn,3,180,0.4268329714155885,False,conservative_upper_bound,84
40,mwindroschenn,3,240,0.42682702661318306,True,exact_final,117
40,mwindroschenn,4,15,0.6127028306501262,False,conservative_upper_bound,29
40,mwindroschenn,4,30,0.5405997812077926,False,conservative_upper_bound,35
40,mwindroschenn,4,60,0.48330322376182433,False,conservative_upper_bound,44
40,mwindroschenn,4,120,0.43392084114404084,False,conservative_upper_bound,72
40,mwindroschenn,4,180,0.3808936888035964,True,exact_final_best_already_reached,119
40,mwindroschenn,4,240,0.3808936888035964,True,exact_final,119
40,mwindroschenn,5,15,0.6603346246553758,False,conservative_upper_bound,36
40,mwindroschenn,5,30,0.572572031076573,False,conservative_upper_bound,54
40,mwindroschenn,5,60,0.5602795256805501,False,conservative_upper_bound,65
40,mwindroschenn,5,120,0.4434438475308673,False,conservative_upper_bound,92
40,mwindroschenn,5,180,0.4362687972182353,False,conservative_upper_bound,120
40,mwindroschenn,5,240,0.4308321836883225,True,exact_final,145
40,mwindroschenn,6,15,1.0847224603199654,False,conservative_upper_bound,46
40,mwindroschenn,6,30,0.8868174982859992,False,conservative_upper_bound,57
40,mwindroschenn,6,60,0.4955542028639211,False,conservative_upper_bound,82
40,mwindroschenn,6,120,0.4185884250255918,False,conservative_upper_bound,108
40,mwindroschenn,6,180,0.4150012601603285,False,conservative_upper_bound,203
40,mwindroschenn,6,240,0.4148388358466643,True,exact_final,214
40,mwindroschenn,7,15,0.8516122388898871,False,conservative_upper_bound,71
40,mwindroschenn,7,30,0.5681983620767423,False,conservative_upper_bound,117
40,mwindroschenn,7,60,0.5518641803436393,False,conservative_upper_bound,125
40,mwindroschenn,7,120,0.4378907604377477,False,conservative_upper_bound,155
40,mwindroschenn,7,180,0.4267809032758399,True,exact_final_best_already_reached,162
40,mwindroschenn,7,240,0.4267809032758399,True,exact_final,162
40,mwindroschenn,8,15,0.6208642975115884,False,conservative_upper_bound,92
40,mwindroschenn,8,30,0.45536440882502327,False,conservative_upper_bound,111
40,mwindroschenn,8,60,0.4385668380682681,False,conservative_upper_bound,117
40,mwindroschenn,8,120,0.4200541787439538,True,exact_final_best_already_reached,128
40,mwindroschenn,8,180,0.4200541787439538,True,exact_final_best_already_reached,128
40,mwindroschenn,8,240,0.4200541787439538,True,exact_final,128
40,mwindroschenn,9,15,0.6501395429660438,False,conservative_upper_bound,112
40,mwindroschenn,9,30,0.4434032047241334,False,conservative_upper_bound,161
40,mwindroschenn,9,60,0.36589410541237827,False,conservative_upper_bound,180
40,mwindroschenn,9,120,0.2633644106466975,False,conservative_upper_bound,199
40,mwindroschenn,9,180,0.2177062753310349,False,conservative_upper_bound,297
40,mwindroschenn,9,240,0.20592764035287425,True,exact_final,335
40,mwindroschenn,10,15,0.4648026400611447,False,conservative_upper_bound,41
40,mwindroschenn,10,30,0.41585154367022675,False,conservative_upper_bound,57
40,mwindroschenn,10,60,0.41559062618948495,False,conservative_upper_bound,59
40,mwindroschenn,10,120,0.3653802123233876,False,conservative_upper_bound,73
40,mwindroschenn,10,180,0.359364087243403,False,conservative_upper_bound,135
40,mwindroschenn,10,240,0.35934765116012785,True,exact_final,202
41,coldxplunge,1,15,0.35408866531847083,False,conservative_upper_bound,128
41,coldxplunge,1,30,0.3349454900974932,False,conservative_upper_bound,165
41,coldxplunge,1,60,0.32600847283759554,False,conservative_upper_bound,206
41,coldxplunge,1,120,0.32362926556053495,False,conservative_upper_bound,225
41,coldxplunge,1,180,0.32207714828982875,False,conservative_upper_bound,246
41,coldxplunge,1,240,0.3213733512007196,True,exact_final,262
41,coldxplunge,2,15,0.7321891864633477,False,conservative_upper_bound,373
41,coldxplunge,2,30,0.7321891864633477,False,conservative_upper_bound,373
41,coldxplunge,2,60,0.5186968911092353,False,conservative_upper_bound,461
41,coldxplunge,2,120,0.4918048275949144,False,conservative_upper_bound,484
41,coldxplunge,2,180,0.48777582769659317,False,conservative_upper_bound,489
41,coldxplunge,2,240,0.44576713325519424,True,exact_final,712
41,coldxplunge,3,15,0.7410729722324197,False,conservative_upper_bound,131
41,coldxplunge,3,30,0.7410729722324197,False,conservative_upper_bound,131
41,coldxplunge,3,60,0.554871910897139,False,conservative_upper_bound,179
41,coldxplunge,3,120,0.5299709675824249,False,conservative_upper_bound,193
41,coldxplunge,3,180,0.5254586617838836,False,conservative_upper_bound,210
41,coldxplunge,3,240,0.5215985532653057,True,exact_final,222
41,coldxplunge,4,15,0.3916117040303718,False,conservative_upper_bound,67
41,coldxplunge,4,30,0.3916117040303718,False,conservative_upper_bound,67
41,coldxplunge,4,60,0.3895144704746461,False,conservative_upper_bound,70
41,coldxplunge,4,120,0.38348908008178534,False,conservative_upper_bound,88
41,coldxplunge,4,180,0.3819961648959047,False,conservative_upper_bound,95
41,coldxplunge,4,240,0.3808057506726805,True,exact_final,107
41,coldxplunge,5,15,0.49876057937747675,False,conservative_upper_bound,199
41,coldxplunge,5,30,0.49783679757228727,False,conservative_upper_bound,201
41,coldxplunge,5,60,0.4732213451555096,False,conservative_upper_bound,231
41,coldxplunge,5,120,0.431838859005963,False,conservative_upper_bound,283
41,coldxplunge,5,180,0.42962415467327847,False,conservative_upper_bound,301
41,coldxplunge,5,240,0.42670121216134727,True,exact_final,383
41,coldxplunge,6,15,0.29907422807565526,False,conservative_upper_bound,156
41,coldxplunge,6,30,0.22049659428725568,False,conservative_upper_bound,194
41,coldxplunge,6,60,0.18402178591610252,False,conservative_upper_bound,232
41,coldxplunge,6,120,0.15689726912834384,False,conservative_upper_bound,265
41,coldxplunge,6,180,0.13896842501895562,False,conservative_upper_bound,304
41,coldxplunge,6,240,0.11696613263840597,True,exact_final,478
41,coldxplunge,7,15,0.5544189722595873,False,conservative_upper_bound,222
41,coldxplunge,7,30,0.49261062576374487,False,conservative_upper_bound,254
41,coldxplunge,7,60,0.4514763183655816,False,conservative_upper_bound,285
41,coldxplunge,7,120,0.41398516048475203,False,conservative_upper_bound,351
41,coldxplunge,7,180,0.4132974871008674,False,conservative_upper_bound,359
41,coldxplunge,7,240,0.4129820405089236,True,exact_final,372
41,coldxplunge,8,15,0.511036062219692,False,conservative_upper_bound,120
41,coldxplunge,8,30,0.49772874151402136,False,conservative_upper_bound,123
41,coldxplunge,8,60,0.4249448280741933,False,conservative_upper_bound,162
41,coldxplunge,8,120,0.42171846012194025,False,conservative_upper_bound,166
41,coldxplunge,8,180,0.41597914518952794,False,conservative_upper_bound,178
41,coldxplunge,8,240,0.4108523538950874,True,exact_final,197
41,coldxplunge,9,15,0.5813655084986908,False,conservative_upper_bound,98
41,coldxplunge,9,30,0.5813655084986908,False,conservative_upper_bound,98
41,coldxplunge,9,60,0.4985721424986977,False,conservative_upper_bound,111
41,coldxplunge,9,120,0.4887433267101169,False,conservative_upper_bound,119
41,coldxplunge,9,180,0.4734408070738754,False,conservative_upper_bound,126
41,coldxplunge,9,240,0.42594786659521416,True,exact_final,409
41,coldxplunge,10,15,0.46862750848544493,False,conservative_upper_bound,99
41,coldxplunge,10,30,0.46862750848544493,False,conservative_upper_bound,99
41,coldxplunge,10,60,0.4435201523372891,False,conservative_upper_bound,135
41,coldxplunge,10,120,0.435392344741412,False,conservative_upper_bound,149
41,coldxplunge,10,180,0.4250998513806682,False,conservative_upper_bound,184
41,coldxplunge,10,240,0.4077819833557983,True,exact_final,309
42,aky_lab,1,15,0.5507810786800649,False,conservative_upper_bound,51
42,aky_lab,1,30,0.5229359469499872,False,conservative_upper_bound,62
42,aky_lab,1,60,0.43563412611417107,False,conservative_upper_bound,144
42,aky_lab,1,120,0.4147485730378048,False,conservative_upper_bound,173
42,aky_lab,1,180,0.41352064424591783,False,conservative_upper_bound,177
42,aky_lab,1,240,0.41317930374219103,True,exact_final,178
42,aky_lab,2,15,1.7189715294334962,False,conservative_upper_bound,62
42,aky_lab,2,30,1.6214743943408814,False,conservative_upper_bound,76
42,aky_lab,2,60,0.7640139878304067,False,conservative_upper_bound,180
42,aky_lab,2,120,0.5173162307068886,False,conservative_upper_bound,233
42,aky_lab,2,180,0.48302257068627874,False,conservative_upper_bound,237
42,aky_lab,2,240,0.35696293496910986,True,exact_final,273
42,aky_lab,3,15,1.231311957710339,False,conservative_upper_bound,49
42,aky_lab,3,30,0.7644706490457869,False,conservative_upper_bound,67
42,aky_lab,3,60,0.4386621144277557,False,conservative_upper_bound,107
42,aky_lab,3,120,0.425668278164964,False,conservative_upper_bound,113
42,aky_lab,3,180,0.42387040221023725,False,conservative_upper_bound,118
42,aky_lab,3,240,0.42307200802002326,True,exact_final,120
42,aky_lab,4,15,0.5872021399220162,False,conservative_upper_bound,46
42,aky_lab,4,30,0.5592060700351454,False,conservative_upper_bound,56
42,aky_lab,4,60,0.1671848817156161,False,conservative_upper_bound,192
42,aky_lab,4,120,0.15931186314386883,False,conservative_upper_bound,208
42,aky_lab,4,180,0.15817151817976113,False,conservative_upper_bound,210
42,aky_lab,4,240,0.15800592827145754,True,exact_final,212
42,aky_lab,5,15,1.0295035887452508,False,conservative_upper_bound,71
42,aky_lab,5,30,1.0180435492880373,False,conservative_upper_bound,74
42,aky_lab,5,60,0.48420272565883865,False,conservative_upper_bound,141
42,aky_lab,5,120,0.4310871398527938,False,conservative_upper_bound,260
42,aky_lab,5,180,0.3632777709593781,False,conservative_upper_bound,374
42,aky_lab,5,240,0.3422839812950286,True,exact_final,426
42,aky_lab,6,15,2.9273349891739278,False,conservative_upper_bound,32
42,aky_lab,6,30,1.5379709403350337,False,conservative_upper_bound,55
42,aky_lab,6,60,0.8200050970923393,False,conservative_upper_bound,109
42,aky_lab,6,120,0.5452379500745125,False,conservative_upper_bound,158
42,aky_lab,6,180,0.46100489151351,False,conservative_upper_bound,175
42,aky_lab,6,240,0.4584679474085594,True,exact_final,177
42,aky_lab,7,15,2.003972905591744,False,conservative_upper_bound,78
42,aky_lab,7,30,0.7289412836387151,False,conservative_upper_bound,134
42,aky_lab,7,60,0.45171016743315806,False,conservative_upper_bound,335
42,aky_lab,7,120,0.4192696046316904,False,conservative_upper_bound,380
42,aky_lab,7,180,0.41763370105567127,False,conservative_upper_bound,389
42,aky_lab,7,240,0.3640470424760585,True,exact_final,405
42,aky_lab,8,15,2.5375389638358077,False,conservative_upper_bound,65
42,aky_lab,8,30,2.336350630253586,False,conservative_upper_bound,74
42,aky_lab,8,60,2.004121790594706,False,conservative_upper_bound,120
42,aky_lab,8,120,1.830925449005431,False,conservative_upper_bound,196
42,aky_lab,8,180,1.7441921620207563,False,conservative_upper_bound,245
42,aky_lab,8,240,0.5160688185614867,True,exact_final,326
42,aky_lab,9,15,0.5254035433403343,False,conservative_upper_bound,113
42,aky_lab,9,30,0.46186711216149123,False,conservative_upper_bound,119
42,aky_lab,9,60,0.4148516490049268,False,conservative_upper_bound,136
42,aky_lab,9,120,0.41172714426841794,False,conservative_upper_bound,142
42,aky_lab,9,180,0.4115566997496056,False,conservative_upper_bound,143
42,aky_lab,9,240,0.4112161155277424,True,exact_final,144
42,aky_lab,10,15,2.1149326430983377,False,conservative_upper_bound,46
42,aky_lab,10,30,1.6040187936513204,False,conservative_upper_bound,63
42,aky_lab,10,60,1.3711381163380147,False,conservative_upper_bound,77
42,aky_lab,10,120,0.6883020850681726,False,conservative_upper_bound,251
42,aky_lab,10,180,0.48777396210707785,False,conservative_upper_bound,368
42,aky_lab,10,240,0.4317581504008365,True,exact_final,430
43,esaid,1,15,0.7131596059657477,False,conservative_upper_bound,48
43,esaid,1,30,0.39227770491111513,False,conservative_upper_bound,175
43,esaid,1,60,0.3801724346831831,False,conservative_upper_bound,191
43,esaid,1,120,0.36743648541568596,False,conservative_upper_bound,212
43,esaid,1,180,0.3662756341049692,True,exact_final_best_already_reached,215
43,esaid,1,240,0.3662756341049692,True,exact_final,215
43,esaid,2,15,1.9050470049009673,False,conservative_upper_bound,47
43,esaid,2,30,0.6669464912373682,False,conservative_upper_bound,548
43,esaid,2,60,0.46319413353965744,False,conservative_upper_bound,610
43,esaid,2,120,0.45538103866370505,False,conservative_upper_bound,618
43,esaid,2,180,0.44815316321146503,False,conservative_upper_bound,620
43,esaid,2,240,0.43897752708701787,True,exact_final,624
43,esaid,3,15,0.888646810791019,False,conservative_upper_bound,58
43,esaid,3,30,0.5145185817916399,False,conservative_upper_bound,201
43,esaid,3,60,0.4326987871781283,False,conservative_upper_bound,239
43,esaid,3,120,0.38043093703881975,False,conservative_upper_bound,309
43,esaid,3,180,0.32669594549963743,False,conservative_upper_bound,349
43,esaid,3,240,0.3229430096603555,True,exact_final,355
43,esaid,4,15,1.6108872674249954,False,conservative_upper_bound,49
43,esaid,4,30,0.5903494902363041,False,conservative_upper_bound,389
43,esaid,4,60,0.5823493844865312,False,conservative_upper_bound,410
43,esaid,4,120,0.5023423487948321,False,conservative_upper_bound,460
43,esaid,4,180,0.492007165964116,False,conservative_upper_bound,466
43,esaid,4,240,0.4837712998116112,True,exact_final,474
43,esaid,5,15,0.9682906686078443,False,conservative_upper_bound,29
43,esaid,5,30,0.4506348085372008,False,conservative_upper_bound,191
43,esaid,5,60,0.4377128086141606,False,conservative_upper_bound,209
43,esaid,5,120,0.43507601875850754,False,conservative_upper_bound,214
43,esaid,5,180,0.43492176114432185,False,conservative_upper_bound,215
43,esaid,5,240,0.4288876332395442,True,exact_final,228
43,esaid,6,15,1.244340954095943,False,conservative_upper_bound,53
43,esaid,6,30,0.4293087084535743,False,conservative_upper_bound,318
43,esaid,6,60,0.4219897274977656,False,conservative_upper_bound,328
43,esaid,6,120,0.4168189892177741,False,conservative_upper_bound,342
43,esaid,6,180,0.4163852356295321,False,conservative_upper_bound,345
43,esaid,6,240,0.41417693893489943,True,exact_final,352
43,esaid,7,15,0.931301304145504,False,conservative_upper_bound,71
43,esaid,7,30,0.41535154452262724,False,conservative_upper_bound,235
43,esaid,7,60,0.4119554002816257,False,conservative_upper_bound,243
43,esaid,7,120,0.3428777441670354,False,conservative_upper_bound,309
43,esaid,7,180,0.33436448455862017,False,conservative_upper_bound,318
43,esaid,7,240,0.3336502927776595,True,exact_final,320
43,esaid,8,15,0.8133750110446438,False,conservative_upper_bound,59
43,esaid,8,30,0.5172656865038915,False,conservative_upper_bound,159
43,esaid,8,60,0.4303953149529491,False,conservative_upper_bound,228
43,esaid,8,120,0.42653471653167224,True,exact_final_best_already_reached,236
43,esaid,8,180,0.42653471653167224,True,exact_final_best_already_reached,236
43,esaid,8,240,0.42653471653167224,True,exact_final,236
43,esaid,9,15,0.7319918578863803,False,conservative_upper_bound,50
43,esaid,9,30,0.33054233192248483,False,conservative_upper_bound,268
43,esaid,9,60,0.3173148653997283,False,conservative_upper_bound,282
43,esaid,9,120,0.3122336687111261,False,conservative_upper_bound,296
43,esaid,9,180,0.31103696956030324,True,exact_final_best_already_reached,303
43,esaid,9,240,0.31103696956030324,True,exact_final,303
43,esaid,10,15,0.5386067452548919,False,conservative_upper_bound,74
43,esaid,10,30,0.48296688926737136,False,conservative_upper_bound,114
43,esaid,10,60,0.4444420746838095,False,conservative_upper_bound,133
43,esaid,10,120,0.44139633227055086,False,conservative_upper_bound,138
43,esaid,10,180,0.4398615934849386,False,conservative_upper_bound,140
43,esaid,10,240,0.4276277140043034,True,exact_final,182
44,lollotrollo,1,15,0.7157297491258158,False,conservative_upper_bound,74
44,lollotrollo,1,30,0.4433287373597257,False,conservative_upper_bound,93
44,lollotrollo,1,60,0.4220595889960906,False,conservative_upper_bound,102
44,lollotrollo,1,120,0.4220595889960906,False,conservative_upper_bound,102
44,lollotrollo,1,180,0.4220595889960906,False,conservative_upper_bound,102
44,lollotrollo,1,240,0.41031860911949947,True,exact_final,145
44,lollotrollo,2,15,1.4184884006052394,False,conservative_upper_bound,46
44,lollotrollo,2,30,0.8525319653217736,False,conservative_upper_bound,75
44,lollotrollo,2,60,0.65955046937112,False,conservative_upper_bound,97
44,lollotrollo,2,120,0.5637598641141863,False,conservative_upper_bound,155
44,lollotrollo,2,180,0.4900780018484959,False,conservative_upper_bound,165
44,lollotrollo,2,240,0.4306983607852496,True,exact_final,188
44,lollotrollo,3,15,0.995396156708134,False,conservative_upper_bound,38
44,lollotrollo,3,30,0.596903654984594,False,conservative_upper_bound,52
44,lollotrollo,3,60,0.4292269124874356,False,conservative_upper_bound,66
44,lollotrollo,3,120,0.4292269124874356,False,conservative_upper_bound,66
44,lollotrollo,3,180,0.4292269124874356,False,conservative_upper_bound,66
44,lollotrollo,3,240,0.42195473824486224,True,exact_final,85
44,lollotrollo,4,15,2.3841385522902616,False,conservative_upper_bound,127
44,lollotrollo,4,30,0.9385479000356969,False,conservative_upper_bound,231
44,lollotrollo,4,60,0.6977458721880976,False,conservative_upper_bound,269
44,lollotrollo,4,120,0.44799745316215567,False,conservative_upper_bound,321
44,lollotrollo,4,180,0.4335153139474499,False,conservative_upper_bound,331
44,lollotrollo,4,240,0.41049183487063134,True,exact_final,382
44,lollotrollo,5,15,3.058267968533095,False,conservative_upper_bound,26
44,lollotrollo,5,30,1.8015285960724463,False,conservative_upper_bound,54
44,lollotrollo,5,60,0.6444588992984243,False,conservative_upper_bound,181
44,lollotrollo,5,120,0.45845899603003704,False,conservative_upper_bound,221
44,lollotrollo,5,180,0.42718450902913746,False,conservative_upper_bound,230
44,lollotrollo,5,240,0.4223159730242991,True,exact_final,245
44,lollotrollo,6,15,0.9570328444367686,False,conservative_upper_bound,82
44,lollotrollo,6,30,0.8960022206459022,False,conservative_upper_bound,93
44,lollotrollo,6,60,0.42861216051825013,False,conservative_upper_bound,170
44,lollotrollo,6,120,0.42861216051825013,False,conservative_upper_bound,170
44,lollotrollo,6,180,0.42861216051825013,False,conservative_upper_bound,170
44,lollotrollo,6,240,0.4152507085991883,True,exact_final,219
44,lollotrollo,7,15,3.806518513675335,False,conservative_upper_bound,46
44,lollotrollo,7,30,2.1407425961651367,False,conservative_upper_bound,143
44,lollotrollo,7,60,1.056805380087255,False,conservative_upper_bound,231
44,lollotrollo,7,120,0.7529257557776637,False,conservative_upper_bound,262
44,lollotrollo,7,180,0.7158854569241114,False,conservative_upper_bound,263
44,lollotrollo,7,240,0.5262639447381846,True,exact_final,319
44,lollotrollo,8,15,4.0045350255902,False,conservative_upper_bound,46
44,lollotrollo,8,30,3.5523891782929,False,conservative_upper_bound,62
44,lollotrollo,8,60,1.1792886657514852,False,conservative_upper_bound,130
44,lollotrollo,8,120,0.5250824045344614,False,conservative_upper_bound,202
44,lollotrollo,8,180,0.5250824045344614,False,conservative_upper_bound,202
44,lollotrollo,8,240,0.33005843825970893,True,exact_final,328
44,lollotrollo,9,15,1.8133151385539537,False,conservative_upper_bound,136
44,lollotrollo,9,30,1.8012497867213721,False,conservative_upper_bound,157
44,lollotrollo,9,60,0.8997287143724085,False,conservative_upper_bound,218
44,lollotrollo,9,120,0.5751870398284912,False,conservative_upper_bound,270
44,lollotrollo,9,180,0.5751870398284912,False,conservative_upper_bound,270
44,lollotrollo,9,240,0.4700746820454637,True,exact_final,326
44,lollotrollo,10,15,0.733398253192205,False,conservative_upper_bound,251
44,lollotrollo,10,30,0.41995740382714575,False,conservative_upper_bound,288
44,lollotrollo,10,60,0.41995740382714575,False,conservative_upper_bound,288
44,lollotrollo,10,120,0.41995740382714575,False,conservative_upper_bound,288
44,lollotrollo,10,180,0.41995740382714575,False,conservative_upper_bound,288
44,lollotrollo,10,240,0.41009051057816365,True,exact_final,321
45,grzegorz,1,15,1.9387956042897525,False,conservative_upper_bound,86
45,grzegorz,1,30,0.5845191490524982,False,conservative_upper_bound,204
45,grzegorz,1,60,0.538858912771929,False,conservative_upper_bound,221
45,grzegorz,1,120,0.5205937660979799,False,conservative_upper_bound,228
45,grzegorz,1,180,0.5022955771667367,False,conservative_upper_bound,232
45,grzegorz,1,240,0.4461555335703673,True,exact_final,251
45,grzegorz,2,15,1.4338896665787793,False,conservative_upper_bound,59
45,grzegorz,2,30,0.8529437459387071,False,conservative_upper_bound,85
45,grzegorz,2,60,0.7790785187652647,False,conservative_upper_bound,100
45,grzegorz,2,120,0.6745241944630876,False,conservative_upper_bound,125
45,grzegorz,2,180,0.38681322323961537,True,exact_final_best_already_reached,180
45,grzegorz,2,240,0.38681322323961537,True,exact_final,180
45,grzegorz,3,15,2.7574050948276216,False,conservative_upper_bound,53
45,grzegorz,3,30,0.7372584485658407,False,conservative_upper_bound,73
45,grzegorz,3,60,0.4250512290887248,True,exact_final_best_already_reached,103
45,grzegorz,3,120,0.4250512290887248,True,exact_final_best_already_reached,103
45,grzegorz,3,180,0.4250512290887248,True,exact_final_best_already_reached,103
45,grzegorz,3,240,0.4250512290887248,True,exact_final,103
45,grzegorz,4,15,1.4755997184881886,False,conservative_upper_bound,66
45,grzegorz,4,30,0.3592189680742028,False,conservative_upper_bound,128
45,grzegorz,4,60,0.3592189680742028,False,conservative_upper_bound,128
45,grzegorz,4,120,0.3592189680742028,False,conservative_upper_bound,128
45,grzegorz,4,180,0.3592189680742028,False,conservative_upper_bound,128
45,grzegorz,4,240,0.35510868281500846,True,exact_final,135
45,grzegorz,5,15,4.483357556798366,False,conservative_upper_bound,35
45,grzegorz,5,30,4.481164425915325,False,conservative_upper_bound,42
45,grzegorz,5,60,0.9642929689657345,False,conservative_upper_bound,174
45,grzegorz,5,120,0.4977013049943005,False,conservative_upper_bound,270
45,grzegorz,5,180,0.42189643724159226,False,conservative_upper_bound,291
45,grzegorz,5,240,0.42086118847172577,True,exact_final,293
45,grzegorz,6,15,2.1676843221514965,False,conservative_upper_bound,58
45,grzegorz,6,30,2.1676843221514965,False,conservative_upper_bound,58
45,grzegorz,6,60,0.46501689370764726,False,conservative_upper_bound,291
45,grzegorz,6,120,0.4269822273435381,False,conservative_upper_bound,318
45,grzegorz,6,180,0.4268763656296049,False,conservative_upper_bound,319
45,grzegorz,6,240,0.4000811099785861,True,exact_final,333
45,grzegorz,7,15,1.1173081942860457,False,conservative_upper_bound,74
45,grzegorz,7,30,0.7153728658733703,False,conservative_upper_bound,85
45,grzegorz,7,60,0.6651480253058167,False,conservative_upper_bound,91
45,grzegorz,7,120,0.5473826740093484,False,conservative_upper_bound,104
45,grzegorz,7,180,0.45408940772948087,False,conservative_upper_bound,125
45,grzegorz,7,240,0.42350904960109687,True,exact_final,136
45,grzegorz,8,15,4.054028794974426,False,conservative_upper_bound,25
45,grzegorz,8,30,3.933006897962382,False,conservative_upper_bound,33
45,grzegorz,8,60,0.7734046208415835,False,conservative_upper_bound,175
45,grzegorz,8,120,0.5297206716837836,False,conservative_upper_bound,286
45,grzegorz,8,180,0.4955795519796549,False,conservative_upper_bound,298
45,grzegorz,8,240,0.49446522875876314,True,exact_final,299
45,grzegorz,9,15,4.113045755024824,False,conservative_upper_bound,11
45,grzegorz,9,30,4.113045755024824,False,conservative_upper_bound,11
45,grzegorz,9,60,0.6284798383451977,False,conservative_upper_bound,96
45,grzegorz,9,120,0.5725593438432426,False,conservative_upper_bound,134
45,grzegorz,9,180,0.5628678929028638,False,conservative_upper_bound,138
45,grzegorz,9,240,0.5251578788282933,True,exact_final,171
45,grzegorz,10,15,3.1521308122112424,False,conservative_upper_bound,52
45,grzegorz,10,30,1.0056241284710625,False,conservative_upper_bound,148
45,grzegorz,10,60,0.5918117870642681,False,conservative_upper_bound,242
45,grzegorz,10,120,0.5037164499036241,False,conservative_upper_bound,285
45,grzegorz,10,180,0.5037164499036241,False,conservative_upper_bound,285
45,grzegorz,10,240,0.5009361451903174,True,exact_final,288
46,darisdzakwan,1,15,3.8432205026227946,False,conservative_upper_bound,42
46,darisdzakwan,1,30,3.8432205026227946,False,conservative_upper_bound,42
46,darisdzakwan,1,60,3.825235496412463,False,conservative_upper_bound,43
46,darisdzakwan,1,120,0.46148824641318587,False,conservative_upper_bound,96
46,darisdzakwan,1,180,0.4160480484273585,True,exact_final_best_already_reached,118
46,darisdzakwan,1,240,0.4160480484273585,True,exact_final,118
46,darisdzakwan,2,15,2.2620477143336304,False,conservative_upper_bound,45
46,darisdzakwan,2,30,1.8094516633801108,False,conservative_upper_bound,56
46,darisdzakwan,2,60,1.0032342094893731,False,conservative_upper_bound,89
46,darisdzakwan,2,120,0.7299614757073098,False,conservative_upper_bound,135
46,darisdzakwan,2,180,0.47508080769996386,False,conservative_upper_bound,209
46,darisdzakwan,2,240,0.41586992586294436,True,exact_final,222
46,darisdzakwan,3,15,2.073426121317344,False,conservative_upper_bound,55
46,darisdzakwan,3,30,1.8066368952520713,False,conservative_upper_bound,74
46,darisdzakwan,3,60,1.791913282374575,False,conservative_upper_bound,80
46,darisdzakwan,3,120,0.9494909063402657,False,conservative_upper_bound,98
46,darisdzakwan,3,180,0.4257983402913388,False,conservative_upper_bound,143
46,darisdzakwan,3,240,0.4241024104309887,True,exact_final,147
46,darisdzakwan,4,15,3.665249491821593,False,conservative_upper_bound,40
46,darisdzakwan,4,30,3.3256220146882067,False,conservative_upper_bound,48
46,darisdzakwan,4,60,2.101969043736464,False,conservative_upper_bound,113
46,darisdzakwan,4,120,0.5389043973412345,False,conservative_upper_bound,226
46,darisdzakwan,4,180,0.49116199943696465,False,conservative_upper_bound,258
46,darisdzakwan,4,240,0.4891382521537939,True,exact_final,259
46,darisdzakwan,5,15,1.5622648828950976,False,conservative_upper_bound,64
46,darisdzakwan,5,30,1.5622648828950976,False,conservative_upper_bound,64
46,darisdzakwan,5,60,1.5622648828950976,False,conservative_upper_bound,64
46,darisdzakwan,5,120,0.5725704555068726,False,conservative_upper_bound,182
46,darisdzakwan,5,180,0.52249798151642,True,exact_final_best_already_reached,192
46,darisdzakwan,5,240,0.52249798151642,True,exact_final,192
46,darisdzakwan,6,15,2.402509802921619,False,conservative_upper_bound,72
46,darisdzakwan,6,30,1.9596535085075257,False,conservative_upper_bound,101
46,darisdzakwan,6,60,0.9919646202503012,False,conservative_upper_bound,137
46,darisdzakwan,6,120,0.4165212753717739,False,conservative_upper_bound,218
46,darisdzakwan,6,180,0.4165212753717739,False,conservative_upper_bound,218
46,darisdzakwan,6,240,0.4088105128258161,True,exact_final,230
46,darisdzakwan,7,15,3.6201611655147516,False,conservative_upper_bound,62
46,darisdzakwan,7,30,2.292984448460521,False,conservative_upper_bound,101
46,darisdzakwan,7,60,1.7006562893585533,False,conservative_upper_bound,123
46,darisdzakwan,7,120,1.4043248213914377,False,conservative_upper_bound,134
46,darisdzakwan,7,180,0.44711785829007683,False,conservative_upper_bound,210
46,darisdzakwan,7,240,0.42427489687314385,True,exact_final,220
46,darisdzakwan,8,15,1.9993198585160223,False,conservative_upper_bound,85
46,darisdzakwan,8,30,1.204237196171009,False,conservative_upper_bound,164
46,darisdzakwan,8,60,0.43208165650399266,False,conservative_upper_bound,254
46,darisdzakwan,8,120,0.4303067888873444,False,conservative_upper_bound,258
46,darisdzakwan,8,180,0.4140324033453904,False,conservative_upper_bound,272
46,darisdzakwan,8,240,0.34915892860787595,True,exact_final,299
46,darisdzakwan,9,15,2.1685849925342287,False,conservative_upper_bound,43
46,darisdzakwan,9,30,1.3826613858759589,False,conservative_upper_bound,57
46,darisdzakwan,9,60,1.1554895379639907,False,conservative_upper_bound,72
46,darisdzakwan,9,120,0.4868785712390093,False,conservative_upper_bound,130
46,darisdzakwan,9,180,0.4826997340907087,False,conservative_upper_bound,132
46,darisdzakwan,9,240,0.47963371827927165,True,exact_final,136
46,darisdzakwan,10,15,3.8098328939677377,False,conservative_upper_bound,30
46,darisdzakwan,10,30,3.8098328939677377,False,conservative_upper_bound,30
46,darisdzakwan,10,60,2.078742880678102,False,conservative_upper_bound,88
46,darisdzakwan,10,120,0.5834700875142215,False,conservative_upper_bound,339
46,darisdzakwan,10,180,0.5163375140037113,True,exact_final_best_already_reached,349
46,darisdzakwan,10,240,0.5163375140037113,True,exact_final,349
47,abelincoln,1,15,0.7862242372124766,False,conservative_upper_bound,53
47,abelincoln,1,30,0.4469017195191519,False,conservative_upper_bound,74
47,abelincoln,1,60,0.43543871249213,False,conservative_upper_bound,77
47,abelincoln,1,120,0.42178771543794397,False,conservative_upper_bound,82
47,abelincoln,1,180,0.41815459900917107,False,conservative_upper_bound,88
47,abelincoln,1,240,0.41549756664504645,True,exact_final,90
47,abelincoln,2,15,1.2765420307731234,False,conservative_upper_bound,92
47,abelincoln,2,30,0.4613919827910986,False,conservative_upper_bound,144
47,abelincoln,2,60,0.4613919827910986,False,conservative_upper_bound,144
47,abelincoln,2,120,0.4575393942753996,True,exact_final_best_already_reached,146
47,abelincoln,2,180,0.4575393942753996,True,exact_final_best_already_reached,146
47,abelincoln,2,240,0.4575393942753996,True,exact_final,146
47,abelincoln,3,15,1.884901992871998,False,conservative_upper_bound,101
47,abelincoln,3,30,0.6074094855669006,False,conservative_upper_bound,248
47,abelincoln,3,60,0.4373222501591914,False,conservative_upper_bound,283
47,abelincoln,3,120,0.4179938725773569,False,conservative_upper_bound,302
47,abelincoln,3,180,0.4166029574540985,False,conservative_upper_bound,305
47,abelincoln,3,240,0.4156764144719363,True,exact_final,308
47,abelincoln,4,15,4.125304208650581,False,conservative_upper_bound,72
47,abelincoln,4,30,4.117465729507699,False,conservative_upper_bound,81
47,abelincoln,4,60,0.45439318796737277,False,conservative_upper_bound,236
47,abelincoln,4,120,0.42822320064106906,False,conservative_upper_bound,249
47,abelincoln,4,180,0.4266728746523245,False,conservative_upper_bound,250
47,abelincoln,4,240,0.4236122226380335,True,exact_final,251
47,abelincoln,5,15,0.4275497582893167,False,conservative_upper_bound,106
47,abelincoln,5,30,0.4198363043899452,False,conservative_upper_bound,109
47,abelincoln,5,60,0.4198363043899452,False,conservative_upper_bound,109
47,abelincoln,5,120,0.4182878952216714,True,exact_final_best_already_reached,110
47,abelincoln,5,180,0.4182878952216714,True,exact_final_best_already_reached,110
47,abelincoln,5,240,0.4182878952216714,True,exact_final,110
47,abelincoln,6,15,0.5959648324991222,False,conservative_upper_bound,126
47,abelincoln,6,30,0.5628224722265928,False,conservative_upper_bound,127
47,abelincoln,6,60,0.41576775355970497,False,conservative_upper_bound,207
47,abelincoln,6,120,0.39881060418207,True,exact_final_best_already_reached,219
47,abelincoln,6,180,0.39881060418207,True,exact_final_best_already_reached,219
47,abelincoln,6,240,0.39881060418207,True,exact_final,219
47,abelincoln,7,15,1.419752675243294,False,conservative_upper_bound,58
47,abelincoln,7,30,0.6414128052024988,False,conservative_upper_bound,107
47,abelincoln,7,60,0.6132008978465884,True,exact_final_best_already_reached,125
47,abelincoln,7,120,0.6132008978465884,True,exact_final_best_already_reached,125
47,abelincoln,7,180,0.6132008978465884,True,exact_final_best_already_reached,125
47,abelincoln,7,240,0.6132008978465884,True,exact_final,125
47,abelincoln,8,15,0.43730321052065424,False,conservative_upper_bound,89
47,abelincoln,8,30,0.42100830941888634,False,conservative_upper_bound,96
47,abelincoln,8,60,0.42066575502854164,False,conservative_upper_bound,97
47,abelincoln,8,120,0.42066575502854164,False,conservative_upper_bound,97
47,abelincoln,8,180,0.4196100253871154,False,conservative_upper_bound,98
47,abelincoln,8,240,0.41762311294371507,True,exact_final,99
47,abelincoln,9,15,0.680463575659366,False,conservative_upper_bound,80
47,abelincoln,9,30,0.5927719605302191,False,conservative_upper_bound,113
47,abelincoln,9,60,0.5377027157162961,False,conservative_upper_bound,133
47,abelincoln,9,120,0.5239576568331661,False,conservative_upper_bound,141
47,abelincoln,9,180,0.5233734009155888,True,exact_final_best_already_reached,142
47,abelincoln,9,240,0.5233734009155888,True,exact_final,142
47,abelincoln,10,15,0.8359784847437552,False,conservative_upper_bound,56
47,abelincoln,10,30,0.7362146472714448,False,conservative_upper_bound,66
47,abelincoln,10,60,0.435796499859022,True,exact_final_best_already_reached,96
47,abelincoln,10,120,0.435796499859022,True,exact_final_best_already_reached,96
47,abelincoln,10,180,0.435796499859022,True,exact_final_best_already_reached,96
47,abelincoln,10,240,0.435796499859022,True,exact_final,96
48,nacolu,1,15,1.2329933911002287,False,conservative_upper_bound,628
48,nacolu,1,30,0.9253235959779688,False,conservative_upper_bound,672
48,nacolu,1,60,0.46719590280646894,False,conservative_upper_bound,738
48,nacolu,1,120,0.4461131269043713,False,conservative_upper_bound,752
48,nacolu,1,180,0.44363936078266725,False,conservative_upper_bound,758
48,nacolu,1,240,0.42892186648587555,True,exact_final,830
48,nacolu,2,15,0.878304375150214,False,conservative_upper_bound,141
48,nacolu,2,30,0.6906449152011576,False,conservative_upper_bound,163
48,nacolu,2,60,0.5828696133952016,False,conservative_upper_bound,183
48,nacolu,2,120,0.49770977881303674,False,conservative_upper_bound,202
48,nacolu,2,180,0.4735667433090167,False,conservative_upper_bound,217
48,nacolu,2,240,0.4550864549840815,True,exact_final,252
48,nacolu,3,15,0.42712216644693646,False,conservative_upper_bound,667
48,nacolu,3,30,0.41667220047143605,False,conservative_upper_bound,689
48,nacolu,3,60,0.41357414554402383,False,conservative_upper_bound,704
48,nacolu,3,120,0.41222954501283027,False,conservative_upper_bound,714
48,nacolu,3,180,0.4105635033480913,False,conservative_upper_bound,730
48,nacolu,3,240,0.4102783567198408,True,exact_final,784
48,nacolu,4,15,0.48660357837108836,False,conservative_upper_bound,577
48,nacolu,4,30,0.4757577196359282,False,conservative_upper_bound,585
48,nacolu,4,60,0.4686004612855368,False,conservative_upper_bound,592
48,nacolu,4,120,0.4581902912272707,False,conservative_upper_bound,599
48,nacolu,4,180,0.42401643412997686,False,conservative_upper_bound,634
48,nacolu,4,240,0.41707302909897587,True,exact_final,709
48,nacolu,5,15,1.5666598014926791,False,conservative_upper_bound,148
48,nacolu,5,30,1.447102545779481,False,conservative_upper_bound,249
48,nacolu,5,60,1.1263535275304977,False,conservative_upper_bound,276
48,nacolu,5,120,1.0026706320446075,False,conservative_upper_bound,300
48,nacolu,5,180,0.9373506200482872,False,conservative_upper_bound,315
48,nacolu,5,240,0.8931473828498446,True,exact_final,385
48,nacolu,6,15,0.5184601089815392,False,conservative_upper_bound,65
48,nacolu,6,30,0.4840049436122048,False,conservative_upper_bound,85
48,nacolu,6,60,0.44747619227046304,False,conservative_upper_bound,104
48,nacolu,6,120,0.40740190653762903,False,conservative_upper_bound,137
48,nacolu,6,180,0.383787872678581,False,conservative_upper_bound,185
48,nacolu,6,240,0.36580074563654996,True,exact_final,255
48,nacolu,7,15,0.40918604265866515,False,conservative_upper_bound,191
48,nacolu,7,30,0.40436254473457245,False,conservative_upper_bound,207
48,nacolu,7,60,0.40328292750483613,False,conservative_upper_bound,213
48,nacolu,7,120,0.4032828139411136,False,conservative_upper_bound,214
48,nacolu,7,180,0.4022960786071834,False,conservative_upper_bound,227
48,nacolu,7,240,0.4020741759951224,True,exact_final,287
48,nacolu,8,15,0.4479340420001017,False,conservative_upper_bound,63
48,nacolu,8,30,0.4479340387210388,False,conservative_upper_bound,65
48,nacolu,8,60,0.44793265549510775,False,conservative_upper_bound,68
48,nacolu,8,120,0.4439533200668137,False,conservative_upper_bound,74
48,nacolu,8,180,0.43593313600585876,False,conservative_upper_bound,107
48,nacolu,8,240,0.42266396513676635,True,exact_final,192
48,nacolu,9,15,0.21523484664974837,False,conservative_upper_bound,339
48,nacolu,9,30,0.19088939357927093,False,conservative_upper_bound,382
48,nacolu,9,60,0.17018832806039033,False,conservative_upper_bound,418
48,nacolu,9,120,0.16351369908886612,False,conservative_upper_bound,442
48,nacolu,9,180,0.16171523330135443,False,conservative_upper_bound,450
48,nacolu,9,240,0.15956591380032245,True,exact_final,527
48,nacolu,10,15,1.1684295276243162,False,conservative_upper_bound,408
48,nacolu,10,30,0.7469802443100082,False,conservative_upper_bound,635
48,nacolu,10,60,0.5849468944832223,False,conservative_upper_bound,670
48,nacolu,10,120,0.5849468944436901,False,conservative_upper_bound,672
48,nacolu,10,180,0.5817441951141425,False,conservative_upper_bound,680
48,nacolu,10,240,0.5738848179033921,True,exact_final,748
49,jnapoles,1,15,1.0671156956480863,False,conservative_upper_bound,201
49,jnapoles,1,30,0.8509664187725141,False,conservative_upper_bound,228
49,jnapoles,1,60,0.8017674294474886,False,conservative_upper_bound,241
49,jnapoles,1,120,0.6592368192964753,False,conservative_upper_bound,261
49,jnapoles,1,180,0.6568996824136895,True,exact_final_best_already_reached,263
49,jnapoles,1,240,0.6568996824136895,True,exact_final,263
49,jnapoles,2,15,0.7849952055064268,False,conservative_upper_bound,64
49,jnapoles,2,30,0.7849952055064268,False,conservative_upper_bound,64
49,jnapoles,2,60,0.7777147459359859,False,conservative_upper_bound,66
49,jnapoles,2,120,0.6644331837320487,False,conservative_upper_bound,73
49,jnapoles,2,180,0.6644331837320487,False,conservative_upper_bound,73
49,jnapoles,2,240,0.6493060158691065,True,exact_final,74
49,jnapoles,3,15,2.1572353343635666,False,conservative_upper_bound,96
49,jnapoles,3,30,0.6329566933456876,False,conservative_upper_bound,126
49,jnapoles,3,60,0.4423911868813413,False,conservative_upper_bound,148
49,jnapoles,3,120,0.4313299606984306,False,conservative_upper_bound,152
49,jnapoles,3,180,0.4273260992840697,True,exact_final_best_already_reached,154
49,jnapoles,3,240,0.4273260992840697,True,exact_final,154
49,jnapoles,4,15,0.8375628529290112,False,conservative_upper_bound,120
49,jnapoles,4,30,0.7814199510414241,False,conservative_upper_bound,122
49,jnapoles,4,60,0.6667304732912929,False,conservative_upper_bound,139
49,jnapoles,4,120,0.6484449987624182,False,conservative_upper_bound,144
49,jnapoles,4,180,0.6247672912578505,True,exact_final_best_already_reached,149
49,jnapoles,4,240,0.6247672912578505,True,exact_final,149
49,jnapoles,5,15,1.3895295827639842,False,conservative_upper_bound,132
49,jnapoles,5,30,1.3401235442784087,False,conservative_upper_bound,169
49,jnapoles,5,60,0.43419275487057996,False,conservative_upper_bound,316
49,jnapoles,5,120,0.4168023348023682,False,conservative_upper_bound,330
49,jnapoles,5,180,0.4155537470716773,False,conservative_upper_bound,332
49,jnapoles,5,240,0.4155521948389081,True,exact_final,333
49,jnapoles,6,15,3.0546323463152034,False,conservative_upper_bound,55
49,jnapoles,6,30,2.8777364258715648,False,conservative_upper_bound,56
49,jnapoles,6,60,2.4981664683901634,False,conservative_upper_bound,83
49,jnapoles,6,120,2.394802828583621,False,conservative_upper_bound,93
49,jnapoles,6,180,2.394802828583621,False,conservative_upper_bound,93
49,jnapoles,6,240,0.5800864559723441,True,exact_final,227
49,jnapoles,7,15,0.38826527471669836,False,conservative_upper_bound,159
49,jnapoles,7,30,0.3616961555310698,False,conservative_upper_bound,169
49,jnapoles,7,60,0.3544757723379757,False,conservative_upper_bound,173
49,jnapoles,7,120,0.30849021051676523,True,exact_final_best_already_reached,185
49,jnapoles,7,180,0.30849021051676523,True,exact_final_best_already_reached,185
49,jnapoles,7,240,0.30849021051676523,True,exact_final,185
49,jnapoles,8,15,4.198932146909394,False,conservative_upper_bound,29
49,jnapoles,8,30,4.198443945979241,False,conservative_upper_bound,35
49,jnapoles,8,60,0.5752199035351169,False,conservative_upper_bound,219
49,jnapoles,8,120,0.4642569746822436,False,conservative_upper_bound,263
49,jnapoles,8,180,0.46375822208685635,True,exact_final_best_already_reached,264
49,jnapoles,8,240,0.46375822208685635,True,exact_final,264
49,jnapoles,9,15,0.555996954370559,False,conservative_upper_bound,147
49,jnapoles,9,30,0.5287417191273696,False,conservative_upper_bound,163
49,jnapoles,9,60,0.5208217819621309,False,conservative_upper_bound,168
49,jnapoles,9,120,0.5080942624465203,False,conservative_upper_bound,175
49,jnapoles,9,180,0.506051420253943,False,conservative_upper_bound,178
49,jnapoles,9,240,0.5039575707174504,True,exact_final,179
49,jnapoles,10,15,1.7852121520809692,False,conservative_upper_bound,87
49,jnapoles,10,30,1.7813174470680708,False,conservative_upper_bound,105
49,jnapoles,10,60,1.7812474032555792,False,conservative_upper_bound,106
49,jnapoles,10,120,1.7201817473182026,False,conservative_upper_bound,160
49,jnapoles,10,180,0.3974374786059201,False,conservative_upper_bound,278
49,jnapoles,10,240,0.39486134192112204,True,exact_final,279
50,anyon,1,15,0.5660547952301614,False,conservative_upper_bound,61
50,anyon,1,30,0.4938742788810608,False,conservative_upper_bound,67
50,anyon,1,60,0.4920440851818958,False,conservative_upper_bound,68
50,anyon,1,120,0.47132223116379207,False,conservative_upper_bound,71
50,anyon,1,180,0.47132223116379207,False,conservative_upper_bound,71
50,anyon,1,240,0.47070627852830876,True,exact_final,72
50,anyon,2,15,0.770561537985975,False,conservative_upper_bound,48
50,anyon,2,30,0.6952812936416402,False,conservative_upper_bound,52
50,anyon,2,60,0.6199510916504495,False,conservative_upper_bound,57
50,anyon,2,120,0.6199510916504495,False,conservative_upper_bound,57
50,anyon,2,180,0.5499007025957452,False,conservative_upper_bound,64
50,anyon,2,240,0.49711199152155877,True,exact_final,69
50,anyon,3,15,0.9214781958450565,False,conservative_upper_bound,32
50,anyon,3,30,0.8427351640677209,False,conservative_upper_bound,38
50,anyon,3,60,0.7718211271616067,False,conservative_upper_bound,41
50,anyon,3,120,0.7718211271616067,False,conservative_upper_bound,41
50,anyon,3,180,0.5472537451238267,False,conservative_upper_bound,46
50,anyon,3,240,0.4724870348659094,True,exact_final,49
50,anyon,4,15,1.3998504625637287,False,conservative_upper_bound,48
50,anyon,4,30,0.7606721457726547,False,conservative_upper_bound,71
50,anyon,4,60,0.5880804032188495,False,conservative_upper_bound,90
50,anyon,4,120,0.5044150285446619,False,conservative_upper_bound,97
50,anyon,4,180,0.5014041014610257,True,exact_final_best_already_reached,98
50,anyon,4,240,0.5014041014610257,True,exact_final,98
50,anyon,5,15,0.9014871032635773,False,conservative_upper_bound,45
50,anyon,5,30,0.8851618128519934,False,conservative_upper_bound,49
50,anyon,5,60,0.8076649385328432,True,exact_final_best_already_reached,52
50,anyon,5,120,0.8076649385328432,True,exact_final_best_already_reached,52
50,anyon,5,180,0.8076649385328432,True,exact_final_best_already_reached,52
50,anyon,5,240,0.8076649385328432,True,exact_final,52
50,anyon,6,15,0.6338142457454076,False,conservative_upper_bound,57
50,anyon,6,30,0.5515716826510099,False,conservative_upper_bound,63
50,anyon,6,60,0.522593866517883,False,conservative_upper_bound,68
50,anyon,6,120,0.4803162485017525,False,conservative_upper_bound,76
50,anyon,6,180,0.47916258652932525,False,conservative_upper_bound,77
50,anyon,6,240,0.47620000490551234,True,exact_final,78
50,anyon,7,15,0.9545418347022814,False,conservative_upper_bound,49
50,anyon,7,30,0.7373671080588972,False,conservative_upper_bound,58
50,anyon,7,60,0.6851660945146572,False,conservative_upper_bound,61
50,anyon,7,120,0.625897120827844,False,conservative_upper_bound,64
50,anyon,7,180,0.5809819061750188,False,conservative_upper_bound,67
50,anyon,7,240,0.5585523264340135,True,exact_final,68
50,anyon,8,15,1.0489584393634879,False,conservative_upper_bound,52
50,anyon,8,30,0.7537480672829588,False,conservative_upper_bound,71
50,anyon,8,60,0.6719288780440666,False,conservative_upper_bound,74
50,anyon,8,120,0.6059877025484025,False,conservative_upper_bound,79
50,anyon,8,180,0.5545593611157139,False,conservative_upper_bound,81
50,anyon,8,240,0.5371283423988753,True,exact_final,82
50,anyon,9,15,1.0366688746106791,False,conservative_upper_bound,61
50,anyon,9,30,0.9165717500824344,False,conservative_upper_bound,197
50,anyon,9,60,0.6209336859957605,False,conservative_upper_bound,263
50,anyon,9,120,0.5100571657817974,False,conservative_upper_bound,266
50,anyon,9,180,0.5100571657817974,False,conservative_upper_bound,266
50,anyon,9,240,0.4928476762527069,True,exact_final,267
50,anyon,10,15,0.8127341425472717,False,conservative_upper_bound,91
50,anyon,10,30,0.5257517007189284,False,conservative_upper_bound,106
50,anyon,10,60,0.5164979349973219,False,conservative_upper_bound,109
50,anyon,10,120,0.5124681437408002,False,conservative_upper_bound,111
50,anyon,10,180,0.5122161215307961,True,exact_final_best_already_reached,112
50,anyon,10,240,0.5122161215307961,True,exact_final,112
51,jdvillate2,1,15,1.9393578708624022,False,conservative_upper_bound,103
51,jdvillate2,1,30,0.8333972577000591,False,conservative_upper_bound,153
51,jdvillate2,1,60,0.7492433964015399,False,conservative_upper_bound,162
51,jdvillate2,1,120,0.6069202723534473,False,conservative_upper_bound,205
51,jdvillate2,1,180,0.5590205297122658,True,exact_final_best_already_reached,212
51,jdvillate2,1,240,0.5590205297122658,True,exact_final,212
51,jdvillate2,2,15,0.7707036506083771,False,conservative_upper_bound,155
51,jdvillate2,2,30,0.6852690202256619,False,conservative_upper_bound,168
51,jdvillate2,2,60,0.6205728267086632,False,conservative_upper_bound,189
51,jdvillate2,2,120,0.2658696070092785,False,conservative_upper_bound,257
51,jdvillate2,2,180,0.25751635065869916,False,conservative_upper_bound,263
51,jdvillate2,2,240,0.25588222490177825,True,exact_final,265
51,jdvillate2,3,15,3.9719024647810763,False,conservative_upper_bound,68
51,jdvillate2,3,30,1.4250981176466677,False,conservative_upper_bound,146
51,jdvillate2,3,60,0.9115483186334512,False,conservative_upper_bound,245
51,jdvillate2,3,120,0.9062306408890595,False,conservative_upper_bound,260
51,jdvillate2,3,180,0.4300063480915717,False,conservative_upper_bound,335
51,jdvillate2,3,240,0.42736958330296376,True,exact_final,337
51,jdvillate2,4,15,4.440600060960058,False,conservative_upper_bound,330
51,jdvillate2,4,30,0.7963886440423582,False,conservative_upper_bound,439
51,jdvillate2,4,60,0.6353842265349869,False,conservative_upper_bound,462
51,jdvillate2,4,120,0.592559137224292,False,conservative_upper_bound,472
51,jdvillate2,4,180,0.5896704420676003,True,exact_final_best_already_reached,473
51,jdvillate2,4,240,0.5896704420676003,True,exact_final,473
51,jdvillate2,5,15,1.625945974786484,False,conservative_upper_bound,104
51,jdvillate2,5,30,1.2504482991748693,False,conservative_upper_bound,137
51,jdvillate2,5,60,1.2504482991748693,False,conservative_upper_bound,137
51,jdvillate2,5,120,0.5398242307959633,False,conservative_upper_bound,287
51,jdvillate2,5,180,0.5388448555661565,True,exact_final_best_already_reached,289
51,jdvillate2,5,240,0.5388448555661565,True,exact_final,289
51,jdvillate2,6,15,4.038580677208295,False,conservative_upper_bound,66
51,jdvillate2,6,30,4.034601557142925,False,conservative_upper_bound,72
51,jdvillate2,6,60,4.021575851776553,False,conservative_upper_bound,92
51,jdvillate2,6,120,0.6051021984661091,False,conservative_upper_bound,347
51,jdvillate2,6,180,0.5557883303280436,False,conservative_upper_bound,368
51,jdvillate2,6,240,0.5539433956781674,True,exact_final,371
51,jdvillate2,7,15,0.8419918594767759,False,conservative_upper_bound,107
51,jdvillate2,7,30,0.7229694080503748,False,conservative_upper_bound,117
51,jdvillate2,7,60,0.6849589002940134,False,conservative_upper_bound,122
51,jdvillate2,7,120,0.6546238428468195,True,exact_final_best_already_reached,126
51,jdvillate2,7,180,0.6546238428468195,True,exact_final_best_already_reached,126
51,jdvillate2,7,240,0.6546238428468195,True,exact_final,126
51,jdvillate2,8,15,4.042660114814052,False,conservative_upper_bound,51
51,jdvillate2,8,30,4.030658865831391,False,conservative_upper_bound,72
51,jdvillate2,8,60,4.024143821925571,False,conservative_upper_bound,86
51,jdvillate2,8,120,0.4798745206696022,False,conservative_upper_bound,254
51,jdvillate2,8,180,0.45038938023629926,False,conservative_upper_bound,277
51,jdvillate2,8,240,0.43530641432739003,True,exact_final,294
51,jdvillate2,9,15,3.6611687506963753,False,conservative_upper_bound,18
51,jdvillate2,9,30,1.045608998872863,False,conservative_upper_bound,38
51,jdvillate2,9,60,0.5878362266015409,False,conservative_upper_bound,79
51,jdvillate2,9,120,0.5555588897686816,True,exact_final_best_already_reached,81
51,jdvillate2,9,180,0.5555588897686816,True,exact_final_best_already_reached,81
51,jdvillate2,9,240,0.5555588897686816,True,exact_final,81
51,jdvillate2,10,15,4.219346433155984,False,conservative_upper_bound,15
51,jdvillate2,10,30,4.219346433155984,False,conservative_upper_bound,15
51,jdvillate2,10,60,4.219346433155984,False,conservative_upper_bound,15
51,jdvillate2,10,120,4.219346433155984,False,conservative_upper_bound,15
51,jdvillate2,10,180,4.219346433155984,False,conservative_upper_bound,15
51,jdvillate2,10,240,0.8708904106769002,True,exact_final,98
52,baran,1,15,1.921716933337933,False,conservative_upper_bound,109
52,baran,1,30,1.2703065219666425,False,conservative_upper_bound,130
52,baran,1,60,0.9064998574057802,False,conservative_upper_bound,136
52,baran,1,120,0.597115300871707,False,conservative_upper_bound,196
52,baran,1,180,0.5601312606329759,False,conservative_upper_bound,206
52,baran,1,240,0.5503810537738753,True,exact_final,277
52,baran,2,15,3.474275255447267,False,conservative_upper_bound,64
52,baran,2,30,2.6109310527328797,False,conservative_upper_bound,92
52,baran,2,60,0.6660571948697677,False,conservative_upper_bound,259
52,baran,2,120,0.4720329337473717,False,conservative_upper_bound,388
52,baran,2,180,0.4321322346084482,False,conservative_upper_bound,492
52,baran,2,240,0.4276280404091239,True,exact_final,604
52,baran,3,15,3.4900205552670878,False,conservative_upper_bound,72
52,baran,3,30,1.7919616757368237,False,conservative_upper_bound,122
52,baran,3,60,0.7852054027560667,False,conservative_upper_bound,167
52,baran,3,120,0.6033106086961894,False,conservative_upper_bound,196
52,baran,3,180,0.5245275816469015,False,conservative_upper_bound,235
52,baran,3,240,0.48906364162705973,True,exact_final,412
52,baran,4,15,3.6904820319562637,False,conservative_upper_bound,48
52,baran,4,30,2.7202738960247803,False,conservative_upper_bound,88
52,baran,4,60,1.1274932206024242,False,conservative_upper_bound,182
52,baran,4,120,0.8479217790494497,False,conservative_upper_bound,246
52,baran,4,180,0.8443868195752162,False,conservative_upper_bound,247
52,baran,4,240,0.7647316719864335,True,exact_final,540
52,baran,5,15,3.250471690574,False,conservative_upper_bound,72
52,baran,5,30,1.4423215029634116,False,conservative_upper_bound,100
52,baran,5,60,0.909921340821756,False,conservative_upper_bound,133
52,baran,5,120,0.5925258640880005,False,conservative_upper_bound,174
52,baran,5,180,0.5354490309209348,False,conservative_upper_bound,208
52,baran,5,240,0.45584115180564255,True,exact_final,288
52,baran,6,15,2.5720478763931713,False,conservative_upper_bound,63
52,baran,6,30,1.80799491976223,False,conservative_upper_bound,121
52,baran,6,60,0.6573125075904901,False,conservative_upper_bound,181
52,baran,6,120,0.6113794634981363,False,conservative_upper_bound,209
52,baran,6,180,0.6113794634981363,False,conservative_upper_bound,209
52,baran,6,240,0.6068420632851784,True,exact_final,280
52,baran,7,15,3.756186702404701,False,conservative_upper_bound,60
52,baran,7,30,3.0073049641621523,False,conservative_upper_bound,90
52,baran,7,60,1.7661105091255105,False,conservative_upper_bound,109
52,baran,7,120,1.4153429198889051,False,conservative_upper_bound,193
52,baran,7,180,1.149026412118299,False,conservative_upper_bound,263
52,baran,7,240,0.8857741594636906,True,exact_final,422
52,baran,8,15,3.2961137415499095,False,conservative_upper_bound,79
52,baran,8,30,2.4573533468787936,False,conservative_upper_bound,106
52,baran,8,60,1.6495647212055753,False,conservative_upper_bound,125
52,baran,8,120,0.8209777158838195,False,conservative_upper_bound,222
52,baran,8,180,0.5877669283271361,False,conservative_upper_bound,293
52,baran,8,240,0.5105330752050896,True,exact_final,426
52,baran,9,15,3.002930318045271,False,conservative_upper_bound,87
52,baran,9,30,1.9343050276705165,False,conservative_upper_bound,127
52,baran,9,60,0.4760620906687339,False,conservative_upper_bound,302
52,baran,9,120,0.4265820830938339,False,conservative_upper_bound,351
52,baran,9,180,0.41717540187520996,False,conservative_upper_bound,397
52,baran,9,240,0.413286828749475,True,exact_final,466
52,baran,10,15,2.7122960413081403,False,conservative_upper_bound,74
52,baran,10,30,0.7618322803475158,False,conservative_upper_bound,151
52,baran,10,60,0.5993804595345149,False,conservative_upper_bound,192
52,baran,10,120,0.5993804595345149,False,conservative_upper_bound,192
52,baran,10,180,0.5993804595345149,False,conservative_upper_bound,192
52,baran,10,240,0.5362677646386698,True,exact_final,572
53,maxhe,1,15,2.2044417064051918,False,conservative_upper_bound,28
53,maxhe,1,30,1.2037830424157003,False,conservative_upper_bound,43
53,maxhe,1,60,0.9325953017571256,False,conservative_upper_bound,51
53,maxhe,1,120,0.9325953017571256,False,conservative_upper_bound,51
53,maxhe,1,180,0.9325953017571256,False,conservative_upper_bound,51
53,maxhe,1,240,0.5055745185895287,True,exact_final,127
53,maxhe,2,15,2.567151884524778,False,conservative_upper_bound,61
53,maxhe,2,30,2.1133880068602413,False,conservative_upper_bound,69
53,maxhe,2,60,1.1886364983934452,False,conservative_upper_bound,109
53,maxhe,2,120,0.453424163477075,False,conservative_upper_bound,172
53,maxhe,2,180,0.453424163477075,False,conservative_upper_bound,172
53,maxhe,2,240,0.425940872901142,True,exact_final,241
53,maxhe,3,15,3.009227155526228,False,conservative_upper_bound,78
53,maxhe,3,30,2.2212311978972146,False,conservative_upper_bound,94
53,maxhe,3,60,1.5964084462760753,False,conservative_upper_bound,122
53,maxhe,3,120,0.9536089776995791,False,conservative_upper_bound,181
53,maxhe,3,180,0.8121871680093884,False,conservative_upper_bound,228
53,maxhe,3,240,0.7535329424664002,True,exact_final,314
53,maxhe,4,15,2.8430116759130817,False,conservative_upper_bound,43
53,maxhe,4,30,1.781138994635253,False,conservative_upper_bound,69
53,maxhe,4,60,0.8610034070567776,False,conservative_upper_bound,102
53,maxhe,4,120,0.5749505749747116,False,conservative_upper_bound,112
53,maxhe,4,180,0.5749505749747116,False,conservative_upper_bound,112
53,maxhe,4,240,0.4626199675694273,True,exact_final,403
53,maxhe,5,15,2.456798612754251,False,conservative_upper_bound,39
53,maxhe,5,30,1.905622697894458,False,conservative_upper_bound,54
53,maxhe,5,60,1.3296649300890928,False,conservative_upper_bound,67
53,maxhe,5,120,0.9611365831747489,False,conservative_upper_bound,88
53,maxhe,5,180,0.9472455838032108,False,conservative_upper_bound,89
53,maxhe,5,240,0.8381469663214196,True,exact_final,284
53,maxhe,6,15,2.8052097551395425,False,conservative_upper_bound,62
53,maxhe,6,30,1.517365572739003,False,conservative_upper_bound,78
53,maxhe,6,60,0.8145045747303619,False,conservative_upper_bound,102
53,maxhe,6,120,0.6544163505895415,False,conservative_upper_bound,114
53,maxhe,6,180,0.6544163505895415,False,conservative_upper_bound,114
53,maxhe,6,240,0.42857406144724947,True,exact_final,660
53,maxhe,7,15,2.3507121797216737,False,conservative_upper_bound,59
53,maxhe,7,30,1.73368185077108,False,conservative_upper_bound,69
53,maxhe,7,60,1.283023123543475,False,conservative_upper_bound,88
53,maxhe,7,120,1.1717664504690044,False,conservative_upper_bound,90
53,maxhe,7,180,1.1265930313253991,False,conservative_upper_bound,115
53,maxhe,7,240,0.9691241982829786,True,exact_final,368
53,maxhe,8,15,2.881138606947723,False,conservative_upper_bound,40
53,maxhe,8,30,1.0858393289060295,False,conservative_upper_bound,72
53,maxhe,8,60,0.498855859688085,False,conservative_upper_bound,107
53,maxhe,8,120,0.4451973313174343,False,conservative_upper_bound,121
53,maxhe,8,180,0.4451973313174343,False,conservative_upper_bound,121
53,maxhe,8,240,0.4271650518711445,True,exact_final,400
53,maxhe,9,15,3.4715777378553403,False,conservative_upper_bound,69
53,maxhe,9,30,2.5354476582208423,False,conservative_upper_bound,112
53,maxhe,9,60,1.4459897941552367,False,conservative_upper_bound,134
53,maxhe,9,120,0.8029433450852287,False,conservative_upper_bound,171
53,maxhe,9,180,0.8029433450852287,False,conservative_upper_bound,171
53,maxhe,9,240,0.5731061356418856,True,exact_final,738
53,maxhe,10,15,1.8832543091007419,False,conservative_upper_bound,56
53,maxhe,10,30,1.404747127998133,False,conservative_upper_bound,63
53,maxhe,10,60,1.2038276760830464,False,conservative_upper_bound,74
53,maxhe,10,120,0.9857048668389586,False,conservative_upper_bound,93
53,maxhe,10,180,0.6246149826725508,False,conservative_upper_bound,117
53,maxhe,10,240,0.5033167292977436,True,exact_final,433
54,hocayi,1,15,3.7348318333836916,False,conservative_upper_bound,35
54,hocayi,1,30,3.7348318333836916,False,conservative_upper_bound,35
54,hocayi,1,60,3.7348318333836916,False,conservative_upper_bound,35
54,hocayi,1,120,0.646908880351748,False,conservative_upper_bound,81
54,hocayi,1,180,0.43370126942149045,False,conservative_upper_bound,102
54,hocayi,1,240,0.4314382699803318,True,exact_final,105
54,hocayi,2,15,1.942607761533437,False,conservative_upper_bound,57
54,hocayi,2,30,1.8203189382789198,False,conservative_upper_bound,74
54,hocayi,2,60,1.8186075291180512,False,conservative_upper_bound,77
54,hocayi,2,120,1.547804904497314,False,conservative_upper_bound,166
54,hocayi,2,180,0.5746194021788252,False,conservative_upper_bound,293
54,hocayi,2,240,0.5476208678015194,True,exact_final,301
54,hocayi,3,15,3.898406287655669,False,conservative_upper_bound,31
54,hocayi,3,30,1.5535675661770636,False,conservative_upper_bound,62
54,hocayi,3,60,0.6561238050132372,False,conservative_upper_bound,147
54,hocayi,3,120,0.6534031306385606,False,conservative_upper_bound,153
54,hocayi,3,180,0.6527031488189268,True,exact_final_best_already_reached,154
54,hocayi,3,240,0.6527031488189268,True,exact_final,154
54,hocayi,4,15,1.3218366756940731,False,conservative_upper_bound,80
54,hocayi,4,30,1.079087926830018,False,conservative_upper_bound,91
54,hocayi,4,60,1.0258134018318146,False,conservative_upper_bound,96
54,hocayi,4,120,0.9002984585638842,False,conservative_upper_bound,104
54,hocayi,4,180,0.9002984585638842,False,conservative_upper_bound,104
54,hocayi,4,240,0.8448839074867039,True,exact_final,106
54,hocayi,5,15,3.6097624342428354,False,conservative_upper_bound,58
54,hocayi,5,30,3.5483455895356006,False,conservative_upper_bound,66
54,hocayi,5,60,3.0901043651826363,False,conservative_upper_bound,86
54,hocayi,5,120,0.39567352626934915,False,conservative_upper_bound,285
54,hocayi,5,180,0.38688679720327357,False,conservative_upper_bound,290
54,hocayi,5,240,0.3856835924440023,True,exact_final,291
54,hocayi,6,15,3.591452261920076,False,conservative_upper_bound,47
54,hocayi,6,30,2.4405025311729323,False,conservative_upper_bound,80
54,hocayi,6,60,1.7457060763360088,False,conservative_upper_bound,84
54,hocayi,6,120,0.514673872630233,False,conservative_upper_bound,151
54,hocayi,6,180,0.4523174769551933,False,conservative_upper_bound,175
54,hocayi,6,240,0.43116258709879207,True,exact_final,203
54,hocayi,7,15,0.9931291224086551,False,conservative_upper_bound,72
54,hocayi,7,30,0.6745838953556423,False,conservative_upper_bound,133
54,hocayi,7,60,0.4940112017468525,False,conservative_upper_bound,168
54,hocayi,7,120,0.48210247285537144,True,exact_final_best_already_reached,171
54,hocayi,7,180,0.48210247285537144,True,exact_final_best_already_reached,171
54,hocayi,7,240,0.48210247285537144,True,exact_final,171
54,hocayi,8,15,1.969422237495964,False,conservative_upper_bound,110
54,hocayi,8,30,1.6730072975238321,False,conservative_upper_bound,149
54,hocayi,8,60,1.6586817950530486,False,conservative_upper_bound,174
54,hocayi,8,120,0.4997965083960776,False,conservative_upper_bound,290
54,hocayi,8,180,0.4872005342629981,False,conservative_upper_bound,296
54,hocayi,8,240,0.4830962856787136,True,exact_final,297
54,hocayi,9,15,2.3002457599170407,False,conservative_upper_bound,90
54,hocayi,9,30,1.614221656980734,True,exact_final_best_already_reached,111
54,hocayi,9,60,1.614221656980734,True,exact_final_best_already_reached,111
54,hocayi,9,120,1.614221656980734,True,exact_final_best_already_reached,111
54,hocayi,9,180,1.614221656980734,True,exact_final_best_already_reached,111
54,hocayi,9,240,1.614221656980734,True,exact_final,111
54,hocayi,10,15,1.8279226381597904,False,conservative_upper_bound,198
54,hocayi,10,30,1.8055024749974826,False,conservative_upper_bound,206
54,hocayi,10,60,1.8038027238644447,False,conservative_upper_bound,209
54,hocayi,10,120,0.819478452326097,False,conservative_upper_bound,323
54,hocayi,10,180,0.7357170910483046,False,conservative_upper_bound,330
54,hocayi,10,240,0.668922226310836,True,exact_final,343
55,sunyu0029,1,15,1.3286550133170545,False,conservative_upper_bound,170
55,sunyu0029,1,30,1.3286550133170545,False,conservative_upper_bound,170
55,sunyu0029,1,60,0.4179000387305405,False,conservative_upper_bound,207
55,sunyu0029,1,120,0.4129808287300291,False,conservative_upper_bound,250
55,sunyu0029,1,180,0.412418729088898,False,conservative_upper_bound,343
55,sunyu0029,1,240,0.41216053114594353,True,exact_final,451
55,sunyu0029,2,15,4.177758070766529,False,conservative_upper_bound,12
55,sunyu0029,2,30,4.177758070766529,False,conservative_upper_bound,12
55,sunyu0029,2,60,4.171924426246064,False,conservative_upper_bound,13
55,sunyu0029,2,120,2.78945627102888,False,conservative_upper_bound,126
55,sunyu0029,2,180,2.7325857117919954,False,conservative_upper_bound,269
55,sunyu0029,2,240,2.730345270970282,True,exact_final,378
55,sunyu0029,3,15,3.917805517770796,False,conservative_upper_bound,11
55,sunyu0029,3,30,3.917805517770796,False,conservative_upper_bound,11
55,sunyu0029,3,60,0.8033290564142359,False,conservative_upper_bound,42
55,sunyu0029,3,120,0.4688625470358368,False,conservative_upper_bound,120
55,sunyu0029,3,180,0.4659831467249093,False,conservative_upper_bound,251
55,sunyu0029,3,240,0.4640331473162345,True,exact_final,378
55,sunyu0029,4,15,1.4772486042689896,False,conservative_upper_bound,148
55,sunyu0029,4,30,1.4386055620748284,False,conservative_upper_bound,151
55,sunyu0029,4,60,1.4128325239713804,False,conservative_upper_bound,156
55,sunyu0029,4,120,1.2459583356630552,False,conservative_upper_bound,400
55,sunyu0029,4,180,1.0366344523102162,False,conservative_upper_bound,577
55,sunyu0029,4,240,1.023811833421412,True,exact_final,719
55,sunyu0029,5,15,4.445877838928418,False,conservative_upper_bound,915
55,sunyu0029,5,30,2.007231066341906,False,conservative_upper_bound,2193
55,sunyu0029,5,60,1.8077374858876227,False,conservative_upper_bound,2208
55,sunyu0029,5,120,1.6313762101613816,False,conservative_upper_bound,2288
55,sunyu0029,5,180,1.6301699492495283,False,conservative_upper_bound,2398
55,sunyu0029,5,240,1.627974645787337,True,exact_final,2510
55,sunyu0029,6,15,1.3731029939385169,False,conservative_upper_bound,84
55,sunyu0029,6,30,1.2152302592827775,False,conservative_upper_bound,96
55,sunyu0029,6,60,0.8353652819936909,False,conservative_upper_bound,126
55,sunyu0029,6,120,0.7760315698419643,False,conservative_upper_bound,189
55,sunyu0029,6,180,0.7618931865915268,False,conservative_upper_bound,309
55,sunyu0029,6,240,0.7612288894019184,True,exact_final,434
55,sunyu0029,7,15,1.5660970630084734,False,conservative_upper_bound,103
55,sunyu0029,7,30,1.5388461274432128,False,conservative_upper_bound,107
55,sunyu0029,7,60,1.5276406203008808,False,conservative_upper_bound,109
55,sunyu0029,7,120,1.1023104578558824,False,conservative_upper_bound,209
55,sunyu0029,7,180,1.091828824405208,False,conservative_upper_bound,339
55,sunyu0029,7,240,1.0864624613872345,True,exact_final,428
55,sunyu0029,8,15,3.430248527569051,False,conservative_upper_bound,68
55,sunyu0029,8,30,2.6841670550042114,False,conservative_upper_bound,82
55,sunyu0029,8,60,0.6678566329269856,False,conservative_upper_bound,230
55,sunyu0029,8,120,0.5775080274520107,False,conservative_upper_bound,321
55,sunyu0029,8,180,0.57640514251202,False,conservative_upper_bound,425
55,sunyu0029,8,240,0.5759819361480043,True,exact_final,505
55,sunyu0029,9,15,0.9399377195275409,False,conservative_upper_bound,78
55,sunyu0029,9,30,0.9171123438498552,False,conservative_upper_bound,83
55,sunyu0029,9,60,0.6797967117832581,False,conservative_upper_bound,120
55,sunyu0029,9,120,0.6715059057933401,False,conservative_upper_bound,160
55,sunyu0029,9,180,0.6705409569055936,False,conservative_upper_bound,266
55,sunyu0029,9,240,0.6702233120905922,True,exact_final,348
55,sunyu0029,10,15,0.6305812727636941,False,conservative_upper_bound,149
55,sunyu0029,10,30,0.6269546217377406,False,conservative_upper_bound,162
55,sunyu0029,10,60,0.534746630818099,False,conservative_upper_bound,227
55,sunyu0029,10,120,0.3079176647695833,False,conservative_upper_bound,334
55,sunyu0029,10,180,0.3071332201189959,False,conservative_upper_bound,441
55,sunyu0029,10,240,0.30647854781691086,True,exact_final,526
56,reanfds,1,15,0.9351520662222381,False,conservative_upper_bound,139
56,reanfds,1,30,0.48211677806892517,False,conservative_upper_bound,351
56,reanfds,1,60,0.4408412022868666,False,conservative_upper_bound,382
56,reanfds,1,120,0.4293737975842614,True,exact_final_best_already_reached,387
56,reanfds,1,180,0.4293737975842614,True,exact_final_best_already_reached,387
56,reanfds,1,240,0.4293737975842614,True,exact_final,387
56,reanfds,2,15,3.739573031777253,False,conservative_upper_bound,156
56,reanfds,2,30,0.6648577795192957,False,conservative_upper_bound,304
56,reanfds,2,60,0.4992666810887097,False,conservative_upper_bound,353
56,reanfds,2,120,0.4790940207358159,False,conservative_upper_bound,368
56,reanfds,2,180,0.4790940207358159,False,conservative_upper_bound,368
56,reanfds,2,240,0.4717395968030633,True,exact_final,375
56,reanfds,3,15,4.377800669113366,False,conservative_upper_bound,44
56,reanfds,3,30,4.377800669113366,False,conservative_upper_bound,44
56,reanfds,3,60,4.377800669113366,False,conservative_upper_bound,44
56,reanfds,3,120,4.377800669113366,False,conservative_upper_bound,44
56,reanfds,3,180,3.9076128786606605,True,exact_final_best_already_reached,186
56,reanfds,3,240,3.9076128786606605,True,exact_final,186
56,reanfds,4,15,2.9768205370680327,False,conservative_upper_bound,212
56,reanfds,4,30,0.6436270043622677,False,conservative_upper_bound,421
56,reanfds,4,60,0.5997456935958223,True,exact_final_best_already_reached,448
56,reanfds,4,120,0.5997456935958223,True,exact_final_best_already_reached,448
56,reanfds,4,180,0.5997456935958223,True,exact_final_best_already_reached,448
56,reanfds,4,240,0.5997456935958223,True,exact_final,448
56,reanfds,5,15,2.102930241025835,False,conservative_upper_bound,78
56,reanfds,5,30,1.955996029621864,False,conservative_upper_bound,120
56,reanfds,5,60,0.5746844628551029,False,conservative_upper_bound,357
56,reanfds,5,120,0.5675592880069796,False,conservative_upper_bound,364
56,reanfds,5,180,0.5662854051500498,True,exact_final_best_already_reached,365
56,reanfds,5,240,0.5662854051500498,True,exact_final,365
56,reanfds,6,15,1.7251274024410095,False,conservative_upper_bound,146
56,reanfds,6,30,0.8490635644260692,False,conservative_upper_bound,242
56,reanfds,6,60,0.8360451919247228,False,conservative_upper_bound,244
56,reanfds,6,120,0.8020024973888803,False,conservative_upper_bound,265
56,reanfds,6,180,0.7727598455364941,True,exact_final_best_already_reached,272
56,reanfds,6,240,0.7727598455364941,True,exact_final,272
56,reanfds,7,15,2.92070692532283,False,conservative_upper_bound,69
56,reanfds,7,30,1.8237058445937027,False,conservative_upper_bound,162
56,reanfds,7,60,1.7031955217174726,False,conservative_upper_bound,178
56,reanfds,7,120,1.2251654051967764,False,conservative_upper_bound,296
56,reanfds,7,180,1.1965740741486972,False,conservative_upper_bound,312
56,reanfds,7,240,1.1893410805758802,True,exact_final,318
56,reanfds,8,15,1.2277579069453326,False,conservative_upper_bound,142
56,reanfds,8,30,0.5553839367223569,False,conservative_upper_bound,208
56,reanfds,8,60,0.48491390921280214,True,exact_final_best_already_reached,290
56,reanfds,8,120,0.48491390921280214,True,exact_final_best_already_reached,290
56,reanfds,8,180,0.48491390921280214,True,exact_final_best_already_reached,290
56,reanfds,8,240,0.48491390921280214,True,exact_final,290
56,reanfds,9,15,4.4494719204842275,False,conservative_upper_bound,32
56,reanfds,9,30,1.7734961639134748,False,conservative_upper_bound,151
56,reanfds,9,60,1.0702028881640915,False,conservative_upper_bound,304
56,reanfds,9,120,0.9245594350192926,False,conservative_upper_bound,341
56,reanfds,9,180,0.9245594350192926,False,conservative_upper_bound,341
56,reanfds,9,240,0.8077790801360629,True,exact_final,359
56,reanfds,10,15,2.495661584660323,False,conservative_upper_bound,75
56,reanfds,10,30,0.5468364955207209,False,conservative_upper_bound,225
56,reanfds,10,60,0.47537958664656754,False,conservative_upper_bound,337
56,reanfds,10,120,0.4713062971657035,False,conservative_upper_bound,354
56,reanfds,10,180,0.4713062971657035,False,conservative_upper_bound,354
56,reanfds,10,240,0.4685951983275632,True,exact_final,361
57,eamag,1,15,0.9561979017846287,False,conservative_upper_bound,237
57,eamag,1,30,0.744829101498828,False,conservative_upper_bound,393
57,eamag,1,60,0.4742512419516314,False,conservative_upper_bound,726
57,eamag,1,120,0.4723082187573304,False,conservative_upper_bound,749
57,eamag,1,180,0.4714842994894774,False,conservative_upper_bound,767
57,eamag,1,240,0.4673975055036139,True,exact_final,1487
57,eamag,2,15,1.344576697132598,False,conservative_upper_bound,332
57,eamag,2,30,0.6288618880880631,False,conservative_upper_bound,563
57,eamag,2,60,0.6095480992321677,False,conservative_upper_bound,694
57,eamag,2,120,0.6095480992321677,False,conservative_upper_bound,694
57,eamag,2,180,0.6085782686332682,False,conservative_upper_bound,734
57,eamag,2,240,0.5754678059746611,True,exact_final,2759
57,eamag,3,15,1.3245424755356983,False,conservative_upper_bound,175
57,eamag,3,30,0.526864115612804,False,conservative_upper_bound,352
57,eamag,3,60,0.3628844128219804,False,conservative_upper_bound,672
57,eamag,3,120,0.32867085493721976,False,conservative_upper_bound,846
57,eamag,3,180,0.32867085493721976,False,conservative_upper_bound,846
57,eamag,3,240,0.32822927820872894,True,exact_final,954
57,eamag,4,15,4.48293715318604,False,conservative_upper_bound,97
57,eamag,4,30,4.482902188499957,False,conservative_upper_bound,109
57,eamag,4,60,4.482832026915251,False,conservative_upper_bound,140
57,eamag,4,120,4.482809021930888,False,conservative_upper_bound,144
57,eamag,4,180,4.482806332520852,False,conservative_upper_bound,146
57,eamag,4,240,4.48280032242214,True,exact_final,155
57,eamag,5,15,3.8344376435672225,False,conservative_upper_bound,173
57,eamag,5,30,3.825296149466749,False,conservative_upper_bound,196
57,eamag,5,60,2.263145213068299,False,conservative_upper_bound,362
57,eamag,5,120,0.7200928932666156,False,conservative_upper_bound,644
57,eamag,5,180,0.6025132507302327,False,conservative_upper_bound,826
57,eamag,5,240,0.5600474388743054,True,exact_final,2884
57,eamag,6,15,0.4208892493625433,False,conservative_upper_bound,79
57,eamag,6,30,0.3607398044386669,False,conservative_upper_bound,136
57,eamag,6,60,0.3607398044386669,False,conservative_upper_bound,136
57,eamag,6,120,0.35571194643010984,False,conservative_upper_bound,226
57,eamag,6,180,0.26463950284737153,False,conservative_upper_bound,467
57,eamag,6,240,0.24952873871988807,True,exact_final,859
57,eamag,7,15,1.4988631789269569,False,conservative_upper_bound,342
57,eamag,7,30,1.0938101336530908,False,conservative_upper_bound,476
57,eamag,7,60,0.8062320888539238,False,conservative_upper_bound,619
57,eamag,7,120,0.7321471694753356,False,conservative_upper_bound,748
57,eamag,7,180,0.7299485350535139,False,conservative_upper_bound,757
57,eamag,7,240,0.7131742839989857,True,exact_final,1467
57,eamag,8,15,2.3886850862705593,False,conservative_upper_bound,175
57,eamag,8,30,2.3886850862705593,False,conservative_upper_bound,175
57,eamag,8,60,2.3886850862705593,False,conservative_upper_bound,175
57,eamag,8,120,0.5285788140446632,False,conservative_upper_bound,618
57,eamag,8,180,0.49741007489893135,False,conservative_upper_bound,934
57,eamag,8,240,0.4856441599038476,True,exact_final,2017
57,eamag,9,15,0.6425287080894826,False,conservative_upper_bound,266
57,eamag,9,30,0.42931868230959724,False,conservative_upper_bound,433
57,eamag,9,60,0.4259601631222165,False,conservative_upper_bound,473
57,eamag,9,120,0.42579102634575805,False,conservative_upper_bound,475
57,eamag,9,180,0.42527265209913295,False,conservative_upper_bound,483
57,eamag,9,240,0.42454917780320134,True,exact_final,726
57,eamag,10,15,2.043215661853023,False,conservative_upper_bound,105
57,eamag,10,30,1.8551581857057948,False,conservative_upper_bound,138
57,eamag,10,60,1.7693722085251935,False,conservative_upper_bound,186
57,eamag,10,120,1.6643079039349156,False,conservative_upper_bound,286
57,eamag,10,180,1.6643079039349156,False,conservative_upper_bound,286
57,eamag,10,240,1.5868238388348854,True,exact_final,1466
58,simbuddy,1,15,1.698418528654102,False,conservative_upper_bound,82
58,simbuddy,1,30,0.41425981124876987,False,conservative_upper_bound,156
58,simbuddy,1,60,0.3685014020679776,False,conservative_upper_bound,189
58,simbuddy,1,120,0.35571344372901836,False,conservative_upper_bound,208
58,simbuddy,1,180,0.31379813123797506,False,conservative_upper_bound,243
58,simbuddy,1,240,0.3093354426984575,True,exact_final,268
58,simbuddy,2,15,2.461678819198685,False,conservative_upper_bound,43
58,simbuddy,2,30,2.3960037013374196,False,conservative_upper_bound,46
58,simbuddy,2,60,1.078773777250765,False,conservative_upper_bound,76
58,simbuddy,2,120,0.49723464137179024,False,conservative_upper_bound,133
58,simbuddy,2,180,0.46325957303662435,False,conservative_upper_bound,145
58,simbuddy,2,240,0.43241246356461416,True,exact_final,176
58,simbuddy,3,15,4.222324190717559,False,conservative_upper_bound,36
58,simbuddy,3,30,4.076569721827485,False,conservative_upper_bound,66
58,simbuddy,3,60,4.030698607545275,False,conservative_upper_bound,86
58,simbuddy,3,120,3.998905620540339,False,conservative_upper_bound,93
58,simbuddy,3,180,3.6292344028100407,False,conservative_upper_bound,130
58,simbuddy,3,240,2.5868386632909233,True,exact_final,187
58,simbuddy,4,15,4.394850992190347,False,conservative_upper_bound,16
58,simbuddy,4,30,3.9457697814816926,False,conservative_upper_bound,28
58,simbuddy,4,60,3.447945682731943,False,conservative_upper_bound,40
58,simbuddy,4,120,3.137627008881978,False,conservative_upper_bound,52
58,simbuddy,4,180,3.137627008881978,False,conservative_upper_bound,52
58,simbuddy,4,240,2.7323321421991014,True,exact_final,65
58,simbuddy,5,15,2.5531952256508617,False,conservative_upper_bound,63
58,simbuddy,5,30,2.0583555035179986,False,conservative_upper_bound,80
58,simbuddy,5,60,1.9837327067537132,False,conservative_upper_bound,94
58,simbuddy,5,120,1.105251048847406,False,conservative_upper_bound,119
58,simbuddy,5,180,0.815728786287806,False,conservative_upper_bound,136
58,simbuddy,5,240,0.5026006375200993,True,exact_final,352
58,simbuddy,6,15,4.14931647807599,False,conservative_upper_bound,40
58,simbuddy,6,30,4.074932226785507,False,conservative_upper_bound,43
58,simbuddy,6,60,3.9507313215638793,False,conservative_upper_bound,64
58,simbuddy,6,120,2.1378694670387124,False,conservative_upper_bound,152
58,simbuddy,6,180,0.9379046454775875,False,conservative_upper_bound,274
58,simbuddy,6,240,0.7055866246693439,True,exact_final,402
58,simbuddy,7,15,3.3161402097829664,False,conservative_upper_bound,46
58,simbuddy,7,30,2.855920563631621,False,conservative_upper_bound,64
58,simbuddy,7,60,2.319089069134398,False,conservative_upper_bound,74
58,simbuddy,7,120,1.860752973174321,False,conservative_upper_bound,116
58,simbuddy,7,180,0.6140937631638071,False,conservative_upper_bound,250
58,simbuddy,7,240,0.5917208182692844,True,exact_final,257
58,simbuddy,8,15,4.082036432275668,False,conservative_upper_bound,44
58,simbuddy,8,30,4.041437160964718,False,conservative_upper_bound,71
58,simbuddy,8,60,4.0297643771063,False,conservative_upper_bound,93
58,simbuddy,8,120,3.176392725653791,False,conservative_upper_bound,127
58,simbuddy,8,180,3.10449776752998,False,conservative_upper_bound,130
58,simbuddy,8,240,0.9837198213750534,True,exact_final,326
58,simbuddy,9,15,4.0581035738021765,False,conservative_upper_bound,17
58,simbuddy,9,30,3.6111876005841435,False,conservative_upper_bound,23
58,simbuddy,9,60,0.7102329163272073,False,conservative_upper_bound,74
58,simbuddy,9,120,0.5438701681750783,False,conservative_upper_bound,107
58,simbuddy,9,180,0.49509522475967516,False,conservative_upper_bound,142
58,simbuddy,9,240,0.462639419653445,True,exact_final,175
58,simbuddy,10,15,2.570793634225603,False,conservative_upper_bound,60
58,simbuddy,10,30,1.0724003501009813,False,conservative_upper_bound,127
58,simbuddy,10,60,0.9230846873323779,False,conservative_upper_bound,182
58,simbuddy,10,120,0.591625568766574,False,conservative_upper_bound,256
58,simbuddy,10,180,0.591625568766574,False,conservative_upper_bound,256
58,simbuddy,10,240,0.5887457571464223,True,exact_final,298
59,jiabao,1,15,,False,missing,0
59,jiabao,1,30,,False,missing,0
59,jiabao,1,60,,False,missing,0
59,jiabao,1,120,,False,missing,0
59,jiabao,1,180,,False,missing,0
59,jiabao,1,240,0.4190359318719472,True,exact_final,1
59,jiabao,2,15,,False,missing,0
59,jiabao,2,30,,False,missing,0
59,jiabao,2,60,,False,missing,0
59,jiabao,2,120,,False,missing,0
59,jiabao,2,180,,False,missing,0
59,jiabao,2,240,0.3445775172415758,True,exact_final,1
59,jiabao,3,15,,False,missing,0
59,jiabao,3,30,,False,missing,0
59,jiabao,3,60,,False,missing,0
59,jiabao,3,120,,False,missing,0
59,jiabao,3,180,,False,missing,0
59,jiabao,3,240,4.48478324558706,True,exact_final,1
59,jiabao,4,15,,False,missing,0
59,jiabao,4,30,,False,missing,0
59,jiabao,4,60,,False,missing,0
59,jiabao,4,120,,False,missing,0
59,jiabao,4,180,,False,missing,0
59,jiabao,4,240,0.5398897622850797,True,exact_final,1
59,jiabao,5,15,,False,missing,0
59,jiabao,5,30,,False,missing,0
59,jiabao,5,60,,False,missing,0
59,jiabao,5,120,,False,missing,0
59,jiabao,5,180,,False,missing,0
59,jiabao,5,240,0.8871398203267429,True,exact_final,1
59,jiabao,6,15,,False,missing,0
59,jiabao,6,30,,False,missing,0
59,jiabao,6,60,,False,missing,0
59,jiabao,6,120,,False,missing,0
59,jiabao,6,180,,False,missing,0
59,jiabao,6,240,0.6743522513653308,True,exact_final,1
59,jiabao,7,15,,False,missing,0
59,jiabao,7,30,,False,missing,0
59,jiabao,7,60,,False,missing,0
59,jiabao,7,120,,False,missing,0
59,jiabao,7,180,,False,missing,0
59,jiabao,7,240,0.4122869541386618,True,exact_final,1
59,jiabao,8,15,,False,missing,0
59,jiabao,8,30,,False,missing,0
59,jiabao,8,60,,False,missing,0
59,jiabao,8,120,,False,missing,0
59,jiabao,8,180,,False,missing,0
59,jiabao,8,240,1.2858966158174616,True,exact_final,1
59,jiabao,9,15,,False,missing,0
59,jiabao,9,30,,False,missing,0
59,jiabao,9,60,,False,missing,0
59,jiabao,9,120,,False,missing,0
59,jiabao,9,180,,False,missing,0
59,jiabao,9,240,0.4391062443365819,True,exact_final,1
59,jiabao,10,15,,False,missing,0
59,jiabao,10,30,,False,missing,0
59,jiabao,10,60,,False,missing,0
59,jiabao,10,120,,False,missing,0
59,jiabao,10,180,,False,missing,0
59,jiabao,10,240,0.43801284766537835,True,exact_final,1
60,rushikannan,1,15,4.003346100874521,False,conservative_upper_bound,43
60,rushikannan,1,30,1.9365277042154614,False,conservative_upper_bound,108
60,rushikannan,1,60,0.4457569527569269,False,conservative_upper_bound,404
60,rushikannan,1,120,0.42699645478193865,False,conservative_upper_bound,431
60,rushikannan,1,180,0.4257317160261407,True,exact_final_best_already_reached,432
60,rushikannan,1,240,0.4257317160261407,True,exact_final,432
60,rushikannan,2,15,4.0104068213949935,False,conservative_upper_bound,27
60,rushikannan,2,30,0.9209472480569929,False,conservative_upper_bound,155
60,rushikannan,2,60,0.5437796324555422,False,conservative_upper_bound,330
60,rushikannan,2,120,0.5323032101304288,False,conservative_upper_bound,339
60,rushikannan,2,180,0.5319477027909008,True,exact_final_best_already_reached,340
60,rushikannan,2,240,0.5319477027909008,True,exact_final,340
60,rushikannan,3,15,4.323107964335872,True,exact_final_best_already_reached,46
60,rushikannan,3,30,4.323107964335872,True,exact_final_best_already_reached,46
60,rushikannan,3,60,4.323107964335872,True,exact_final_best_already_reached,46
60,rushikannan,3,120,4.323107964335872,True,exact_final_best_already_reached,46
60,rushikannan,3,180,4.323107964335872,True,exact_final_best_already_reached,46
60,rushikannan,3,240,4.323107964335872,True,exact_final,46
60,rushikannan,4,15,4.2426790422977545,False,conservative_upper_bound,59
60,rushikannan,4,30,1.9706278916447024,False,conservative_upper_bound,96
60,rushikannan,4,60,1.9706278916447024,False,conservative_upper_bound,96
60,rushikannan,4,120,1.482706633493852,False,conservative_upper_bound,115
60,rushikannan,4,180,1.3069866249446311,True,exact_final_best_already_reached,124
60,rushikannan,4,240,1.3069866249446311,True,exact_final,124
60,rushikannan,5,15,3.390431034150204,False,conservative_upper_bound,65
60,rushikannan,5,30,2.7528925540200095,False,conservative_upper_bound,129
60,rushikannan,5,60,2.726968370483419,False,conservative_upper_bound,152
60,rushikannan,5,120,2.7262576383314006,False,conservative_upper_bound,154
60,rushikannan,5,180,2.72536374775927,True,exact_final_best_already_reached,157
60,rushikannan,5,240,2.72536374775927,True,exact_final,157
60,rushikannan,6,15,1.6542329562214855,False,conservative_upper_bound,164
60,rushikannan,6,30,0.45962053476633313,False,conservative_upper_bound,276
60,rushikannan,6,60,0.4079764624444641,False,conservative_upper_bound,296
60,rushikannan,6,120,0.39594780035107846,False,conservative_upper_bound,303
60,rushikannan,6,180,0.3699770122845375,False,conservative_upper_bound,311
60,rushikannan,6,240,0.3483024646180165,True,exact_final,316
60,rushikannan,7,15,0.5402717327981664,False,conservative_upper_bound,150
60,rushikannan,7,30,0.3758999934248478,False,conservative_upper_bound,187
60,rushikannan,7,60,0.3619635619900036,False,conservative_upper_bound,206
60,rushikannan,7,120,0.29236143246453883,False,conservative_upper_bound,254
60,rushikannan,7,180,0.2903918833515732,False,conservative_upper_bound,256
60,rushikannan,7,240,0.2870327651923774,True,exact_final,259
60,rushikannan,8,15,4.084802279339224,False,conservative_upper_bound,33
60,rushikannan,8,30,0.7694160932430031,False,conservative_upper_bound,186
60,rushikannan,8,60,0.750163705937858,False,conservative_upper_bound,222
60,rushikannan,8,120,0.750163705937858,False,conservative_upper_bound,222
60,rushikannan,8,180,0.7381783922222829,True,exact_final_best_already_reached,241
60,rushikannan,8,240,0.7381783922222829,True,exact_final,241
60,rushikannan,9,15,0.8801966917726032,False,conservative_upper_bound,66
60,rushikannan,9,30,0.5943577214173253,False,conservative_upper_bound,119
60,rushikannan,9,60,0.5487949975097289,False,conservative_upper_bound,152
60,rushikannan,9,120,0.3942006481665383,False,conservative_upper_bound,222
60,rushikannan,9,180,0.39398538883725776,False,conservative_upper_bound,224
60,rushikannan,9,240,0.39393582098044905,True,exact_final,225
60,rushikannan,10,15,0.8080188480523006,False,conservative_upper_bound,94
60,rushikannan,10,30,0.8080188480523006,False,conservative_upper_bound,94
60,rushikannan,10,60,0.6179253740186146,False,conservative_upper_bound,170
60,rushikannan,10,120,0.614434712443236,True,exact_final_best_already_reached,172
60,rushikannan,10,180,0.614434712443236,True,exact_final_best_already_reached,172
60,rushikannan,10,240,0.614434712443236,True,exact_final,172
61,snigdhachandan,1,15,3.728796080341116,False,conservative_upper_bound,134
61,snigdhachandan,1,30,3.5624980402296615,False,conservative_upper_bound,196
61,snigdhachandan,1,60,3.475704203800384,False,conservative_upper_bound,309
61,snigdhachandan,1,120,2.7062676738547187,False,conservative_upper_bound,795
61,snigdhachandan,1,180,2.678651867180997,False,conservative_upper_bound,843
61,snigdhachandan,1,240,1.9730050700089004,True,exact_final,1319
61,snigdhachandan,2,15,3.8520951496277833,False,conservative_upper_bound,147
61,snigdhachandan,2,30,3.561095436147265,False,conservative_upper_bound,226
61,snigdhachandan,2,60,3.4488498670730365,False,conservative_upper_bound,298
61,snigdhachandan,2,120,2.4211502279405916,False,conservative_upper_bound,525
61,snigdhachandan,2,180,2.267509738241245,False,conservative_upper_bound,632
61,snigdhachandan,2,240,2.1671037521553127,True,exact_final,871
61,snigdhachandan,3,15,4.192851537271271,False,conservative_upper_bound,115
61,snigdhachandan,3,30,3.937150683611478,False,conservative_upper_bound,215
61,snigdhachandan,3,60,3.728288353539225,False,conservative_upper_bound,345
61,snigdhachandan,3,120,2.68274109204983,False,conservative_upper_bound,802
61,snigdhachandan,3,180,2.3703672022264763,False,conservative_upper_bound,1254
61,snigdhachandan,3,240,2.1182443749620767,True,exact_final,1731
61,snigdhachandan,4,15,3.287013545633383,False,conservative_upper_bound,168
61,snigdhachandan,4,30,2.607499858798485,False,conservative_upper_bound,266
61,snigdhachandan,4,60,2.171593072989017,False,conservative_upper_bound,542
61,snigdhachandan,4,120,2.0661329722500255,False,conservative_upper_bound,986
61,snigdhachandan,4,180,2.014068821077304,False,conservative_upper_bound,1497
61,snigdhachandan,4,240,1.975860578931051,True,exact_final,2029
61,snigdhachandan,5,15,1.6600405333810122,False,conservative_upper_bound,165
61,snigdhachandan,5,30,1.0037108171690334,False,conservative_upper_bound,338
61,snigdhachandan,5,60,0.8803464066036536,False,conservative_upper_bound,480
61,snigdhachandan,5,120,0.8705249516710094,False,conservative_upper_bound,603
61,snigdhachandan,5,180,0.8701542299542231,False,conservative_upper_bound,641
61,snigdhachandan,5,240,0.8688064866708755,True,exact_final,688
61,snigdhachandan,6,15,0.6530802160767487,False,conservative_upper_bound,119
61,snigdhachandan,6,30,0.6138431331876317,False,conservative_upper_bound,191
61,snigdhachandan,6,60,0.601936878754345,False,conservative_upper_bound,234
61,snigdhachandan,6,120,0.5897852354743102,False,conservative_upper_bound,370
61,snigdhachandan,6,180,0.5787353036009438,False,conservative_upper_bound,461
61,snigdhachandan,6,240,0.5625582839722335,True,exact_final,722
61,snigdhachandan,7,15,0.6847629770429408,False,conservative_upper_bound,105
61,snigdhachandan,7,30,0.5153831846829411,False,conservative_upper_bound,194
61,snigdhachandan,7,60,0.4996833496848136,False,conservative_upper_bound,265
61,snigdhachandan,7,120,0.4775016908726416,False,conservative_upper_bound,388
61,snigdhachandan,7,180,0.43261020817264395,False,conservative_upper_bound,633
61,snigdhachandan,7,240,0.4279532614637162,True,exact_final,758
61,snigdhachandan,8,15,1.103847621828436,False,conservative_upper_bound,121
61,snigdhachandan,8,30,1.0087516348327794,False,conservative_upper_bound,200
61,snigdhachandan,8,60,0.9577151787711298,False,conservative_upper_bound,269
61,snigdhachandan,8,120,0.8570230986753307,False,conservative_upper_bound,420
61,snigdhachandan,8,180,0.633681505460255,False,conservative_upper_bound,564
61,snigdhachandan,8,240,0.5399970490177812,True,exact_final,823
61,snigdhachandan,9,15,1.023827266386796,False,conservative_upper_bound,175
61,snigdhachandan,9,30,0.9132664944840747,False,conservative_upper_bound,286
61,snigdhachandan,9,60,0.7624180152447826,False,conservative_upper_bound,409
61,snigdhachandan,9,120,0.7289633617043955,False,conservative_upper_bound,545
61,snigdhachandan,9,180,0.7268011070117644,False,conservative_upper_bound,589
61,snigdhachandan,9,240,0.7073997644591569,True,exact_final,678
61,snigdhachandan,10,15,2.2534351472820355,False,conservative_upper_bound,138
61,snigdhachandan,10,30,2.0056959879657463,False,conservative_upper_bound,252
61,snigdhachandan,10,60,1.728611265714684,False,conservative_upper_bound,451
61,snigdhachandan,10,120,1.172854434192707,False,conservative_upper_bound,811
61,snigdhachandan,10,180,1.1548902157751084,False,conservative_upper_bound,923
61,snigdhachandan,10,240,1.0400664620542281,True,exact_final,1141
62,kevingill,1,15,4.047780424638219,False,conservative_upper_bound,44
62,kevingill,1,30,4.047780424638219,False,conservative_upper_bound,44
62,kevingill,1,60,3.289896930798679,False,conservative_upper_bound,71
62,kevingill,1,120,3.1425411093829916,False,conservative_upper_bound,82
62,kevingill,1,180,2.6447398579079993,False,conservative_upper_bound,109
62,kevingill,1,240,2.444044004353761,True,exact_final,118
62,kevingill,2,15,3.988244854132532,False,conservative_upper_bound,28
62,kevingill,2,30,3.988244854132532,False,conservative_upper_bound,28
62,kevingill,2,60,2.6266614887000834,False,conservative_upper_bound,57
62,kevingill,2,120,2.1919388355882603,False,conservative_upper_bound,66
62,kevingill,2,180,2.1169017817446667,False,conservative_upper_bound,69
62,kevingill,2,240,1.9313596949313405,True,exact_final,71
62,kevingill,3,15,4.357450324729599,False,conservative_upper_bound,26
62,kevingill,3,30,4.040745661234184,False,conservative_upper_bound,52
62,kevingill,3,60,1.7276780331101569,False,conservative_upper_bound,131
62,kevingill,3,120,0.37937329698237265,False,conservative_upper_bound,389
62,kevingill,3,180,0.35628828118952827,False,conservative_upper_bound,449
62,kevingill,3,240,0.3546961595384227,True,exact_final,457
62,kevingill,4,15,3.374015135404424,False,conservative_upper_bound,83
62,kevingill,4,30,2.7977640285255028,False,conservative_upper_bound,93
62,kevingill,4,60,1.4800764626730467,False,conservative_upper_bound,118
62,kevingill,4,120,0.48631913462203347,False,conservative_upper_bound,196
62,kevingill,4,180,0.435971280044694,False,conservative_upper_bound,215
62,kevingill,4,240,0.4321193039557181,True,exact_final,226
62,kevingill,5,15,2.53185618275376,False,conservative_upper_bound,59
62,kevingill,5,30,1.8076242246626402,False,conservative_upper_bound,89
62,kevingill,5,60,1.8059346849953344,False,conservative_upper_bound,95
62,kevingill,5,120,0.4684230096684328,False,conservative_upper_bound,166
62,kevingill,5,180,0.42210465743831566,False,conservative_upper_bound,188
62,kevingill,5,240,0.41625057874978894,True,exact_final,195
62,kevingill,6,15,1.9040956371178288,False,conservative_upper_bound,64
62,kevingill,6,30,1.8061606837694344,False,conservative_upper_bound,94
62,kevingill,6,60,1.677991831237346,False,conservative_upper_bound,160
62,kevingill,6,120,0.38863021413079607,False,conservative_upper_bound,313
62,kevingill,6,180,0.3295392219451221,False,conservative_upper_bound,405
62,kevingill,6,240,0.32430666205604,True,exact_final,420
62,kevingill,7,15,4.2682315418475625,False,conservative_upper_bound,35
62,kevingill,7,30,4.149264768484204,False,conservative_upper_bound,67
62,kevingill,7,60,0.4315128431648094,False,conservative_upper_bound,152
62,kevingill,7,120,0.2091706415189622,False,conservative_upper_bound,213
62,kevingill,7,180,0.16320398371197317,False,conservative_upper_bound,284
62,kevingill,7,240,0.16251801142711714,True,exact_final,287
62,kevingill,8,15,3.863909598315868,False,conservative_upper_bound,18
62,kevingill,8,30,3.863909598315868,False,conservative_upper_bound,18
62,kevingill,8,60,3.863909598315868,False,conservative_upper_bound,18
62,kevingill,8,120,3.863909598315868,False,conservative_upper_bound,18
62,kevingill,8,180,3.6859753945093154,False,conservative_upper_bound,46
62,kevingill,8,240,2.7128394217571175,True,exact_final,128
62,kevingill,9,15,4.419343876086309,False,conservative_upper_bound,25
62,kevingill,9,30,3.3329519847487177,False,conservative_upper_bound,46
62,kevingill,9,60,2.9540449353575093,False,conservative_upper_bound,64
62,kevingill,9,120,2.4827752869630624,False,conservative_upper_bound,86
62,kevingill,9,180,1.482195141949527,False,conservative_upper_bound,154
62,kevingill,9,240,1.0075401315699453,True,exact_final,197
62,kevingill,10,15,3.2780828880076682,False,conservative_upper_bound,57
62,kevingill,10,30,3.254241470586828,False,conservative_upper_bound,59
62,kevingill,10,60,3.216063526560215,False,conservative_upper_bound,60
62,kevingill,10,120,3.1528315179981212,False,conservative_upper_bound,63
62,kevingill,10,180,3.1528315179981212,False,conservative_upper_bound,63
62,kevingill,10,240,2.8410206181376716,True,exact_final,77
63,feder,1,15,4.6993832639804145,False,conservative_upper_bound,191
63,feder,1,30,4.6993832639804145,False,conservative_upper_bound,191
63,feder,1,60,4.695212052957051,False,conservative_upper_bound,265
63,feder,1,120,4.07187573083938,False,conservative_upper_bound,622
63,feder,1,180,4.067830424478932,True,exact_final_best_already_reached,682
63,feder,1,240,4.067830424478932,True,exact_final,682
63,feder,2,15,3.7482828974838323,False,conservative_upper_bound,212
63,feder,2,30,2.522526869523858,False,conservative_upper_bound,490
63,feder,2,60,2.3360817354261703,False,conservative_upper_bound,692
63,feder,2,120,2.201298598470197,False,conservative_upper_bound,908
63,feder,2,180,2.146325472623186,False,conservative_upper_bound,1147
63,feder,2,240,2.0690375340830562,True,exact_final,1381
63,feder,3,15,3.6118884998478924,False,conservative_upper_bound,61
63,feder,3,30,3.6118884998478924,False,conservative_upper_bound,61
63,feder,3,60,3.6118884998478924,False,conservative_upper_bound,61
63,feder,3,120,1.7599935772958952,False,conservative_upper_bound,120
63,feder,3,180,1.7043848943975635,True,exact_final_best_already_reached,134
63,feder,3,240,1.7043848943975635,True,exact_final,134
63,feder,4,15,3.9323584139589576,False,conservative_upper_bound,292
63,feder,4,30,3.8369265213874826,False,conservative_upper_bound,509
63,feder,4,60,3.397981609763229,False,conservative_upper_bound,671
63,feder,4,120,2.9773458726292255,False,conservative_upper_bound,693
63,feder,4,180,2.9773458726292255,False,conservative_upper_bound,693
63,feder,4,240,1.06857086798902,True,exact_final,732
63,feder,5,15,4.4832914210015815,False,conservative_upper_bound,66
63,feder,5,30,4.4823338598061575,False,conservative_upper_bound,100
63,feder,5,60,4.4498171650810034,False,conservative_upper_bound,201
63,feder,5,120,3.3254836335048834,False,conservative_upper_bound,426
63,feder,5,180,2.8854450587756446,False,conservative_upper_bound,585
63,feder,5,240,2.848099362362441,True,exact_final,621
63,feder,6,15,0.5149460176373971,False,conservative_upper_bound,247
63,feder,6,30,0.508893756633898,True,exact_final_best_already_reached,257
63,feder,6,60,0.508893756633898,True,exact_final_best_already_reached,257
63,feder,6,120,0.508893756633898,True,exact_final_best_already_reached,257
63,feder,6,180,0.508893756633898,True,exact_final_best_already_reached,257
63,feder,6,240,0.508893756633898,True,exact_final,257
63,feder,7,15,0.947153592686762,False,conservative_upper_bound,245
63,feder,7,30,0.9270932853282848,False,conservative_upper_bound,260
63,feder,7,60,0.9270932853282848,False,conservative_upper_bound,260
63,feder,7,120,0.8808784164857761,False,conservative_upper_bound,582
63,feder,7,180,0.8808784164857761,False,conservative_upper_bound,582
63,feder,7,240,0.8617331325995079,True,exact_final,643
63,feder,8,15,0.776015417385857,False,conservative_upper_bound,253
63,feder,8,30,0.7473909464617239,False,conservative_upper_bound,267
63,feder,8,60,0.5527075377942267,False,conservative_upper_bound,393
63,feder,8,120,0.4851123027953078,False,conservative_upper_bound,673
63,feder,8,180,0.478591416294738,True,exact_final_best_already_reached,677
63,feder,8,240,0.478591416294738,True,exact_final,677
63,feder,9,15,0.7222689282822871,True,exact_final_best_already_reached,375
63,feder,9,30,0.7222689282822871,True,exact_final_best_already_reached,375
63,feder,9,60,0.7222689282822871,True,exact_final_best_already_reached,375
63,feder,9,120,0.7222689282822871,True,exact_final_best_already_reached,375
63,feder,9,180,0.7222689282822871,True,exact_final_best_already_reached,375
63,feder,9,240,0.7222689282822871,True,exact_final,375
63,feder,10,15,0.5471020333541367,False,conservative_upper_bound,99
63,feder,10,30,0.5471020333541367,False,conservative_upper_bound,99
63,feder,10,60,0.5471020333541367,False,conservative_upper_bound,99
63,feder,10,120,0.5418549581958262,False,conservative_upper_bound,148
63,feder,10,180,0.5408686875170046,False,conservative_upper_bound,168
63,feder,10,240,0.5285842012334458,True,exact_final,217
64,thelight,1,15,2.3795709440846746,False,conservative_upper_bound,31
64,thelight,1,30,2.0240302877102203,False,conservative_upper_bound,53
64,thelight,1,60,1.957905899771577,False,conservative_upper_bound,63
64,thelight,1,120,0.42951874698428066,False,conservative_upper_bound,223
64,thelight,1,180,0.4206523535812399,False,conservative_upper_bound,240
64,thelight,1,240,0.42002817695808253,True,exact_final,242
64,thelight,2,15,4.148442271218079,False,conservative_upper_bound,18
64,thelight,2,30,4.140168582985315,False,conservative_upper_bound,32
64,thelight,2,60,4.139578533541515,False,conservative_upper_bound,34
64,thelight,2,120,3.81678648903163,False,conservative_upper_bound,88
64,thelight,2,180,3.7944583088905746,False,conservative_upper_bound,93
64,thelight,2,240,2.572170109694009,True,exact_final,162
64,thelight,3,15,2.063520433877768,False,conservative_upper_bound,62
64,thelight,3,30,0.43051574386697783,False,conservative_upper_bound,119
64,thelight,3,60,0.42436805487118556,False,conservative_upper_bound,120
64,thelight,3,120,0.42319017256653413,False,conservative_upper_bound,122
64,thelight,3,180,0.4231661406267292,True,exact_final_best_already_reached,123
64,thelight,3,240,0.4231661406267292,True,exact_final,123
64,thelight,4,15,4.205698299386205,False,conservative_upper_bound,544
64,thelight,4,30,2.6924042455959616,False,conservative_upper_bound,596
64,thelight,4,60,2.525703261160021,False,conservative_upper_bound,625
64,thelight,4,120,0.8003661414561565,False,conservative_upper_bound,1150
64,thelight,4,180,0.649228268432041,False,conservative_upper_bound,1270
64,thelight,4,240,0.42527150705689154,True,exact_final,1350
64,thelight,5,15,4.373212113745006,False,conservative_upper_bound,21
64,thelight,5,30,4.373212113745006,False,conservative_upper_bound,21
64,thelight,5,60,4.373212113745006,False,conservative_upper_bound,21
64,thelight,5,120,3.750894407047265,False,conservative_upper_bound,141
64,thelight,5,180,3.7398330787966816,True,exact_final_best_already_reached,153
64,thelight,5,240,3.7398330787966816,True,exact_final,153
64,thelight,6,15,3.8577952186544184,False,conservative_upper_bound,42
64,thelight,6,30,3.632625237826929,False,conservative_upper_bound,51
64,thelight,6,60,3.632625237826929,False,conservative_upper_bound,51
64,thelight,6,120,3.632625237826929,False,conservative_upper_bound,51
64,thelight,6,180,0.863918266827871,False,conservative_upper_bound,197
64,thelight,6,240,0.8509700220793865,True,exact_final,200
64,thelight,7,15,3.929875889591481,False,conservative_upper_bound,38
64,thelight,7,30,3.735038252527843,False,conservative_upper_bound,57
64,thelight,7,60,1.6408601100074776,False,conservative_upper_bound,171
64,thelight,7,120,1.0658958902919933,False,conservative_upper_bound,278
64,thelight,7,180,1.0482006749226052,False,conservative_upper_bound,283
64,thelight,7,240,0.8679425075130267,True,exact_final,323
64,thelight,8,15,4.0186822661916395,False,conservative_upper_bound,72
64,thelight,8,30,3.895462196222959,False,conservative_upper_bound,99
64,thelight,8,60,1.2659902591810788,False,conservative_upper_bound,242
64,thelight,8,120,1.1412854261773968,False,conservative_upper_bound,257
64,thelight,8,180,1.120363702094279,True,exact_final_best_already_reached,258
64,thelight,8,240,1.120363702094279,True,exact_final,258
64,thelight,9,15,4.092665471567187,False,conservative_upper_bound,28
64,thelight,9,30,3.9539318352612396,False,conservative_upper_bound,35
64,thelight,9,60,1.6025636287634382,False,conservative_upper_bound,155
64,thelight,9,120,1.5853519069177282,False,conservative_upper_bound,161
64,thelight,9,180,1.171201768784218,True,exact_final_best_already_reached,251
64,thelight,9,240,1.171201768784218,True,exact_final,251
64,thelight,10,15,4.253127535518771,False,conservative_upper_bound,32
64,thelight,10,30,3.833908791055651,False,conservative_upper_bound,95
64,thelight,10,60,3.8158243370434195,False,conservative_upper_bound,102
64,thelight,10,120,3.8063166021678434,True,exact_final_best_already_reached,104
64,thelight,10,180,3.8063166021678434,True,exact_final_best_already_reached,104
64,thelight,10,240,3.8063166021678434,True,exact_final,104
65,akira-higuchi,1,15,1.5344577483665425,False,conservative_upper_bound,382
65,akira-higuchi,1,30,1.4262595936362492,False,conservative_upper_bound,389
65,akira-higuchi,1,60,1.3443937496649179,False,conservative_upper_bound,391
65,akira-higuchi,1,120,1.33195796467356,False,conservative_upper_bound,392
65,akira-higuchi,1,180,1.33195796467356,False,conservative_upper_bound,392
65,akira-higuchi,1,240,1.2819179680036552,True,exact_final,400
65,akira-higuchi,2,15,0.46607418649782384,False,conservative_upper_bound,253
65,akira-higuchi,2,30,0.4330985411719132,False,conservative_upper_bound,262
65,akira-higuchi,2,60,0.4149509348276639,False,conservative_upper_bound,269
65,akira-higuchi,2,120,0.41140363506634176,True,exact_final_best_already_reached,271
65,akira-higuchi,2,180,0.41140363506634176,True,exact_final_best_already_reached,271
65,akira-higuchi,2,240,0.41140363506634176,True,exact_final,271
65,akira-higuchi,3,15,0.9115514396748461,False,conservative_upper_bound,34
65,akira-higuchi,3,30,0.8689907878796999,False,conservative_upper_bound,38
65,akira-higuchi,3,60,0.8689907878796999,False,conservative_upper_bound,38
65,akira-higuchi,3,120,0.8153114984690243,False,conservative_upper_bound,45
65,akira-higuchi,3,180,0.6184235427617052,False,conservative_upper_bound,70
65,akira-higuchi,3,240,0.5890754588938459,True,exact_final,75
65,akira-higuchi,4,15,1.3675866684252855,False,conservative_upper_bound,144
65,akira-higuchi,4,30,1.2270711674524857,False,conservative_upper_bound,167
65,akira-higuchi,4,60,1.0130434797049723,False,conservative_upper_bound,229
65,akira-higuchi,4,120,1.011369663915439,True,exact_final_best_already_reached,236
65,akira-higuchi,4,180,1.011369663915439,True,exact_final_best_already_reached,236
65,akira-higuchi,4,240,1.011369663915439,True,exact_final,236
65,akira-higuchi,5,15,4.482920929201218,False,conservative_upper_bound,50
65,akira-higuchi,5,30,4.475935776430142,False,conservative_upper_bound,63
65,akira-higuchi,5,60,3.9467899033181197,False,conservative_upper_bound,119
65,akira-higuchi,5,120,3.9467899033181197,False,conservative_upper_bound,119
65,akira-higuchi,5,180,3.9467411196261013,False,conservative_upper_bound,120
65,akira-higuchi,5,240,3.9421854929170186,True,exact_final,121
65,akira-higuchi,6,15,0.9782278558671793,False,conservative_upper_bound,1217
65,akira-higuchi,6,30,0.806641337611087,False,conservative_upper_bound,1251
65,akira-higuchi,6,60,0.8002810532223559,False,conservative_upper_bound,1258
65,akira-higuchi,6,120,0.7981415875593516,False,conservative_upper_bound,1260
65,akira-higuchi,6,180,0.7981415875593516,False,conservative_upper_bound,1260
65,akira-higuchi,6,240,0.7980932065214066,True,exact_final,1261
65,akira-higuchi,7,15,4.2470509017771825,False,conservative_upper_bound,68
65,akira-higuchi,7,30,4.2208049014873765,False,conservative_upper_bound,74
65,akira-higuchi,7,60,4.213469963761402,False,conservative_upper_bound,79
65,akira-higuchi,7,120,4.208159646061522,True,exact_final_best_already_reached,82
65,akira-higuchi,7,180,4.208159646061522,True,exact_final_best_already_reached,82
65,akira-higuchi,7,240,4.208159646061522,True,exact_final,82
65,akira-higuchi,8,15,2.022843693761837,False,conservative_upper_bound,243
65,akira-higuchi,8,30,1.1892121686151296,False,conservative_upper_bound,414
65,akira-higuchi,8,60,1.0099250729853455,False,conservative_upper_bound,438
65,akira-higuchi,8,120,0.9173844176145631,False,conservative_upper_bound,448
65,akira-higuchi,8,180,0.8065809013658638,False,conservative_upper_bound,456
65,akira-higuchi,8,240,0.7639174276509602,True,exact_final,459
65,akira-higuchi,9,15,4.072279392089127,True,exact_final_best_already_reached,19
65,akira-higuchi,9,30,4.072279392089127,True,exact_final_best_already_reached,19
65,akira-higuchi,9,60,4.072279392089127,True,exact_final_best_already_reached,19
65,akira-higuchi,9,120,4.072279392089127,True,exact_final_best_already_reached,19
65,akira-higuchi,9,180,4.072279392089127,True,exact_final_best_already_reached,19
65,akira-higuchi,9,240,4.072279392089127,True,exact_final,19
65,akira-higuchi,10,15,4.503845195011957,True,exact_final_best_already_reached,34
65,akira-higuchi,10,30,4.503845195011957,True,exact_final_best_already_reached,34
65,akira-higuchi,10,60,4.503845195011957,True,exact_final_best_already_reached,34
65,akira-higuchi,10,120,4.503845195011957,True,exact_final_best_already_reached,34
65,akira-higuchi,10,180,4.503845195011957,True,exact_final_best_already_reached,34
65,akira-higuchi,10,240,4.503845195011957,True,exact_final,34
66,doris_south,1,15,4.733768561040741,False,conservative_upper_bound,63
66,doris_south,1,30,4.282004283038329,False,conservative_upper_bound,94
66,doris_south,1,60,4.034662865010402,True,exact_final_best_already_reached,124
66,doris_south,1,120,4.034662865010402,True,exact_final_best_already_reached,124
66,doris_south,1,180,4.034662865010402,True,exact_final_best_already_reached,124
66,doris_south,1,240,4.034662865010402,True,exact_final,124
66,doris_south,2,15,5.106120440768077,True,exact_final_best_already_reached,31
66,doris_south,2,30,5.106120440768077,True,exact_final_best_already_reached,31
66,doris_south,2,60,5.106120440768077,True,exact_final_best_already_reached,31
66,doris_south,2,120,5.106120440768077,True,exact_final_best_already_reached,31
66,doris_south,2,180,5.106120440768077,True,exact_final_best_already_reached,31
66,doris_south,2,240,5.106120440768077,True,exact_final,31
66,doris_south,3,15,,False,missing,0
66,doris_south,3,30,,False,missing,0
66,doris_south,3,60,,False,missing,0
66,doris_south,3,120,,False,missing,0
66,doris_south,3,180,,False,missing,0
66,doris_south,3,240,4.7717404905177965,True,exact_final_random_search_fallback,0
66,doris_south,4,15,4.791041808748372,False,conservative_upper_bound,198
66,doris_south,4,30,4.772930919179465,False,conservative_upper_bound,222
66,doris_south,4,60,4.480382361157559,False,conservative_upper_bound,310
66,doris_south,4,120,4.478487204138802,True,exact_final_best_already_reached,320
66,doris_south,4,180,4.478487204138802,True,exact_final_best_already_reached,320
66,doris_south,4,240,4.478487204138802,True,exact_final,320
66,doris_south,5,15,4.2698069132312,False,conservative_upper_bound,410
66,doris_south,5,30,4.248522975716019,True,exact_final_best_already_reached,440
66,doris_south,5,60,4.248522975716019,True,exact_final_best_already_reached,440
66,doris_south,5,120,4.248522975716019,True,exact_final_best_already_reached,440
66,doris_south,5,180,4.248522975716019,True,exact_final_best_already_reached,440
66,doris_south,5,240,4.248522975716019,True,exact_final,440
66,doris_south,6,15,4.136624785257617,False,conservative_upper_bound,81
66,doris_south,6,30,4.089129333323422,False,conservative_upper_bound,98
66,doris_south,6,60,4.073959913292232,True,exact_final_best_already_reached,118
66,doris_south,6,120,4.073959913292232,True,exact_final_best_already_reached,118
66,doris_south,6,180,4.073959913292232,True,exact_final_best_already_reached,118
66,doris_south,6,240,4.073959913292232,True,exact_final,118
66,doris_south,7,15,3.809564606112282,False,conservative_upper_bound,122
66,doris_south,7,30,3.076183362625038,False,conservative_upper_bound,152
66,doris_south,7,60,2.9644006676967014,True,exact_final_best_already_reached,158
66,doris_south,7,120,2.9644006676967014,True,exact_final_best_already_reached,158
66,doris_south,7,180,2.9644006676967014,True,exact_final_best_already_reached,158
66,doris_south,7,240,2.9644006676967014,True,exact_final,158
66,doris_south,8,15,4.699764769319404,True,exact_final_best_already_reached,105
66,doris_south,8,30,4.699764769319404,True,exact_final_best_already_reached,105
66,doris_south,8,60,4.699764769319404,True,exact_final_best_already_reached,105
66,doris_south,8,120,4.699764769319404,True,exact_final_best_already_reached,105
66,doris_south,8,180,4.699764769319404,True,exact_final_best_already_reached,105
66,doris_south,8,240,4.699764769319404,True,exact_final,105
66,doris_south,9,15,4.028627919544491,False,conservative_upper_bound,124
66,doris_south,9,30,4.021327582597019,False,conservative_upper_bound,133
66,doris_south,9,60,4.015043050228059,False,conservative_upper_bound,144
66,doris_south,9,120,4.011787249367957,True,exact_final_best_already_reached,150
66,doris_south,9,180,4.011787249367957,True,exact_final_best_already_reached,150
66,doris_south,9,240,4.011787249367957,True,exact_final,150
66,doris_south,10,15,4.725186513226035,False,conservative_upper_bound,49
66,doris_south,10,30,4.723854082341041,True,exact_final_best_already_reached,51
66,doris_south,10,60,4.723854082341041,True,exact_final_best_already_reached,51
66,doris_south,10,120,4.723854082341041,True,exact_final_best_already_reached,51
66,doris_south,10,180,4.723854082341041,True,exact_final_best_already_reached,51
66,doris_south,10,240,4.723854082341041,True,exact_final,51
67,campi,1,15,4.644271672604419,True,exact_final_best_already_reached,6
67,campi,1,30,4.644271672604419,True,exact_final_best_already_reached,6
67,campi,1,60,4.644271672604419,True,exact_final_best_already_reached,6
67,campi,1,120,4.644271672604419,True,exact_final_best_already_reached,6
67,campi,1,180,4.644271672604419,True,exact_final_best_already_reached,6
67,campi,1,240,4.644271672604419,True,exact_final,6
67,campi,2,15,5.7889582739567595,True,exact_final_best_already_reached,8
67,campi,2,30,5.7889582739567595,True,exact_final_best_already_reached,8
67,campi,2,60,5.7889582739567595,True,exact_final_best_already_reached,8
67,campi,2,120,5.7889582739567595,True,exact_final_best_already_reached,8
67,campi,2,180,5.7889582739567595,True,exact_final_best_already_reached,8
67,campi,2,240,5.7889582739567595,True,exact_final,8
67,campi,3,15,4.957114888412682,True,exact_final_best_already_reached,9
67,campi,3,30,4.957114888412682,True,exact_final_best_already_reached,9
67,campi,3,60,4.957114888412682,True,exact_final_best_already_reached,9
67,campi,3,120,4.957114888412682,True,exact_final_best_already_reached,9
67,campi,3,180,4.957114888412682,True,exact_final_best_already_reached,9
67,campi,3,240,4.957114888412682,True,exact_final,9
67,campi,4,15,4.933436147968414,True,exact_final_best_already_reached,3
67,campi,4,30,4.933436147968414,True,exact_final_best_already_reached,3
67,campi,4,60,4.933436147968414,True,exact_final_best_already_reached,3
67,campi,4,120,4.933436147968414,True,exact_final_best_already_reached,3
67,campi,4,180,4.933436147968414,True,exact_final_best_already_reached,3
67,campi,4,240,4.933436147968414,True,exact_final,3
67,campi,5,15,5.495600225789675,True,exact_final_best_already_reached,5
67,campi,5,30,5.495600225789675,True,exact_final_best_already_reached,5
67,campi,5,60,5.495600225789675,True,exact_final_best_already_reached,5
67,campi,5,120,5.495600225789675,True,exact_final_best_already_reached,5
67,campi,5,180,5.495600225789675,True,exact_final_best_already_reached,5
67,campi,5,240,5.495600225789675,True,exact_final,5
67,campi,6,15,4.606920353942797,True,exact_final_best_already_reached,7
67,campi,6,30,4.606920353942797,True,exact_final_best_already_reached,7
67,campi,6,60,4.606920353942797,True,exact_final_best_already_reached,7
67,campi,6,120,4.606920353942797,True,exact_final_best_already_reached,7
67,campi,6,180,4.606920353942797,True,exact_final_best_already_reached,7
67,campi,6,240,4.606920353942797,True,exact_final,7
67,campi,7,15,5.440011779838525,True,exact_final_best_already_reached,7
67,campi,7,30,5.440011779838525,True,exact_final_best_already_reached,7
67,campi,7,60,5.440011779838525,True,exact_final_best_already_reached,7
67,campi,7,120,5.440011779838525,True,exact_final_best_already_reached,7
67,campi,7,180,5.440011779838525,True,exact_final_best_already_reached,7
67,campi,7,240,5.440011779838525,True,exact_final,7
67,campi,8,15,4.504661585151579,True,exact_final_best_already_reached,7
67,campi,8,30,4.504661585151579,True,exact_final_best_already_reached,7
67,campi,8,60,4.504661585151579,True,exact_final_best_already_reached,7
67,campi,8,120,4.504661585151579,True,exact_final_best_already_reached,7
67,campi,8,180,4.504661585151579,True,exact_final_best_already_reached,7
67,campi,8,240,4.504661585151579,True,exact_final,7
67,campi,9,15,5.003169866087323,True,exact_final_best_already_reached,6
67,campi,9,30,5.003169866087323,True,exact_final_best_already_reached,6
67,campi,9,60,5.003169866087323,True,exact_final_best_already_reached,6
67,campi,9,120,5.003169866087323,True,exact_final_best_already_reached,6
67,campi,9,180,5.003169866087323,True,exact_final_best_already_reached,6
67,campi,9,240,5.003169866087323,True,exact_final,6
67,campi,10,15,4.895116454601263,True,exact_final_best_already_reached,4
67,campi,10,30,4.895116454601263,True,exact_final_best_already_reached,4
67,campi,10,60,4.895116454601263,True,exact_final_best_already_reached,4
67,campi,10,120,4.895116454601263,True,exact_final_best_already_reached,4
67,campi,10,180,4.895116454601263,True,exact_final_best_already_reached,4
67,campi,10,240,4.895116454601263,True,exact_final,4
