rank,participant_id,run_number,score_loss,participant_best_feasible_loss,used_random_search_fallback,time_to_best_minutes,time_to_best_precision,evaluation_count,objective_time_seconds,evaluations_per_second,feasible_history_count,feasibility_observation_count,feasible_history_fraction
1,judewallis,1,-0.6180502037270332,-0.6180502037270332,False,237.28465567032495,exact,2232,14238.359564304352,0.15675963160781783,278,279,0.996415770609319
1,judewallis,2,-0.5435944110900427,-0.5435944110900427,False,237.3791397412618,exact,2184,14244.078537940979,0.15332687152648228,273,273,1.0
1,judewallis,3,-0.5963753107222146,-0.5963753107222146,False,237.38705573479334,exact,2192,14244.651947498322,0.1538823137328367,272,274,0.9927007299270073
1,judewallis,4,-0.6161441841816891,-0.6161441841816891,False,237.2994134704272,exact,2856,14239.236889123917,0.2005725462845164,356,357,0.9971988795518207
1,judewallis,5,-0.3133713486661518,-0.3133713486661518,False,237.47994191646575,exact,1768,14250.293471336365,0.1240676203305026,220,221,0.995475113122172
1,judewallis,6,-0.5137501650377848,-0.5137501650377848,False,237.28451297680536,exact,1312,14237.529019117355,0.09215082183420452,164,164,1.0
1,judewallis,7,-0.5567413047021832,-0.5567413047021832,False,237.28593686024348,exact,1896,14238.554965734482,0.13315958006713335,236,237,0.9957805907172996
1,judewallis,8,-0.6809103026354316,-0.6809103026354316,False,237.3161987185478,exact,1704,14240.33452630043,0.11966011029115135,213,213,1.0
1,judewallis,9,-0.5681853848325037,-0.5681853848325037,False,237.28467876911162,exact,1328,14238.397211790085,0.09326892488294619,164,166,0.9879518072289156
1,judewallis,10,-0.39588787118348145,-0.39588787118348145,False,237.28463142315547,exact,2104,14238.382585287094,0.14776959302766032,262,263,0.9961977186311787
2,giannischalk,1,-0.48445572093121236,-0.48445572093121236,False,230.22973097165425,exact,140520,14380.410364866257,9.771626569385935,15855,17565,0.9026473099914603
2,giannischalk,2,-0.44679880684416395,-0.44679880684416395,False,239.42415926853815,exact,142096,14380.848430395126,9.880919104860894,16324,17762,0.9190406485756109
2,giannischalk,3,-0.5101241271630963,-0.5101241271630963,False,173.5702719648679,exact,126464,14380.810850858688,8.793940850174575,14382,15808,0.9097925101214575
2,giannischalk,4,-0.48397455684010016,-0.48397455684010016,False,238.80154637495676,exact,141704,14380.771278619766,9.853713493842621,15251,17713,0.8610060407610229
2,giannischalk,5,-0.3252932956044124,-0.3252932956044124,False,239.504136522611,exact,125104,14381.107826471329,8.699190737567578,13441,15638,0.8595088886046809
2,giannischalk,6,-0.44879402730223006,-0.44879402730223006,False,239.0156825264295,exact,144248,14380.236380338669,10.030989490355152,16436,18031,0.9115412345405136
2,giannischalk,7,-0.46020959507415826,-0.46020959507415826,False,209.09978609482448,exact,130104,14380.319240808487,9.047365209444775,14526,16263,0.8931931377974544
2,giannischalk,8,-0.41766720091030635,-0.41766720091030635,False,238.35870968898138,exact,141784,14380.595974206924,9.85939666577826,15514,17723,0.8753597020820403
2,giannischalk,9,-0.40353406027971445,-0.40353406027971445,False,204.1185401002566,exact,141016,14380.47681260109,9.80607262454836,15977,17627,0.9063936007261587
2,giannischalk,10,-0.4549241029142827,-0.4549241029142827,False,239.3617071310679,exact,144040,14380.223730564117,10.016534005229243,16199,18005,0.8996945292974173
3,seament,1,-0.28444317947796033,-0.28444317947796033,False,98.8249942501386,exact,105085,14401.150566577911,7.296986411896875,29612,33796,0.8761983666706119
3,seament,2,-0.27250354278442224,-0.27250354278442224,False,239.99575503667197,exact,113164,14400.842461109161,7.858151375908048,25252,28506,0.885848593278608
3,seament,3,-0.3619206122946291,-0.3619206122946291,False,150.35022961298625,exact,106985,14400.576864004135,7.429216274482799,19171,25529,0.7509499001135963
3,seament,4,-0.12136134602775675,-0.12136134602775675,False,239.99374718666076,exact,117739,14401.498094797134,8.17546891476074,22200,24689,0.8991858722507999
3,seament,5,-0.24502612677111374,-0.24502612677111374,False,137.8457883675893,exact,117831,14400.582021474838,8.182377616702212,18016,21613,0.833572386989312
3,seament,6,-0.6881195338240298,-0.6881195338240298,False,239.99073946873347,exact,131486,14400.912049293518,9.13039393268501,19765,24627,0.8025744102001868
3,seament,7,-0.37591109553042684,-0.37591109553042684,False,137.2239933292071,exact,116145,14401.586095571518,8.064736705335154,19405,24228,0.8009328050189863
3,seament,8,0.13223998466693615,0.13223998466693615,False,205.40908344189327,exact,117837,14400.70296216011,8.182725545387154,23846,28993,0.8224743903700893
3,seament,9,0.01595315913166823,0.01595315913166823,False,124.37639681895574,exact,110238,14400.499128580093,7.655151326054738,24104,31866,0.7564174982740225
3,seament,10,-0.18073468386873395,-0.18073468386873395,False,198.2779224594434,exact,125543,14400.677273750305,8.717853862945807,22196,26632,0.8334334635025533
4,actuwien,1,-0.0756394164429589,-0.0756394164429589,False,239.1538099726041,exact,168885,14397.5571372509,11.730114934778946,10576,11259,0.9393374189537259
4,actuwien,2,0.15459751208986405,0.15459751208986405,False,238.91151683330537,exact,169875,14397.712422847748,11.798749343709988,9874,11325,0.8718763796909492
4,actuwien,3,-0.35523454547394734,-0.35523454547394734,False,239.8511773546537,exact,150585,14397.587089300156,10.45904421803499,8656,10039,0.8622372746289471
4,actuwien,4,-0.19452182955406,-0.19452182955406,False,239.8863721013069,exact,171750,14397.67788362503,11.929006982114604,10168,11450,0.8880349344978166
4,actuwien,5,0.08126805306478616,0.08126805306478616,False,239.94420619805655,exact,151365,14397.488430261612,10.513292004586775,8784,10091,0.8704786443365375
4,actuwien,6,-0.35888892905688985,-0.35888892905688985,False,239.89071511824926,exact,171120,14398.027514457703,11.884961313497335,10089,11408,0.8843793828892006
4,actuwien,7,-0.31894305160231734,-0.31894305160231734,False,239.75707917610805,exact,157125,14397.29427599907,10.913508954382795,10218,10475,0.9754653937947494
4,actuwien,8,-0.07671637198545274,-0.07671637198545274,False,222.1821127017339,exact,168345,14397.51576590538,11.692642170856738,10046,11223,0.8951260803706674
4,actuwien,9,-0.4774355367318851,-0.4774355367318851,False,239.91988001267114,exact,168720,14398.5369617939,11.717857199498368,10531,11248,0.9362553342816501
4,actuwien,10,-0.4939498461730936,-0.4939498461730936,False,239.88732570409775,exact,171045,14397.83825135231,11.879908428887557,10484,11403,0.9194071735508199
5,aekovalenko,1,-0.42435345343074815,-0.42435345343074815,False,236.96291944185893,exact,155678,14402.005987405777,10.809466412952254,8877,9820,0.9039714867617108
5,aekovalenko,2,0.23083984293347415,0.23083984293347415,False,239.57805188496908,exact,159880,14402.255252838135,11.101039190962384,8971,10078,0.8901567771383211
5,aekovalenko,3,0.01936555455001992,0.01936555455001992,False,236.14956036806106,exact,141218,14401.147125720978,9.806024392861001,7696,8902,0.8645248258818243
5,aekovalenko,4,-0.47364425493152296,-0.47364425493152296,False,237.04627899328867,exact,160658,14400.865547895432,11.156134988252761,8710,10132,0.8596525858665613
5,aekovalenko,5,0.3476484449295664,0.3476484449295664,False,231.2655910094579,exact,140708,14401.157737731934,9.770603347488949,7811,8866,0.88100609068351
5,aekovalenko,6,-0.30309340549089603,-0.30309340549089603,False,222.97241760492324,exact,162028,14401.994681358337,11.250386046158308,8798,10184,0.8639041633935586
5,aekovalenko,7,-0.16374516736498063,-0.16374516736498063,False,235.21973598798115,exact,138892,14402.093816518784,9.643875520425711,11531,12862,0.8965168714041362
5,aekovalenko,8,-0.4222072610399373,-0.4222072610399373,False,239.76110497713088,exact,151192,14400.975958108902,10.4987328942013,12487,14024,0.8904021677124929
5,aekovalenko,9,-0.381752139474348,-0.381752139474348,False,238.57873854637145,exact,151418,14402.465378284454,10.513338933506683,12939,14049,0.9209908178518044
5,aekovalenko,10,0.02792292214128808,0.02792292214128808,False,236.78296461105347,exact,161922,14402.934903621674,11.242292010865375,8881,10211,0.8697483106453824
6,hamzahanif2210,1,-0.3829982397922393,-0.3829982397922393,False,193.64048235019047,exact,155200,14401.565185546875,10.77660643134509,9196,9700,0.948041237113402
6,hamzahanif2210,2,0.4277002947340868,0.4277002947340868,False,108.63796895742416,exact,157024,14401.658520936966,10.903188668980055,9038,9814,0.9209292846953332
6,hamzahanif2210,3,0.03046717057422526,0.03046717057422526,False,204.9573556105296,exact,140320,14401.16506242752,9.74365611335803,8099,8770,0.9234891676168757
6,hamzahanif2210,4,-0.3003660160823178,-0.3003660160823178,False,25.792080771923064,exact,158912,14401.072549581528,11.034733659793813,8751,9932,0.8810914216673379
6,hamzahanif2210,5,0.10911427389744872,0.10911427389744872,False,145.91274525324505,exact,139104,14400.359005689621,9.659759173020591,8033,8694,0.923970554405337
6,hamzahanif2210,6,-0.29473753608588543,-0.29473753608588543,False,207.61569933891298,exact,160032,14400.515091896057,11.11293582061232,9576,10002,0.9574085182963408
6,hamzahanif2210,7,-0.38022684897346,-0.38022684897346,False,237.16761634349822,exact,143376,14401.553328752518,9.955592756355777,8603,8961,0.9600491016627608
6,hamzahanif2210,8,-0.22102831395696235,-0.22102831395696235,False,110.10961704651514,exact,157232,14401.305587291718,10.917899009013999,9309,9827,0.9472880838506157
6,hamzahanif2210,9,-0.44676548003964384,-0.44676548003964384,False,46.32753400802612,exact,156896,14401.538525819778,10.894391576199252,9110,9806,0.9290230471140118
6,hamzahanif2210,10,0.14045554322264195,0.14045554322264195,False,72.66235519250235,exact,160304,14401.211947441101,11.13128537966444,9115,10019,0.9097714342748777
7,lodev,1,-0.17959485560992847,-0.17959485560992847,False,236.04963099161785,exact,170313,14402.035210609436,11.825620303617702,10634,11385,0.9340360122968818
7,lodev,2,0.0955437906367172,0.0955437906367172,False,228.02077774206796,exact,169759,14402.153393030167,11.787056794031496,10469,11335,0.9235994706660785
7,lodev,3,-0.03810685815687763,-0.03810685815687763,False,239.59714993635814,exact,151051,14401.176098108292,10.488796121300242,9714,10099,0.9618774136053074
7,lodev,4,0.0708885128920151,0.0708885128920151,False,238.65538427829742,exact,172493,14401.996807098389,11.977019736248133,10889,11521,0.9451436507247635
7,lodev,5,0.07051678822214731,0.07051678822214731,False,225.85926829576493,exact,151040,14401.57681107521,10.487740473240823,9159,10102,0.9066521480894872
7,lodev,6,-0.30760936512296094,-0.30760936512296094,False,234.0469456632932,exact,173066,14400.569045305252,12.017997306600982,10700,11562,0.9254454246670126
7,lodev,7,-0.3824061422954746,-0.3824061422954746,False,237.9036616921425,exact,158037,14402.065312862396,10.973217838337264,9854,10575,0.9318203309692671
7,lodev,8,-0.12412533802271887,-0.12412533802271887,False,231.01323767900467,exact,169019,14402.388927936554,11.7354836649461,10609,11281,0.9404308128711993
7,lodev,9,0.0741461979398818,0.0741461979398818,False,228.00543947219847,exact,169430,14400.73139834404,11.765374640588254,10760,11314,0.9510341170231571
7,lodev,10,-0.43489770417708074,-0.43489770417708074,False,229.72353775103886,exact,173220,14401.021641731262,12.028313289804613,10788,11562,0.9330565646081993
8,jagarwal,1,-0.38856482114199736,-0.38856482114199736,False,91.50435003439586,exact,141928,14400.779616594315,9.855577529736893,16561,17741,0.9334874020630178
8,jagarwal,2,0.43374447425698764,0.43374447425698764,False,172.09173818031948,exact,143800,14400.427662611008,9.9858145444777,16246,17975,0.9038108484005564
8,jagarwal,3,0.32241739296990346,0.32241739296990346,False,17.76875884135564,exact,128280,14400.958164215088,8.907740619562572,14452,16035,0.9012784533832242
8,jagarwal,4,-0.33753660019429477,-0.33753660019429477,False,170.112972565492,exact,144304,14400.7513859272,10.020588241042597,16221,18038,0.8992682115533873
8,jagarwal,5,0.3229527136136332,0.3229527136136332,False,215.55321085850397,exact,126896,14400.525092124939,8.811900898627249,13962,15862,0.8802168705081327
8,jagarwal,6,-0.31575986365456105,-0.31575986365456105,False,169.9639312426249,exact,145832,14400.499791622162,10.126870741308664,17066,18229,0.936200559547973
8,jagarwal,7,-0.39028680773103275,-0.39028680773103275,False,173.24567891756695,exact,130448,14400.233680486679,9.058741885332468,15096,16306,0.9257941861891328
8,jagarwal,8,-0.03741428680081115,-0.03741428680081115,False,185.48708661794663,exact,143264,14400.621378183365,9.948459600294882,13809,17908,0.7711078847442484
8,jagarwal,9,-0.3248983476241284,-0.3248983476241284,False,222.6554907242457,exact,142408,14400.981607675552,9.888770354660979,14275,17801,0.801921240379754
8,jagarwal,10,-0.2689290898133406,-0.2689290898133406,False,171.23201760053635,exact,145416,14400.698552131653,10.097843481243824,15563,18177,0.8561918908510755
9,mhtaylor,1,-0.02376722105439003,-0.02376722105439003,False,221.9367479165395,exact,154000,14400.99546957016,10.693705190409075,7147,9609,0.7437818711624519
9,mhtaylor,2,0.27492067288549893,0.27492067288549893,False,233.81673854589462,exact,156048,14400.93415427208,10.83596371793061,6842,9737,0.7026804970730204
9,mhtaylor,3,-0.09991304673214405,-0.09991304673214405,False,239.70872599283854,exact,138560,14400.95666384697,9.62158301245704,7686,8644,0.8891716797778806
9,mhtaylor,4,0.1672566796080727,0.1672566796080727,False,239.99628296295802,exact,157824,14401.577219724655,10.958799692011612,8267,9848,0.8394597887896019
9,mhtaylor,5,-0.23107302428269577,-0.23107302428269577,False,239.01419367790223,exact,136784,14401.302975177765,9.498029465511719,6823,8533,0.7996015469354272
9,mhtaylor,6,-0.5379985446306321,-0.5379985446306321,False,239.89559586048125,exact,159200,14401.29107761383,11.054564423565422,7799,9934,0.7850815381518019
9,mhtaylor,7,-0.26875707098677737,-0.26875707098677737,False,239.95601973136266,exact,142576,14400.972466230392,9.900442510693917,7668,8895,0.8620573355817875
9,mhtaylor,8,-0.1613667101060854,-0.1613667101060854,False,239.9875702381134,exact,155136,14401.071171283722,10.772531998129905,8591,9680,0.8875
9,mhtaylor,9,0.15910140849112975,0.15910140849112975,False,230.10531797806422,exact,154784,14401.163128614426,10.74802074093943,5078,9658,0.5257817353489336
9,mhtaylor,10,-0.0949863077540096,-0.0949863077540096,False,239.99569632212322,exact,160160,14401.478974819183,11.121080014076185,8883,9994,0.888833299979988
10,gabrielekarra,1,-0.4432814381757838,-0.4432814381757838,False,239.14852608044941,exact,121867,14398.837366819382,8.463669454370656,25139,27586,0.9112955847168854
10,gabrielekarra,2,0.3141530588830661,0.3141530588830661,False,239.6813932498296,exact,123185,14398.629517316818,8.555328120072048,24905,27742,0.8977362843342225
10,gabrielekarra,3,0.16213067480107946,0.16213067480107946,False,239.96475704113644,exact,109439,14398.517205238342,7.60071321512085,22642,24839,0.9115503844760257
10,gabrielekarra,4,-0.3436064792582387,-0.3436064792582387,False,239.85219394365947,exact,121567,14398.665809631348,8.442935033514226,25103,26859,0.9346215421274061
10,gabrielekarra,5,0.26752348608589765,0.26752348608589765,False,239.8708247621854,exact,108863,14398.643508911133,7.56064277392701,21434,24641,0.8698510612393977
10,gabrielekarra,6,-0.12812495341753008,-0.12812495341753008,False,239.91793943246205,exact,124784,14398.418606042862,8.666507302935997,26674,27941,0.9546544504491608
10,gabrielekarra,7,-0.23601388064444553,-0.23601388064444553,False,239.75461299022038,exact,111840,14398.715178966522,7.767359699105278,20453,25371,0.8061566355287533
10,gabrielekarra,8,0.013895735061838615,0.013895735061838615,False,239.9003712495168,exact,122246,14398.301792383194,8.490306826647364,26170,27608,0.9479136482179078
10,gabrielekarra,9,-0.38989482676306547,-0.38989482676306547,False,239.80753138462703,exact,122185,14398.046466588974,8.486220702477475,25734,27799,0.9257167524011655
10,gabrielekarra,10,0.1424320957657036,0.1424320957657036,False,239.46068952878315,exact,123827,14398.952961444855,8.59972251673879,24015,27761,0.8650624977486402
11,danilolapegna,1,-0.26836849660932055,-0.26836849660932055,False,221.9649639884631,exact,154651,13319.607421398163,11.610777638352214,9856,10591,0.930601454064772
11,danilolapegna,2,0.3361198413696677,0.3361198413696677,False,221.95713088115056,exact,154471,13320.89766216278,11.596140434196542,9820,10579,0.928254088288118
11,danilolapegna,3,-0.0861501884869687,-0.0861501884869687,False,221.73610494534174,exact,137986,13330.27278637886,10.35132605395719,9015,9480,0.9509493670886076
11,danilolapegna,4,-0.0002667450010761516,-0.0002667450010761516,False,222.01791835625966,exact,156946,13324.373760223389,11.77886502017253,10193,10744,0.9487155621742368
11,danilolapegna,5,0.2797668948535114,0.2797668948535114,False,222.14487644433976,exact,137986,13329.669593334198,10.351794471260039,8753,9480,0.9233122362869198
11,danilolapegna,6,-0.457948746236182,-0.457948746236182,False,221.99053947528202,exact,157501,13320.105298757553,11.824305924570362,9689,10781,0.8987106947407476
11,danilolapegna,7,0.16933768677431182,0.16933768677431182,False,222.0194600780805,exact,143926,13326.412212848663,10.800056136732264,9231,9876,0.9346901579586877
11,danilolapegna,8,-0.25444420165331183,-0.25444420165331183,False,221.81620520353317,exact,154021,13320.930222988129,11.56233066473118,10415,10549,0.987297374158688
11,danilolapegna,9,-0.07158536923942331,-0.07158536923942331,False,221.98080588181813,exact,154681,13320.800545454025,11.611989795372157,10146,10593,0.9578023222883036
11,danilolapegna,10,-0.21406069698666583,-0.21406069698666583,False,221.49540721178056,exact,157966,13320.79278421402,11.85860350498055,10510,10812,0.9720680725120237
12,kevinknights29,1,0.33731824416745937,0.33731824416745937,False,235.6163071870804,exact,165275,14400.830661535263,11.476768520127862,21916,23801,0.9208016469896223
12,kevinknights29,2,0.38544386243199896,0.38544386243199896,False,237.19078130722045,exact,164122,14401.134852647781,11.396462964849237,21706,23566,0.9210727319018925
12,kevinknights29,3,0.21834175027786848,0.21834175027786848,False,235.537575729688,exact,147135,14400.891497612,10.217075798703044,19816,21171,0.9359973548722309
12,kevinknights29,4,0.4236250007159065,0.4236250007159065,False,235.32072311639786,exact,165887,14400.64690566063,11.519413057394864,21964,23819,0.9221209958436543
12,kevinknights29,5,0.3731908692331261,0.3731908692331261,False,235.61326800982158,exact,148451,14400.711941480637,10.308587561729725,19446,21389,0.9091589134601898
12,kevinknights29,6,-0.498561235846025,-0.498561235846025,False,235.9049176812172,exact,166785,14400.948507070541,11.581528808197065,22283,24093,0.9248744448595028
12,kevinknights29,7,-0.28596072366224856,-0.28596072366224856,False,235.34440992673237,exact,152485,14400.909036397934,10.58856768101222,19939,21937,0.908921001048457
12,kevinknights29,8,-0.3252937683597495,-0.3252937683597495,False,237.57994408210118,exact,163739,14400.766555070877,11.370158621336953,20788,23537,0.8832051663338574
12,kevinknights29,9,-0.23619987838041792,-0.23619987838041792,False,235.29562472899755,exact,165617,14400.377812862396,11.500878806948464,22145,23759,0.9320678479733996
12,kevinknights29,10,0.4258741233551512,0.4258741233551512,False,235.81023984352748,exact,167265,14400.77163362503,11.61500260232203,22399,24111,0.9289950644933848
13,prashx,1,-0.1710742762500347,-0.1710742762500347,False,239.2625979701678,exact,118052,14400.143068790436,8.1979741059556,35746,39364,0.9080886088812112
13,prashx,2,0.4092074534231908,0.4092074534231908,False,239.7873703122139,exact,118795,14400.49946475029,8.249366648065768,33959,39599,0.8575721609131544
13,prashx,3,0.15639047002381554,0.15639047002381554,False,239.99733254114787,exact,106341,14400.42698931694,7.3845726990518985,33225,35457,0.9370505118876385
13,prashx,4,0.16136498570400312,0.16136498570400312,False,239.2889431754748,exact,110198,14400.579185009003,7.652331103093136,33714,36828,0.9154447702834799
13,prashx,5,-0.12165294911242622,-0.12165294911242622,False,233.68524973789852,exact,105352,14400.402212619781,7.3159067673592375,32854,35118,0.9355316361979612
13,prashx,6,0.09467067475888896,0.09467067475888896,False,239.97330511013666,exact,119104,14400.687021255493,8.270716516802416,36579,39702,0.9213389753664802
13,prashx,7,-0.2529828916721001,-0.2529828916721001,False,239.74053298632305,exact,108832,14400.656872749329,7.557433036679398,31527,36282,0.868943277658343
13,prashx,8,0.4224811972766567,0.4224811972766567,False,239.72698967854183,exact,118772,14400.59677529335,8.24771374779227,35510,39598,0.896762462750644
13,prashx,9,0.2751425199135328,0.2751425199135328,False,239.60660467147827,exact,118948,14400.519411087036,8.259979838534248,37593,39650,0.9481210592686002
13,prashx,10,0.2951697210295126,0.2951697210295126,False,234.57031001647314,exact,117457,14400.528752565384,8.156436615501052,36325,39153,0.9277705412101244
14,askii,1,-0.26594514761137794,-0.26594514761137794,False,203.54082631270091,exact,140912,14400.598778963089,9.785148670751754,17038,17606,0.9677382710439623
14,askii,2,0.4225069902153878,0.4225069902153878,False,119.70413572788239,exact,143712,14400.826239824295,9.979427402753902,17105,17956,0.9526063711294275
14,askii,3,0.04884426250117174,0.04884426250117174,False,203.62939908107123,exact,126376,14401.053542852402,8.775469074116701,15208,15789,0.9632022294002154
14,askii,4,0.16482305694733357,0.16482305694733357,False,232.40263510942458,exact,142960,14400.571022510529,9.927384113902798,17360,17862,0.9718956443847273
14,askii,5,0.3504442778055119,0.3504442778055119,False,236.8133248925209,exact,127232,14400.890923261642,8.83500893645984,15195,15896,0.9559008555611475
14,askii,6,0.1542327932380464,0.1542327932380464,False,237.45676236947378,exact,144968,14400.99839925766,10.066524277057956,17385,18113,0.9598078727985425
14,askii,7,-0.05439974991796678,-0.05439974991796678,False,207.91157047748567,exact,131096,14400.91418838501,9.103310962420348,15322,16379,0.9354661456743391
14,askii,8,-0.025318504434685876,-0.025318504434685876,False,235.01584585110348,exact,144048,14400.554425001144,10.002948202460514,16903,17998,0.9391599066562951
14,askii,9,0.29161598098846697,0.29161598098846697,False,173.18683626651764,exact,144624,14400.873333454132,10.042724260620318,16822,18070,0.9309352517985612
14,askii,10,0.2818998022884484,0.2818998022884484,False,128.65453772544862,exact,145464,14400.509500265121,10.101309262517546,16735,18175,0.9207702888583219
15,miscusi,1,-0.17025624450818788,-0.17025624450818788,False,239.76816739241283,exact,163782,14400.964828252792,11.372987987491042,22119,23076,0.9585283411336454
15,miscusi,2,0.1843804598532819,0.1843804598532819,False,239.96088004509608,exact,161171,14400.39836859703,11.192120931283807,21100,22703,0.9293925912874951
15,miscusi,3,0.21492902059729335,0.21492902059729335,False,239.97286147673924,exact,146051,14400.459145784378,10.142107173211578,18642,20543,0.9074623959499586
15,miscusi,4,0.1589359336760753,0.1589359336760753,False,230.1519249955813,exact,164342,14400.511249542236,11.412233715328968,20663,23156,0.8923389186387978
15,miscusi,5,0.19730056190840006,0.19730056190840006,False,238.10976772705715,exact,145666,14400.519965648651,10.11532919279826,19176,20488,0.9359625146427177
15,miscusi,6,0.08030970102322091,0.08030970102322091,False,238.77374073266984,exact,166449,14400.762617826462,11.558346208273413,20118,23457,0.8576544315129812
15,miscusi,7,-0.12791083750316942,-0.12791083750316942,False,239.99883647759756,exact,151784,14400.73390340805,10.540018378096624,19095,21362,0.8938769778110663
15,miscusi,8,0.27107515297428164,0.27107515297428164,False,220.59082153638204,exact,162529,14400.603766202927,11.286262898326711,19904,22897,0.8692841857011836
15,miscusi,9,0.3539121694596743,0.3539121694596743,False,239.51470825274785,exact,163915,14400.825163602829,11.382333868915008,19876,23095,0.8606191816410479
15,miscusi,10,0.352610469651096,0.352610469651096,False,239.79129850467046,exact,165385,14400.623480319977,11.484572194114834,20047,23305,0.8602016734606308
16,jackqiu,1,0.30039291907904303,0.30039291907904303,False,239.90964410702387,exact,168085,14400.355384111404,11.672281378934311,13555,15201,0.8917176501545951
16,jackqiu,2,0.19991462971522253,0.19991462971522253,False,239.99640700817108,exact,166416,14400.495131254196,11.556269314575031,14185,15032,0.9436535391165514
16,jackqiu,3,0.06481893079302656,0.06481893079302656,False,239.88449703057606,exact,148871,14400.567828178406,10.337856241244577,12810,13467,0.9512140788594342
16,jackqiu,4,0.0949266439751694,0.0949266439751694,False,239.71870424350104,exact,168804,14400.578392267227,11.72202917145632,14066,15146,0.9286940446322461
16,jackqiu,5,0.29456641908631215,0.29456641908631215,False,239.88451053698859,exact,149493,14400.540524482727,10.381068665154833,12630,13533,0.9332742185768123
16,jackqiu,6,0.014577646814127987,0.014577646814127987,False,239.94452880620958,exact,168689,14400.439838171005,11.714156087986902,14426,15205,0.9487668530088786
16,jackqiu,7,0.15511494160267772,0.15511494160267772,False,239.68575056393942,exact,154953,14400.43395614624,10.76030072926133,13348,14009,0.9528160468270398
16,jackqiu,8,0.15490451899747118,0.15490451899747118,False,239.73731669187546,exact,166931,14400.392225503922,11.592114810897693,14387,15109,0.9522139122377391
16,jackqiu,9,0.13640104811434425,0.13640104811434425,False,239.98604818185171,exact,168467,14400.380236148834,11.698788312346256,13983,15213,0.9191480970222836
16,jackqiu,10,0.3522084402802868,0.3522084402802868,False,238.7526532292366,exact,170173,14400.43379664421,11.817213453643047,14106,15367,0.9179410424936553
17,s_boehler,1,0.3324574667081948,0.3324574667081948,False,232.9366439819336,exact,142960,14401.760813713074,9.926563970141505,16722,17774,0.9408124226398109
17,s_boehler,2,0.2732721845294502,0.2732721845294502,False,239.9854817390442,exact,145000,14401.537797927856,10.068369227962801,17084,18029,0.9475844472793832
17,s_boehler,3,0.3429553584231792,0.3429553584231792,False,238.41882954041162,exact,127856,14400.293805599213,8.87870773513567,14545,15886,0.9155860506106005
17,s_boehler,4,0.33432938079535957,0.33432938079535957,False,239.12378688255947,exact,144424,14400.585944652557,10.029036356928913,16682,17957,0.9289970485047614
17,s_boehler,5,0.40969784223955685,0.40969784223955685,False,239.47685923178992,exact,127712,14401.61598944664,8.86789372064816,14936,15868,0.9412654398790018
17,s_boehler,6,-0.3148308768270186,-0.3148308768270186,False,228.42935913006465,exact,146480,14401.614228010178,10.171082052392862,17309,18214,0.9503129460854288
17,s_boehler,7,0.1637711569099326,0.1637711569099326,False,238.55904682079952,exact,132080,14401.752868413925,9.17110585126615,15570,16414,0.9485804800779822
17,s_boehler,8,0.25167315305418514,0.25167315305418514,False,239.95090699593226,exact,144584,14401.054101228714,10.039820625884873,16641,17977,0.9256828169327475
17,s_boehler,9,-0.19812058744257535,-0.19812058744257535,False,239.60022488037745,exact,143552,14401.824951410294,9.967625664408782,17267,17848,0.9674473330345137
17,s_boehler,10,0.1969362590501507,0.1969362590501507,False,236.63175432682038,exact,146808,14401.192739248276,10.194155627116702,17395,18255,0.9528896192823884
18,gun-py,1,0.3140298558495264,0.3140298558495264,False,169.30084673563638,exact,92769,14392.186384916306,6.4457892302747215,42086,47004,0.8953706067568717
18,gun-py,2,0.3342562898500778,0.3342562898500778,False,115.6096224586169,exact,93810,14391.92683672905,6.518237694246147,41696,47532,0.8772195573508373
18,gun-py,3,0.18877200732486882,0.18877200732486882,False,238.91722897688547,exact,84280,14390.563847541809,5.856615549806735,37778,42700,0.8847306791569086
18,gun-py,4,0.2338333755702078,0.2338333755702078,False,239.01845553716024,exact,87925,14391.504833936691,6.109507033111892,37741,44554,0.8470844368631324
18,gun-py,5,0.141458884042748,0.141458884042748,False,216.03767260710399,exact,82949,14392.332874774933,5.763415891066733,37802,42044,0.899105698791742
18,gun-py,6,0.004902576298947877,0.004902576298947877,False,204.88953592777253,exact,94344,14391.112735509872,6.5557126633583716,43852,47805,0.9173099048216714
18,gun-py,7,-0.1495157726414553,-0.1495157726414553,False,216.02252570788065,exact,85136,14392.812296152115,5.915174758637053,35805,43151,0.8297606080971472
18,gun-py,8,0.38281785660894857,0.38281785660894857,False,239.87670331001283,exact,94080,14393.480892419815,6.536292416210891,41634,47658,0.873599395694322
18,gun-py,9,0.40424550644491775,0.40424550644491775,False,212.4614117503166,exact,93466,14391.125422000885,6.494697062198549,41028,47350,0.8664836325237593
18,gun-py,10,0.17669301651889957,0.17669301651889957,False,237.45811796188354,exact,93769,14392.632716178894,6.515069330894089,43480,47509,0.9151950156812394
19,sjyun,1,0.3302412101809934,0.3302412101809934,False,96.58713778654734,exact,114400,11604.710302591324,9.858065993638338,15208,19200,0.7920833333333334
19,sjyun,2,0.40825152030267275,0.40825152030267275,False,47.68238093852997,exact,114400,11479.114721775055,9.965925315041188,15732,19200,0.819375
19,sjyun,3,0.1745044958226603,0.1745044958226603,False,54.748739218711854,exact,114400,13137.96972155571,8.707585907455838,15689,19200,0.8171354166666667
19,sjyun,4,-0.06502486946893096,-0.06502486946893096,False,49.00085486570994,exact,114400,11748.420846223831,9.737478891622304,15201,19200,0.79171875
19,sjyun,5,0.32716440642109135,0.32716440642109135,False,53.87968185345332,exact,114400,12932.96012377739,8.845616077457343,15007,19200,0.7816145833333333
19,sjyun,6,0.18577986673436597,0.18577986673436597,False,93.48851489226023,exact,143000,14105.83436512947,10.137649166894033,19098,24000,0.79575
19,sjyun,7,0.17987424758429463,0.17987424758429463,False,103.49559875329335,exact,114400,12511.505105733871,9.143584167789042,15436,19200,0.8039583333333333
19,sjyun,8,0.1678681646909562,0.1678681646909562,False,95.47458343903223,exact,114400,11506.000779390335,9.942637949835223,14838,19200,0.7728125
19,sjyun,9,0.16177613285856474,0.16177613285856474,False,96.09723070462545,exact,114400,11562.652304172516,9.893923728789929,15091,19200,0.7859895833333334
19,sjyun,10,0.33947946037829285,0.33947946037829285,False,188.6504045645396,exact,143000,14199.6516289711,10.070669600671161,18513,24000,0.771375
20,ibarapascal,1,0.23605482922274212,0.23605482922274212,False,237.03273011445998,exact,155632,14400.786710500717,10.807187352237971,9032,9727,0.9285493985812686
20,ibarapascal,2,0.4085731840133849,0.4085731840133849,False,239.87653214534123,exact,157184,14400.701994657516,10.915023452211797,9321,9824,0.9487988599348535
20,ibarapascal,3,0.2424070776940919,0.2424070776940919,False,239.76863511403403,exact,140656,14400.292793035507,9.767579175058597,8097,8791,0.9210556250710954
20,ibarapascal,4,0.16935265377355355,0.16935265377355355,False,234.4328149120013,exact,159184,14400.46470952034,11.054087712513981,9439,9949,0.9487385666901196
20,ibarapascal,5,0.2285807738253298,0.2285807738253298,False,239.79386884768803,exact,138752,14400.3198428154,9.63534154203013,8210,8672,0.9467250922509225
20,ibarapascal,6,0.15974914300729914,0.15974914300729914,False,239.09269505341848,exact,160320,14400.98781824112,11.132569655876624,9617,10020,0.9597804391217565
20,ibarapascal,7,0.1618195468952222,0.1618195468952222,False,238.27066474755605,exact,143856,14401.23739027977,9.989141634252675,8505,8991,0.9459459459459459
20,ibarapascal,8,-0.02143750255324025,-0.02143750255324025,False,237.4400846918424,exact,156560,14400.996115922928,10.871470191349776,9401,9785,0.9607562595809913
20,ibarapascal,9,0.28512981260955306,0.28512981260955306,False,226.54007886250812,exact,156880,14401.185077428818,10.893547937654121,9202,9805,0.9385007649158592
20,ibarapascal,10,0.3530166990298338,0.3530166990298338,False,238.6228483359019,exact,161056,14400.913425922394,11.183735033785483,9511,10066,0.9448638982714087
21,melodyyy22,1,0.2813967402295426,0.2813967402295426,False,239.8165339589119,exact,59429,14393.605068922043,4.128847478823505,30520,34643,0.8809860577894524
21,melodyyy22,2,0.38292973627362825,0.38292973627362825,False,236.60916651089985,exact,74770,14392.534964084625,5.19505425462452,34843,41713,0.8353031429050896
21,melodyyy22,3,0.18133577827653125,0.18133577827653125,False,237.06347001393635,exact,73711,14393.882874965668,5.120994844844867,32360,40402,0.8009504479976238
21,melodyyy22,4,0.3658027506763398,0.3658027506763398,False,227.5271229028702,exact,63248,14393.414494514465,4.394231822067288,27865,33782,0.824847551950743
21,melodyyy22,5,0.1427829148940278,0.1427829148940278,False,239.87797452608746,exact,68265,14393.249538898468,4.742848362040168,31565,36090,0.8746190080354669
21,melodyyy22,6,0.17565614602264526,0.17565614602264526,False,160.01178479592005,exact,78499,14393.34506559372,5.453839926873312,36072,42940,0.840055891942245
21,melodyyy22,7,-0.30352449568148465,-0.30352449568148465,False,232.88009835481643,exact,73583,14393.00090956688,5.112415434580439,34063,42722,0.7973175413136089
21,melodyyy22,8,0.4181478639868284,0.4181478639868284,False,206.28232168356578,exact,76797,14393.081584453583,5.335688507661267,34155,41094,0.831143232588699
21,melodyyy22,9,0.42022040930607946,0.42022040930607946,False,210.78527037302652,exact,53969,14410.305747032166,3.74516689287561,25297,29399,0.8604714446069595
21,melodyyy22,10,0.23982676101729294,0.23982676101729294,False,172.0735913515091,exact,82421,14392.677365064621,5.726592621332615,40708,45413,0.8963953053090524
22,bgkang,1,0.3201295101306285,0.3201295101306285,False,237.76978914340336,exact,91939,14390.80828499794,6.38873079115675,37772,42539,0.8879381273654764
22,bgkang,2,0.1701187089398561,0.1701187089398561,False,170.60359750588734,exact,92574,14390.677025079727,6.432914854434176,38713,43174,0.8966739241209988
22,bgkang,3,0.3570606355168222,0.3570606355168222,False,189.51263370513917,exact,86055,14390.462123632431,5.980002536449334,31388,36655,0.8563088255353977
22,bgkang,4,-0.044880446581451794,-0.044880446581451794,False,179.64856187502542,exact,90027,14390.455643892288,6.256021506741517,36407,40627,0.8961281906121544
22,bgkang,5,0.22938532689257224,0.22938532689257224,False,189.98197553157806,exact,86062,14390.47531414032,5.980483487952204,32095,36662,0.8754296001309257
22,bgkang,6,0.14596871422955007,0.14596871422955007,False,239.78908402919768,exact,92112,14390.420728683472,6.4009247357444705,38131,42712,0.892746769057876
22,bgkang,7,0.4076143371776542,0.4076143371776542,False,182.32583009004594,exact,87596,14390.959251403809,6.086877078152743,33025,38196,0.8646193318672112
22,bgkang,8,0.31529135977204603,0.31529135977204603,False,237.6927618265152,exact,92140,14390.41464138031,6.40287318303165,36182,42740,0.8465605989705194
22,bgkang,9,0.31968591344167624,0.31968591344167624,False,175.09199853340786,exact,92425,14390.784269094467,6.422513066121851,38530,43025,0.8955258570598489
22,bgkang,10,0.15960549794939244,0.15960549794939244,False,166.91402334769566,exact,92350,14390.685022115707,6.417345655059218,38716,42950,0.9014202561117579
23,jeetu_sk,1,0.4201174272102861,0.4201174272102861,False,234.26979032357534,exact,166526,14186.345312595367,11.738470785153499,10987,11518,0.9538982462233027
23,jeetu_sk,2,0.4241041249573093,0.4241041249573093,False,235.35309182008106,exact,166541,14186.450071334839,11.739441450297209,10967,11519,0.9520791735393698
23,jeetu_sk,3,0.4079108190317365,0.4079108190317365,False,220.69130184253058,exact,147892,14187.291540622711,10.424258892300784,9594,10230,0.9378299120234604
23,jeetu_sk,4,0.3150186710514918,0.3150186710514918,False,235.48409788608552,exact,170828,14186.471675634384,12.041612876399796,10339,11816,0.875
23,jeetu_sk,5,-0.18479617759104774,-0.18479617759104774,False,236.31539940436681,exact,147200,14187.37073969841,10.375424925501674,9621,10182,0.9449027695934001
23,jeetu_sk,6,0.16561743068525636,0.16561743068525636,False,235.74874270359675,exact,168812,14186.612610816956,11.899387445829376,11227,11676,0.9615450496745461
23,jeetu_sk,7,0.162778952200308,0.162778952200308,False,236.35233625968297,exact,154840,14186.541788101196,10.914569760043305,10349,10710,0.9662931839402428
23,jeetu_sk,8,0.3162251209875211,0.3162251209875211,False,236.12305661439896,exact,166406,14187.192625761032,11.729311385949664,10896,11510,0.9466550825369244
23,jeetu_sk,9,0.41087367852366824,0.41087367852366824,False,225.27141023079554,exact,167715,14186.535049438477,11.822125657571219,10954,11601,0.9442289457805362
23,jeetu_sk,10,0.1430748996703807,0.1430748996703807,False,233.86904875834782,exact,170708,14186.962269544601,12.03273799962532,11358,11808,0.961890243902439
24,seantang,1,0.34792236675914884,0.34792236675914884,False,238.42422004938126,exact,158652,14392.810847997665,11.023003197604847,12066,13221,0.9126389834354436
24,seantang,2,0.4089748737926566,0.4089748737926566,False,237.26760086218516,exact,160836,14394.6332821846,11.173330841227983,12352,13403,0.921584719838842
24,seantang,3,0.16267603160363556,0.16267603160363556,False,231.3716329018275,exact,144264,14393.200685501099,10.023065970679019,11155,12022,0.927882215937448
24,seantang,4,0.09635399790369004,0.09635399790369004,False,235.22146563132603,exact,156000,14392.298446178436,10.839130426830637,11582,13000,0.8909230769230769
24,seantang,5,0.34798067096495916,0.34798067096495916,False,239.62428145805995,exact,141600,14392.71015906334,9.838313871055899,10511,11800,0.8907627118644068
24,seantang,6,0.15680083830247682,0.15680083830247682,False,239.8098447839419,exact,163032,14393.500336885452,11.326779183949204,12504,13586,0.9203591932872074
24,seantang,7,0.16358991837470058,0.16358991837470058,False,239.82332671483357,exact,147528,14392.496031045914,10.250341544772274,11068,12294,0.9002765576704084
24,seantang,8,0.4085874157817968,0.4085874157817968,False,229.93196049133937,exact,159696,14392.571511983871,11.095723920289732,12180,13308,0.915238954012624
24,seantang,9,0.2789904208457373,0.2789904208457373,False,225.48853056828182,exact,160140,14393.107894182205,11.126158518184228,12445,13345,0.9325590108654926
24,seantang,10,0.2907577436713343,0.2907577436713343,False,237.0578552007675,exact,162744,14392.631035804749,11.30745307061228,12183,13562,0.898318832030674
25,talmansour,1,-0.09286801134232885,-0.09286801134232885,False,234.29198998212814,exact,163926,14400.365551948547,11.383461024558422,11188,11709,0.9555043129216841
25,talmansour,2,0.2366793084579018,0.2366793084579018,False,173.64021558761596,exact,166404,14400.426234960556,11.555491294834981,10557,11886,0.8881877839475013
25,talmansour,3,0.45391459442286525,0.45391459442286525,False,163.0321178952853,exact,147868,14400.347964286804,10.268362984472047,9300,10562,0.8805150539670517
25,talmansour,4,0.16312185781535124,0.16312185781535124,False,132.6661629041036,exact,168140,14400.644049882889,11.675866677738442,11351,12010,0.9451290591174022
25,talmansour,5,0.42650897373134755,0.42650897373134755,False,204.097676551342,exact,142996,14400.255175590515,9.930101811139338,9617,10214,0.941550812610143
25,talmansour,6,0.20318487255448148,0.20318487255448148,False,217.6033244887988,exact,168476,14400.82871723175,11.699048944204502,11208,12034,0.931361143426957
25,talmansour,7,0.33640176350355944,0.33640176350355944,False,137.12661519447963,exact,153650,14401.16945385933,10.66927241515263,10333,10975,0.9415034168564921
25,talmansour,8,0.3672234694519208,0.3672234694519208,False,230.69306350946425,exact,164934,14400.918282270432,11.45301964549421,10664,11781,0.9051863169510228
25,talmansour,9,0.4122342153724216,0.4122342153724216,False,131.323590306441,exact,164654,14400.660716056824,11.433780938704416,10550,11761,0.8970325652580563
25,talmansour,10,0.3496981227284057,0.3496981227284057,False,218.23815137545267,exact,168042,14400.400641441345,11.669258667457504,10378,12003,0.8646171790385737
26,ke_yang,1,0.4218986318891056,0.4218986318891056,False,225.67294076283773,exact,93636,14400.484295368195,6.502281317727439,41339,46001,0.8986543770787592
26,ke_yang,2,0.1705677462515549,0.1705677462515549,False,238.660220348835,exact,95083,14400.453525304794,6.602778157848852,42657,46624,0.9149150652024708
26,ke_yang,3,0.3169976145280672,0.3169976145280672,False,234.87431276241938,exact,84612,14400.409173727036,5.875666377200668,35671,41528,0.8589626276247351
26,ke_yang,4,0.16111239554582782,0.16111239554582782,False,239.98442557255427,exact,88864,14400.543833971024,6.170878060199987,39670,43496,0.912037888541475
26,ke_yang,5,0.40946747534763134,0.40946747534763134,False,239.27070256471634,exact,84019,14400.386780261993,5.83449606472802,37117,41275,0.8992610539067232
26,ke_yang,6,0.1544245144088037,0.1544245144088037,False,239.41802213191986,exact,95172,14400.564567565918,6.608907557301875,41437,46619,0.8888436045389219
26,ke_yang,7,0.3224783698864506,0.3224783698864506,False,238.96512730916342,exact,86505,14400.499157190323,6.007083438965873,34075,42469,0.8023499493748382
26,ke_yang,8,0.34786196987431905,0.34786196987431905,False,237.84128511746724,exact,94009,14400.384549379349,6.528228442625288,36824,46075,0.7992186652197504
26,ke_yang,9,0.4101771898638086,0.4101771898638086,False,239.28765396674473,exact,93784,14400.533938884735,6.512536298863319,40508,46086,0.8789654124896932
26,ke_yang,10,0.15647110652157775,0.15647110652157775,False,214.99700354337693,exact,94955,14400.52602148056,6.593856353466552,40876,46576,0.8776193747852972
27,hendrik6687,1,0.30726879955089503,0.30726879955089503,False,238.62903108596802,exact,134176,14400.558946371078,9.317416115560722,30109,33544,0.8975971857858336
27,hendrik6687,2,0.4081241028512909,0.4081241028512909,False,239.50173969268798,exact,135080,14400.800038099289,9.380034417714805,31069,33770,0.9200177672490376
27,hendrik6687,3,0.36216635305312017,0.36216635305312017,False,237.83642894824345,exact,120564,14400.551409006119,8.372179410060587,26918,30141,0.8930692412328721
27,hendrik6687,4,0.32268771381853406,0.32268771381853406,False,239.44692465464274,exact,128864,14400.677110910416,8.948468117680973,28221,32216,0.8759932952570152
27,hendrik6687,5,0.4095580277958925,0.4095580277958925,False,231.77829245726267,exact,119860,14400.520242929459,8.323310406709112,24917,29965,0.8315367929250792
27,hendrik6687,6,0.41351440542038964,0.41351440542038964,False,239.18586804469427,exact,136744,14400.406368017197,9.495843138406405,29752,34186,0.8702977827180717
27,hendrik6687,7,-0.05301437853881115,-0.05301437853881115,False,238.91772270997365,exact,123772,14400.54129934311,8.594954691435518,26852,30943,0.8677891607148628
27,hendrik6687,8,0.32657077814299174,0.32657077814299174,False,239.9859243631363,exact,134936,14400.552166461945,9.370196256380929,30285,33734,0.8977589375704037
27,hendrik6687,9,0.1653649768136377,0.1653649768136377,False,239.54764572381973,exact,134664,14400.749155044556,9.35118017473608,29525,33666,0.8769975643082041
27,hendrik6687,10,0.3456073576722634,0.3456073576722634,False,238.88081198136013,exact,136464,14400.757177829742,9.47616839273487,30600,34116,0.8969398522687302
28,nitinjaiswal,1,0.3240896283626816,0.3240896283626816,False,238.7008624434471,exact,57617,14400.592118263245,4.001016036481476,51153,57617,0.8878108891473003
28,nitinjaiswal,2,0.42151813565119833,0.42151813565119833,False,218.0196220119794,exact,57183,14400.750819444656,3.970834626399374,33330,57183,0.5828655369602854
28,nitinjaiswal,3,0.24199795881118813,0.24199795881118813,False,239.78676908016206,exact,51571,14400.673325061798,3.5811519944869445,44039,51571,0.8539489247833084
28,nitinjaiswal,4,0.11355625647080679,0.11355625647080679,False,239.9636605699857,exact,54386,14400.61605334282,3.7766439851283558,49836,54386,0.9163387636524105
28,nitinjaiswal,5,0.33389132606560185,0.33389132606560185,False,229.797893345356,exact,52096,14400.67175412178,3.617609017793841,48324,52096,0.9275952088452089
28,nitinjaiswal,6,0.14780278713520445,0.14780278713520445,False,222.7284523288409,exact,57601,14400.755724906921,3.9998595282312728,51491,57601,0.8939254526831132
28,nitinjaiswal,7,0.4113245700899956,0.4113245700899956,False,211.32578219970068,exact,53226,14400.526680469513,3.6961148144801483,44573,53226,0.8374290760154811
28,nitinjaiswal,8,0.36964334221025924,0.36964334221025924,False,235.82460600932438,exact,57325,14400.704044342041,3.980708153121353,47073,57325,0.821160052333188
28,nitinjaiswal,9,0.3582993234823118,0.3582993234823118,False,236.5269719084104,exact,57944,14400.565118789673,4.023730980140176,51662,57944,0.8915849786000276
28,nitinjaiswal,10,0.3439847362798939,0.3439847362798939,False,238.71684886217116,exact,57728,14400.685839653015,4.008697963609694,52974,57728,0.9176482815964523
29,dcs321,1,0.32896935180688097,0.32896935180688097,False,238.25760595798494,exact,157184,14400.926439523697,10.91485333669955,8526,9808,0.8692903752039152
29,dcs321,2,0.2220373751319508,0.2220373751319508,False,239.7092049439748,exact,159200,14400.52625799179,11.055151537371737,8767,9930,0.8828801611278952
29,dcs321,3,0.4037612292820886,0.4037612292820886,False,239.02921218474705,exact,139680,14400.7852435112,9.699471080088353,7765,8712,0.8912993572084481
29,dcs321,4,0.4663975665629897,0.4663975665629897,False,238.45969178279242,exact,158688,14400.865164756775,11.019337948414169,8396,9902,0.8479095132296506
29,dcs321,5,0.40535483254346527,0.40535483254346527,False,239.48290367921194,exact,138128,14400.28842997551,9.592030095207955,6699,8617,0.7774167343623071
29,dcs321,6,0.1741012740508061,0.1741012740508061,False,228.4086054086685,exact,161680,14400.805521965027,11.227149741963764,8889,10084,0.8814954383181277
29,dcs321,7,-0.04815556275414478,-0.04815556275414478,False,233.71336777210234,exact,145808,14400.746257543564,10.125030841621918,8053,9097,0.8852368912828404
29,dcs321,8,0.4126917615092314,0.4126917615092314,False,237.82249333063763,exact,156640,14400.736940145493,10.877221120769772,8396,9772,0.8591895210806385
29,dcs321,9,0.3681438516212726,0.3681438516212726,False,237.9201348980268,exact,156224,14400.12591266632,10.848794027737334,8350,9746,0.856761748409604
29,dcs321,10,0.3400467329505788,0.3400467329505788,False,235.46283356348673,exact,162032,14400.331431388855,11.251963246263468,8502,10107,0.8411991688928465
30,ksj03,1,0.4226130878117282,0.4226130878117282,False,239.91785131692887,exact,136816,14400.775926828384,9.500599182653366,28286,34204,0.8269793006665888
30,ksj03,2,0.3768800461883038,0.3768800461883038,False,239.7505188902219,exact,139208,14400.536221504211,9.666862251429343,30817,34802,0.8854950864892822
30,ksj03,3,0.16592308688788582,0.16592308688788582,False,239.88412211338678,exact,124004,14400.60891342163,8.611024766072635,28350,31001,0.9144866294635657
30,ksj03,4,0.15934475291434302,0.15934475291434302,False,239.77351700464885,exact,131680,14400.71859383583,9.143988137950636,29440,32920,0.8942891859052248
30,ksj03,5,0.41209871324804115,0.41209871324804115,False,239.3258486668269,exact,123904,14400.661214590073,8.604049366460083,24339,30976,0.7857373450413223
30,ksj03,6,0.3186811113907028,0.3186811113907028,False,239.93646616538365,exact,139936,14400.542072534561,9.717411976240324,30888,34984,0.8829179053281501
30,ksj03,7,-0.03660241811643556,-0.03660241811643556,False,239.72976363102595,exact,127044,14400.51952791214,8.82218171044135,28111,31761,0.885079185164195
30,ksj03,8,0.4129540331882704,0.4129540331882704,False,239.98225810925166,exact,138632,14400.73099732399,9.626733533579735,24158,34658,0.6970396445265162
30,ksj03,9,0.4734277925482756,0.4734277925482756,False,238.46912982066473,exact,138628,14400.534467220306,9.626587146161594,29462,34657,0.8501024324090372
30,ksj03,10,0.41352719548470496,0.41352719548470496,False,239.62697627941768,exact,140352,14400.45843410492,9.746356384571849,25492,35088,0.726516187870497
31,susupro,1,0.3224981258172652,0.3224981258172652,False,200.0741857131322,exact,141008,14400.714777708054,9.791736186475747,16628,17626,0.9433790990582095
31,susupro,2,0.42809858242289833,0.42809858242289833,False,233.4010487953822,exact,142568,14400.751115560532,9.900039161564992,16869,17821,0.9465798776724089
31,susupro,3,0.4230441647193801,0.4230441647193801,False,223.4707554658254,exact,127608,14400.445956707,8.861392236298531,14623,15951,0.9167450316594571
31,susupro,4,0.1900643405053033,0.1900643405053033,False,227.49795296589534,exact,143224,14400.293890237808,9.94590812463167,16220,17903,0.9059934089258783
31,susupro,5,0.415812150642575,0.415812150642575,False,230.3981960018476,exact,126800,14400.210837602615,8.80542663089994,14471,15850,0.9129968454258675
31,susupro,6,0.17233610512363218,0.17233610512363218,False,232.753174495697,exact,146112,14400.473757266998,10.146332854241452,17209,18264,0.9422360928602715
31,susupro,7,0.1732971770859787,0.1732971770859787,False,209.04480930964152,exact,131136,14400.518395900726,9.106338841060706,14704,16392,0.8970229380185456
31,susupro,8,0.41245749364894563,0.41245749364894563,False,211.6501079916954,exact,142888,14400.56929731369,9.922385500874233,16536,17861,0.9258160237388724
31,susupro,9,0.25409735497791497,0.25409735497791497,False,235.16518603960674,exact,141496,14400.454434394836,9.825801029031638,16484,17687,0.9319839430089897
31,susupro,10,0.3737171623610459,0.3737171623610459,False,218.26862303813297,exact,145184,14400.727814674377,10.08171266538745,16523,18148,0.910458452722063
32,mohhakami,1,0.41622425847664324,0.41622425847664324,False,239.3570961634318,exact,164171,14400.883917808533,11.400064116688114,22131,23453,0.9436319447405449
32,mohhakami,2,0.40597716412472507,0.40597716412472507,False,239.9921444495519,exact,165333,14401.208359241486,11.48049496095952,22383,23619,0.947669249333164
32,mohhakami,3,0.4090989014535515,0.4090989014535515,False,238.70876389344534,exact,145901,14400.492542028427,10.131667342223327,19424,20843,0.9319195893105598
32,mohhakami,4,0.16374530043480032,0.16374530043480032,False,239.98788307110468,exact,163891,14400.742286205292,11.38073279437782,22175,23413,0.9471233929868023
32,mohhakami,5,0.3453267324291746,0.3453267324291746,False,239.9872172077497,exact,146629,14400.686144590378,10.182084279024526,19478,20947,0.929870625865279
32,mohhakami,6,0.15681605312833077,0.15681605312833077,False,239.99659485816954,exact,166334,14400.793717384338,11.550335576240153,22341,23762,0.940198636478411
32,mohhakami,7,0.15198492982869985,0.15198492982869985,False,239.85787495772044,exact,152824,14400.960251808167,10.612070120866532,20863,21832,0.9556156101135947
32,mohhakami,8,0.4111000976221102,0.4111000976221102,False,237.94492169618607,exact,161875,14400.643854141235,11.24081684399473,21494,23125,0.9294702702702703
32,mohhakami,9,0.3215249440948187,0.3215249440948187,False,239.34940677483877,exact,165032,14400.815970420837,11.459906184411663,22098,23576,0.9373091279267052
32,mohhakami,10,0.41132142339673217,0.41132142339673217,False,238.49447803497316,exact,166901,14400.613937616348,11.58985309397345,22177,23843,0.9301262425030408
33,hero98,1,0.3732747559419977,0.3732747559419977,False,238.9367774685224,exact,148824,14351.009726762772,10.370280756096385,11283,12644,0.8923600126542234
33,hero98,2,0.4218323464123504,0.4218323464123504,False,238.99909483591716,exact,149464,14350.263320922852,10.415418634310337,11422,12730,0.8972505891594659
33,hero98,3,0.42148510382297316,0.42148510382297316,False,236.95106561581295,exact,134200,14350.270215511322,9.351740279771327,9642,11340,0.8502645502645503
33,hero98,4,0.3866573058522485,0.3866573058522485,False,238.7864784280459,exact,151232,14349.687555789948,10.539044798852048,11268,12845,0.8772284935772674
33,hero98,5,0.32595701355944245,0.32595701355944245,False,238.5553119381269,exact,132264,14349.868704080582,9.217087816447332,10154,11168,0.9092048710601719
33,hero98,6,0.41751020913496967,0.41751020913496967,False,239.10880273977915,exact,154856,14350.851580142975,10.790718525322328,11913,13145,0.906276150627615
33,hero98,7,0.4503995192718048,0.4503995192718048,False,239.08719288110734,exact,137856,14349.144268751144,9.607262803832558,10796,11663,0.9256623510246077
33,hero98,8,0.34138291705193835,0.34138291705193835,False,238.60499538580578,exact,149176,14350.441197633743,10.395220463646634,11154,12697,0.8784752303693786
33,hero98,9,0.41654307817006453,0.41654307817006453,False,239.15043190717697,exact,149712,14349.671694755554,10.433130679548299,11298,12719,0.8882773802971932
33,hero98,10,-0.3092270675383292,-0.3092270675383292,False,238.87300286690393,exact,151944,14349.847026109695,10.588544931770793,12243,12956,0.9449675825872182
34,nancy,1,0.42731138506525607,0.42731138506525607,False,236.46458261410396,exact,57269,14376.54538846016,3.9835021872479173,44821,57269,0.782639822591629
34,nancy,2,0.4222574381052542,0.4222574381052542,False,234.41728817621868,exact,57458,14378.791981697083,3.9960241495348776,48066,57458,0.8365414737721466
34,nancy,3,-0.09949315328819561,-0.09949315328819561,False,224.04732445875803,exact,51106,14379.54514503479,3.5540762579438567,37646,51106,0.7366258364966931
34,nancy,4,0.48313459916606477,0.48313459916606477,False,238.64310198227565,exact,54130,14376.79610991478,3.7650947809345308,47385,54130,0.8753925734343248
34,nancy,5,0.42092884448905815,0.42092884448905815,False,238.52863794962565,exact,51760,14383.50231385231,3.5985672244896523,44047,51760,0.8509853168469861
34,nancy,6,0.413433800299897,0.413433800299897,False,238.28454012473424,exact,57934,14374.293110609055,4.0303894984054125,48988,57934,0.8455829046846411
34,nancy,7,0.3064420989806392,0.3064420989806392,False,239.0616331219673,exact,53239,14378.881072044373,3.702582957133433,35604,53239,0.6687578654745582
34,nancy,8,0.1918364651128132,0.1918364651128132,False,239.51868995428086,exact,57278,14375.42084646225,3.9844398721791823,46276,57278,0.8079192709242641
34,nancy,9,0.31512286684390434,0.31512286684390434,False,232.69151672124863,exact,57800,14380.189191818237,4.019418606320279,47562,57800,0.8228719723183391
34,nancy,10,0.3946152112159196,0.3946152112159196,False,229.80410618384678,exact,57605,14380.053512334824,4.005896080330158,44898,57605,0.7794115094175853
35,angel,1,0.38305855275560663,0.38305855275560663,False,237.5880123734474,exact,57087,14375.453798294067,3.9711442018459624,39218,57087,0.6869865293324224
35,angel,2,0.4216417810506109,0.4216417810506109,False,233.78404268423716,exact,56968,14375.0189204216,3.9629860882526895,46553,56968,0.8171780648785283
35,angel,3,-0.011171431664120966,-0.011171431664120966,False,204.35995115439098,exact,51004,14379.426496744156,3.547012115646512,36025,51004,0.7063171515959532
35,angel,4,0.44541247850524024,0.44541247850524024,False,118.75298127333323,exact,53984,14377.068228244781,3.754868457391373,46014,53984,0.8523636633076467
35,angel,5,0.4120697706431195,0.4120697706431195,False,220.07064832051594,exact,51671,14379.251861333847,3.5934414737490314,39455,51671,0.7635811190029224
35,angel,6,0.4509845293435405,0.4509845293435405,False,120.40105514923731,exact,57473,14374.37812590599,3.9982947085843117,47376,57473,0.8243175056113305
35,angel,7,0.39162042445481776,0.39162042445481776,False,229.38042568365734,exact,52958,14377.36330986023,3.6834292115078253,37371,52958,0.7056724196533102
35,angel,8,0.2114856517572989,0.2114856517572989,False,233.71711512406668,exact,57252,14375.13584113121,3.982710190201216,43993,57252,0.7684098372109271
35,angel,9,0.32313873281911454,0.32313873281911454,False,148.65069972674053,exact,57433,14380.12501835823,3.993915207738374,46065,57433,0.8020650148869117
35,angel,10,0.37177243874837834,0.37177243874837834,False,189.62716741959255,exact,57374,14375.2429895401,3.9911673174322835,40855,57374,0.712082127793077
36,bryanyahir03,1,0.2926510231445952,0.2926510231445952,False,234.1149615208308,exact,165613,14400.94608616829,11.500147213179744,21734,23659,0.9186356143539457
36,bryanyahir03,2,0.4259024558061346,0.4259024558061346,False,237.02615560690563,exact,163408,14401.016650676727,11.346976672811582,21264,23344,0.9108978752570254
36,bryanyahir03,3,0.4122931154535161,0.4122931154535161,False,238.7203200697899,exact,146300,14400.88643360138,10.159096849666167,19037,20900,0.9108612440191387
36,bryanyahir03,4,0.4117019476103627,0.4117019476103627,False,237.9597867210706,exact,164353,14400.538736104965,11.412975792908005,21543,23479,0.9175433365986626
36,bryanyahir03,5,0.42259379118897317,0.42259379118897317,False,223.78803649346034,exact,146426,14400.453227043152,10.168152188781193,19244,20918,0.9199732287981642
36,bryanyahir03,6,0.23827894415401274,0.23827894415401274,False,236.4717928647995,exact,166572,14400.637763261795,11.566987708346527,20596,23796,0.8655236174146915
36,bryanyahir03,7,0.23055431438063045,0.23055431438063045,False,239.2562247713407,exact,153384,14400.90544462204,10.650996952228489,20355,21912,0.9289430449069004
36,bryanyahir03,8,0.34308940636680973,0.34308940636680973,False,235.91971356074015,exact,163219,14400.935220718384,11.333916686548216,21455,23317,0.9201441008706094
36,bryanyahir03,9,0.3246677202009063,0.3246677202009063,False,225.9839722474416,exact,165431,14400.987245798111,11.48747632203265,21418,23633,0.9062751237676131
36,bryanyahir03,10,0.4383251083011338,0.4383251083011338,False,239.32151854038239,exact,167475,14401.066329240799,11.629347172712384,21427,23925,0.8955903866248693
37,karibbov,1,0.39614391118986525,0.39614391118986525,False,230.16039593617123,exact,166341,14400.704439878464,11.55089327014921,21529,23763,0.9059883011404284
37,karibbov,2,0.43050844202008676,0.43050844202008676,False,206.34828800757725,exact,165410,14400.91443324089,11.486076163204789,21397,23630,0.9055014811680068
37,karibbov,3,0.4416204639719789,0.4416204639719789,False,186.5588407754898,exact,148568,14401.131841897964,10.316411350930304,16805,21224,0.7917923105917829
37,karibbov,4,0.42012241694339025,0.42012241694339025,False,173.128317797184,exact,165977,14400.755649328232,11.525575743502218,21385,23711,0.9019020707688414
37,karibbov,5,0.4511893692136262,0.4511893692136262,False,19.53789749542872,exact,149142,14400.924077272415,10.356418740890135,17417,21306,0.8174692574861542
37,karibbov,6,0.17728737006397383,0.17728737006397383,False,123.21088117758433,exact,169344,14400.593318939209,11.759515476163338,21888,24192,0.9047619047619048
37,karibbov,7,0.21482715726697854,0.21482715726697854,False,134.4686060190201,exact,155652,14400.887556791306,10.808500475138851,20194,22236,0.9081669364993704
37,karibbov,8,0.13531915309412593,0.13531915309412593,False,178.7754678050677,exact,165774,14400.927016496658,11.511342277486811,21786,23682,0.9199391943248036
37,karibbov,9,0.5198242168365683,0.5198242168365683,False,157.71503141323726,exact,167846,14400.945842027664,11.655206667756426,21846,23978,0.9110851613979482
37,karibbov,10,0.4285628460093655,0.4285628460093655,False,232.0158392985662,exact,167265,14400.696785211563,11.61506297193679,21315,23895,0.8920276208411801
38,keyiadiannao,1,0.41011923061320604,0.41011923061320604,False,207.2003544807434,exact,136996,14395.440082788467,9.516624654205305,24664,27657,0.8917814658133565
38,keyiadiannao,2,0.2279848592152296,0.2279848592152296,False,181.72943486769995,exact,138556,14395.788947582245,9.624759053116732,26278,27969,0.9395402052272158
38,keyiadiannao,3,0.42140333669469265,0.42140333669469265,False,221.20440125465393,exact,123776,14395.832237243652,8.598044069989745,22505,25009,0.8998760446239353
38,keyiadiannao,4,0.287364719010087,0.287364719010087,False,236.3881804784139,exact,133888,14395.66594338417,9.300577029681008,23801,26812,0.8876995375205132
38,keyiadiannao,5,0.4047525546270698,0.4047525546270698,False,225.5478669365247,exact,123232,14395.698162317276,8.560335081390964,22083,24919,0.8861912596813676
38,keyiadiannao,6,0.2315470968672658,0.2315470968672658,False,222.4210600535075,exact,140352,14395.668106079102,9.749599599391376,26540,28275,0.9386383731211317
38,keyiadiannao,7,0.41176252686264314,0.41176252686264314,False,192.24224064350128,exact,126124,14395.307562589645,8.761466154969106,23131,25442,0.9091659460734219
38,keyiadiannao,8,0.44628505576209143,0.44628505576209143,False,199.4027490258217,exact,137744,14395.774460077286,9.568363298688448,24149,27813,0.868263042462158
38,keyiadiannao,9,0.4118361603090186,0.4118361603090186,False,224.46436874071756,exact,137024,14395.38745880127,9.518604510795866,25026,27639,0.9054596765440139
38,keyiadiannao,10,0.4227339712566746,0.4227339712566746,False,232.7608029325803,exact,139216,14395.418532371521,9.670854632460996,26275,28055,0.936553199073249
39,saydem11,1,0.4162194731139993,0.4162194731139993,False,205.31330034732818,exact,163562,14400.684315443039,11.357932471625602,10763,11683,0.9212531027989387
39,saydem11,2,0.3154460107256644,0.3154460107256644,False,80.81373849709829,exact,166124,14400.72865986824,11.535805161231332,10637,11866,0.8964267655486263
39,saydem11,3,0.4226783701903978,0.4226783701903978,False,239.47218618790308,exact,148386,14401.348421573639,10.303618498509032,9787,10599,0.9233889989621662
39,saydem11,4,0.22826983991262131,0.22826983991262131,False,235.13310972849527,exact,167930,14400.651213407516,11.661278195784037,11332,11995,0.9447269695706544
39,saydem11,5,0.396529006411123,0.396529006411123,False,222.6561223387718,exact,143570,14401.02603673935,9.969428541669856,9429,10255,0.9194539249146758
39,saydem11,6,0.20469060513466353,0.20469060513466353,False,92.12334200541179,exact,168756,14400.23248577118,11.718977465589338,11224,12054,0.9311431889829103
39,saydem11,7,0.5148303077560883,0.5148303077560883,False,233.33634138504664,exact,152852,14401.447678804398,10.61365519696765,8767,10918,0.8029858948525371
39,saydem11,8,0.4067893779020325,0.4067893779020325,False,97.81803454558055,exact,164864,14400.354301929474,11.44860720391513,10511,11776,0.892578125
39,saydem11,9,0.35526735178120455,0.35526735178120455,False,176.3859214146932,exact,164808,14401.071024656296,11.444148821836215,10605,11772,0.9008664627930683
39,saydem11,10,0.4276100974856891,0.4276100974856891,False,234.02283315261204,exact,167874,14401.129270553589,11.657002506272677,11074,11991,0.9235259778166959
40,mwindroschenn,1,0.41392185093538303,0.41392185093538303,False,237.06383024454118,exact,139263,14402.284082651138,9.669507919771902,9072,10264,0.8838659392049883
40,mwindroschenn,2,0.3652865630169697,0.3652865630169697,False,153.1689723332723,exact,142020,14402.475353240967,9.860804932260583,9468,10460,0.9051625239005736
40,mwindroschenn,3,0.42682702661318306,0.42682702661318306,False,236.98301757971447,exact,126909,14402.745154857635,8.811445223495967,5732,9376,0.6113481228668942
40,mwindroschenn,4,0.3808936888035964,0.3808936888035964,False,160.81528491576512,exact,147213,14404.096423625946,10.220217615215189,9505,10739,0.8850917217618027
40,mwindroschenn,5,0.4308321836883225,0.4308321836883225,False,239.84763180017472,exact,126190,14404.65568614006,8.760362118298884,8692,9346,0.9300235394821313
40,mwindroschenn,6,0.4148388358466643,0.4148388358466643,False,185.0811307946841,exact,140828,14401.588376760483,9.77864359928874,9810,10672,0.9192278860569715
40,mwindroschenn,7,0.4267809032758399,0.4267809032758399,False,163.6414442459742,exact,134534,14402.685184955597,9.340897080811585,8712,9903,0.8797334141169343
40,mwindroschenn,8,0.4200541787439538,0.4200541787439538,False,109.21769939263662,exact,142261,14402.44289803505,9.87756042548927,9010,10428,0.8640199462984273
40,mwindroschenn,9,0.20592764035287425,0.20592764035287425,False,235.1832721233368,exact,132857,14402.59204006195,9.224520116271275,9452,10098,0.936026936026936
40,mwindroschenn,10,0.35934765116012785,0.35934765116012785,False,234.77787966330845,exact,139630,14401.637002706528,9.695425594587551,9407,10410,0.9036503362151778
41,coldxplunge,1,0.3213733512007196,0.3213733512007196,False,197.04024482568104,exact,135980,14400.500299692154,9.442727486551762,30324,33995,0.8920135314016767
41,coldxplunge,2,0.44576713325519424,0.44576713325519424,False,224.0245585242907,exact,137384,14400.558933258057,9.540185255081452,30238,34346,0.8803936411809236
41,coldxplunge,3,0.5215985532653057,0.5215985532653057,False,199.66377661625543,exact,122432,14400.562614440918,8.50189004957521,25368,30608,0.8288029273392578
41,coldxplunge,4,0.3808057506726805,0.3808057506726805,False,195.53672592242557,exact,130972,14400.446008443832,9.094996080204973,26808,32743,0.8187398833338424
41,coldxplunge,5,0.42670121216134727,0.42670121216134727,False,231.1220092813174,exact,121344,14400.513748407364,8.426366039435234,25585,30336,0.843387394514768
41,coldxplunge,6,0.11696613263840597,0.11696613263840597,False,239.97598899205525,exact,139636,14400.750741004944,9.696438922617975,30620,34909,0.8771377008794293
41,coldxplunge,7,0.4129820405089236,0.4129820405089236,False,206.7709658463796,exact,125920,14400.476590871811,8.744155042744786,26674,31480,0.8473316391359593
41,coldxplunge,8,0.4108523538950874,0.4108523538950874,False,201.36940198342006,exact,137720,14400.772270202637,9.563376006227346,30722,34430,0.8923032239326169
41,coldxplunge,9,0.42594786659521416,0.42594786659521416,False,239.99525419473648,exact,136556,14400.630119800568,9.482640611138143,27914,34139,0.8176572248747767
41,coldxplunge,10,0.4077819833557983,0.4077819833557983,False,227.00096245209377,exact,137892,14400.809692382812,9.575294927544027,30458,34473,0.8835320395671975
42,aky_lab,1,0.41317930374219103,0.41317930374219103,False,224.98538776636124,exact,147230,14400.456667661667,10.223981322108104,13590,14723,0.9230455749507573
42,aky_lab,2,0.35696293496910986,0.35696293496910986,False,239.43768467505774,exact,145960,14400.62647151947,10.135670159119067,13626,14596,0.9335434365579611
42,aky_lab,3,0.42307200802002326,0.42307200802002326,False,203.482450958093,exact,132880,14400.710721254349,9.22732235735277,11816,13288,0.8892233594220349
42,aky_lab,4,0.15800592827145754,0.15800592827145754,False,225.0013923207919,exact,148660,14400.523530960083,10.323235796281418,12992,14866,0.8739405354500202
42,aky_lab,5,0.3422839812950286,0.3422839812950286,False,238.63108427127202,exact,131960,14400.616472959518,9.16349659389828,11446,13196,0.8673840557744771
42,aky_lab,6,0.4584679474085594,0.4584679474085594,False,198.53939656813938,exact,151220,14400.51473069191,10.501013528197284,13893,15122,0.918727681523608
42,aky_lab,7,0.3640470424760585,0.3640470424760585,False,239.75439259211223,exact,136470,14400.570177316666,9.476708096944893,11849,13647,0.8682494321096211
42,aky_lab,8,0.5160688185614867,0.5160688185614867,False,237.8592653433482,exact,149040,14400.87844491005,10.34936865623484,13514,14904,0.9067364465915191
42,aky_lab,9,0.4112161155277424,0.4112161155277424,False,204.7487787326177,exact,148670,14400.307876110077,10.324084823675305,13826,14867,0.9299791484495863
42,aky_lab,10,0.4317581504008365,0.4317581504008365,False,237.36449894110362,exact,151260,14400.379533290863,10.503889821120092,13019,15126,0.8607034245669708
43,esaid,1,0.3662756341049692,0.3662756341049692,False,172.07746837536493,exact,138972,14400.806867837906,9.650292603421661,30633,32895,0.9312357501139991
43,esaid,2,0.43897752708701787,0.43897752708701787,False,239.89393807252247,exact,141104,14400.794474840164,9.798348295750268,29563,33392,0.8853318160038333
43,esaid,3,0.3229430096603555,0.3229430096603555,False,233.10073176225026,exact,124112,14400.319133520126,8.618697880875443,26833,29363,0.9138371419814052
43,esaid,4,0.4837712998116112,0.4837712998116112,False,236.22744349241256,exact,133932,14400.742154836655,9.30035400675634,29088,31590,0.9207977207977208
43,esaid,5,0.4288876332395442,0.4288876332395442,False,236.21484128634134,exact,124452,14400.60729265213,8.642135534346616,25726,29463,0.8731629501408547
43,esaid,6,0.41417693893489943,0.41417693893489943,False,229.12317010164261,exact,141304,14400.666172266006,9.812323840416141,30055,33409,0.8996078900894968
43,esaid,7,0.3336502927776595,0.3336502927776595,False,228.4710058093071,exact,128780,14400.561961889267,8.942706565258572,28008,30482,0.9188373466307985
43,esaid,8,0.42653471653167224,0.42653471653167224,False,94.78968613942465,exact,140244,14400.784486293793,9.738636123155635,26764,33192,0.8063388768377923
43,esaid,9,0.31103696956030324,0.31103696956030324,False,159.01915520826975,exact,138876,14400.759817838669,9.643657817830555,28356,32862,0.8628811393098411
43,esaid,10,0.4276277140043034,0.4276277140043034,False,234.1236148516337,exact,141672,14400.601402759552,9.837922461547455,30091,33498,0.8982924353692758
44,lollotrollo,1,0.41031860911949947,0.41031860911949947,False,239.7743958075841,exact,92743,14400.591030836105,6.440221779884495,38508,48045,0.8014985950671246
44,lollotrollo,2,0.4306983607852496,0.4306983607852496,False,235.54926849603652,exact,93710,14400.664322137833,6.507338682698244,36179,48539,0.745359401718206
44,lollotrollo,3,0.42195473824486224,0.42195473824486224,False,239.4361619591713,exact,83161,14400.619096279144,5.774821168729286,23163,43067,0.5378363944551513
44,lollotrollo,4,0.41049183487063134,0.41049183487063134,False,239.89017643928528,exact,86954,14400.590637683868,6.03822455534958,30943,45031,0.6871488530123693
44,lollotrollo,5,0.4223159730242991,0.4223159730242991,False,237.09383144378663,exact,83324,14400.59100651741,5.786151412972514,28612,43145,0.6631591146135126
44,lollotrollo,6,0.4152507085991883,0.4152507085991883,False,237.9894408027331,exact,94240,14400.622503995895,6.544161543978409,41506,48792,0.8506722413510411
44,lollotrollo,7,0.5262639447381846,0.5262639447381846,False,238.6235231200854,exact,85549,14400.686104297638,5.940619730227254,34911,44316,0.787774167343623
44,lollotrollo,8,0.33005843825970893,0.33005843825970893,False,235.65636211633682,exact,93535,14400.728547811508,6.495157497723586,38080,48426,0.7863544376987569
44,lollotrollo,9,0.4700746820454637,0.4700746820454637,False,239.86318331956863,exact,92711,14400.656478404999,6.437970389685219,32579,48016,0.6785029990003332
44,lollotrollo,10,0.41009051057816365,0.41009051057816365,False,239.6478817621867,exact,93379,14400.822949886322,6.48428220560389,35672,48357,0.7376801703993218
45,grzegorz,1,0.4461555335703673,0.4461555335703673,False,235.5614814678828,exact,91756,14156.558077335358,6.481518989202701,36522,45878,0.7960678320763764
45,grzegorz,2,0.38681322323961537,0.38681322323961537,False,171.44885661204657,exact,92066,14161.337943553925,6.501221873735974,34522,46033,0.7499402602480829
45,grzegorz,3,0.4250512290887248,0.4250512290887248,False,55.21914215485255,exact,82042,14159.683352947235,5.794056120818801,29454,41021,0.7180224762926306
45,grzegorz,4,0.35510868281500846,0.35510868281500846,False,234.59980804920195,exact,86628,14160.960984706879,6.117381447032716,32845,43314,0.7582998568592141
45,grzegorz,5,0.42086118847172577,0.42086118847172577,False,228.3032926718394,exact,83098,14161.436448812485,5.867907560109711,32573,41549,0.7839659197573949
45,grzegorz,6,0.4000811099785861,0.4000811099785861,False,206.2805764198303,exact,93428,14160.098055124283,6.597976909219926,34497,46714,0.7384724065590615
45,grzegorz,7,0.42350904960109687,0.42350904960109687,False,206.6178261558215,exact,84632,14175.395928382874,5.970344703426905,32831,42316,0.7758531052084318
45,grzegorz,8,0.49446522875876314,0.49446522875876314,False,204.66941372156143,exact,92898,14157.759647369385,6.561631381929917,37577,46449,0.8089948115137032
45,grzegorz,9,0.5251578788282933,0.5251578788282933,False,205.25415591398874,exact,92052,14166.239636421204,6.497984106052788,32528,46026,0.7067309781427888
45,grzegorz,10,0.5009361451903174,0.5009361451903174,False,230.58706689675648,exact,92898,14171.282304286957,6.555370079099857,36284,46449,0.7811578290167711
46,darisdzakwan,1,0.4160480484273585,0.4160480484273585,False,149.5291374405225,exact,137168,14400.43912601471,9.525265083910046,15552,34292,0.4535168552432054
46,darisdzakwan,2,0.41586992586294436,0.41586992586294436,False,236.9702625354131,exact,137988,14401.046425580978,9.581803705242425,27507,34497,0.797373684668232
46,darisdzakwan,3,0.4241024104309887,0.4241024104309887,False,236.29035512606302,exact,123244,14400.650252342224,8.558224652387118,25988,30811,0.8434649962675668
46,darisdzakwan,4,0.4891382521537939,0.4891382521537939,False,187.6830953280131,exact,131564,14400.452507019043,9.136101795125764,28633,32891,0.8705420935818309
46,darisdzakwan,5,0.52249798151642,0.52249798151642,False,152.6547397772471,exact,122744,14400.509279727936,8.523587438174198,23314,30686,0.7597601512090204
46,darisdzakwan,6,0.4088105128258161,0.4088105128258161,False,235.81890010039012,exact,140068,14400.421460151672,9.726659763923655,31351,35017,0.8953079932604163
46,darisdzakwan,7,0.42427489687314385,0.42427489687314385,False,233.6354031443596,exact,126452,14400.521278619766,8.781071014959808,26330,31613,0.8328852054534527
46,darisdzakwan,8,0.34915892860787595,0.34915892860787595,False,239.1557481010755,exact,137984,14400.479532718658,9.581903136384659,30524,34496,0.8848562152133581
46,darisdzakwan,9,0.47963371827927165,0.47963371827927165,False,235.7722847978274,exact,136852,14400.672793388367,9.503167106389046,29914,34213,0.874346008827054
46,darisdzakwan,10,0.5163375140037113,0.5163375140037113,False,165.7345833579699,exact,138716,14400.47623205185,9.63273698485422,24808,34679,0.7153608812249488
47,abelincoln,1,0.41549756664504645,0.41549756664504645,False,225.55905149380365,exact,139104,14400.627089738846,9.659579345618805,31700,34776,0.9115481941568898
47,abelincoln,2,0.4575393942753996,0.4575393942753996,False,116.9202974677086,exact,139664,14400.655544996262,9.69844737717711,29853,34916,0.8549948447703059
47,abelincoln,3,0.4156764144719363,0.4156764144719363,False,238.0814817150434,exact,123396,14400.424945354462,8.56891379721452,29016,30849,0.9405815423514539
47,abelincoln,4,0.4236122226380335,0.4236122226380335,False,225.4030068318049,exact,131056,14400.612446308136,9.100724048274671,29468,32764,0.899401782444146
47,abelincoln,5,0.4182878952216714,0.4182878952216714,False,110.74003551801046,exact,121712,14400.406862974167,8.451983416728435,28813,30428,0.9469238858945708
47,abelincoln,6,0.39881060418207,0.39881060418207,False,111.58559358119965,exact,142132,14400.51229763031,9.869926643053432,34739,35533,0.9776545746207751
47,abelincoln,7,0.6132008978465884,0.6132008978465884,False,48.88785616159439,exact,128264,14400.464575052261,8.90693486529649,28947,32066,0.9027318655273499
47,abelincoln,8,0.41762311294371507,0.41762311294371507,False,223.54653349717458,exact,139048,14400.528939723969,9.655756436587204,32664,34762,0.9396467406938611
47,abelincoln,9,0.5233734009155888,0.5233734009155888,False,150.58991477886835,exact,138340,14400.58846616745,9.606551865919517,32124,34585,0.9288419835188666
47,abelincoln,10,0.435796499859022,0.435796499859022,False,53.61586436033249,exact,139260,14400.67080450058,9.67038285164311,32032,34815,0.9200631911532385
48,nacolu,1,0.42892186648587555,0.42892186648587555,False,230.1248908718427,exact,57872,14400.741633415222,4.018681917444783,51987,57872,0.8983100635886093
48,nacolu,2,0.4550864549840815,0.4550864549840815,False,195.25829974810281,exact,57418,14400.685405492783,3.987171331310337,36422,57418,0.6343306976906197
48,nacolu,3,0.4102783567198408,0.4102783567198408,False,192.54408121506373,exact,51454,14400.505204200745,3.5730690882282694,44864,51454,0.8719244373615268
48,nacolu,4,0.41707302909897587,0.41707302909897587,False,227.6663780728976,exact,54234,14400.743591547012,3.7660555272878007,48734,54234,0.8985876018733636
48,nacolu,5,0.8931473828498446,0.8931473828498446,False,228.6483059366544,exact,51842,14400.616745471954,3.599984703176056,44344,51842,0.8553682342502218
48,nacolu,6,0.36580074563654996,0.36580074563654996,False,238.88262492020925,exact,57809,14400.764471769333,4.014300776415474,54419,57809,0.9413586119808335
48,nacolu,7,0.4020741759951224,0.4020741759951224,False,192.6840432246526,exact,53341,14400.649053812027,3.704069156930117,49229,53341,0.9229110815320297
48,nacolu,8,0.42266396513676635,0.42266396513676635,False,202.10326189597447,exact,57864,14400.591402292252,4.01816830875358,54772,57864,0.9465643578045071
48,nacolu,9,0.15956591380032245,0.15956591380032245,False,226.21474678913754,exact,57894,14400.709605455399,4.020218557706913,54764,57894,0.9459356755449615
48,nacolu,10,0.5738848179033921,0.5738848179033921,False,193.23759967883427,exact,57715,14400.786497592926,4.007767215328621,53265,57715,0.9228969938490861
49,jnapoles,1,0.6568996824136895,0.6568996824136895,False,146.0462474981944,exact,58736,14400.611239433289,4.078715758895208,48451,58736,0.8248944429310815
49,jnapoles,2,0.6493060158691065,0.6493060158691065,False,186.58754116296768,exact,58429,14400.781788349152,4.057349167478641,48097,58429,0.8231700011980352
49,jnapoles,3,0.4273260992840697,0.4273260992840697,False,138.78412939310073,exact,52006,14400.608266830444,3.611375230571872,42669,52006,0.8204630234972887
49,jnapoles,4,0.6247672912578505,0.6247672912578505,False,164.65024001598357,exact,55608,14400.529832601547,3.861524585998796,37055,55608,0.6663609552582362
49,jnapoles,5,0.4155521948389081,0.4155521948389081,False,202.8406541109085,exact,52838,14400.629407167435,3.669145181508639,47965,52838,0.9077747075968053
49,jnapoles,6,0.5800864559723441,0.5800864559723441,False,239.92096991141636,exact,59353,14400.728020906448,4.121527739002743,56937,59353,0.9592943911849443
49,jnapoles,7,0.30849021051676523,0.30849021051676523,False,103.75916345914204,exact,54490,14400.687768697739,3.7838470547526883,50917,54490,0.934428335474399
49,jnapoles,8,0.46375822208685635,0.46375822208685635,False,137.84538407325743,exact,58414,14400.658868551254,4.0563421808127735,50254,58414,0.8603074605402814
49,jnapoles,9,0.5039575707174504,0.5039575707174504,False,200.41202306747437,exact,59110,14400.722624540329,4.104655130241201,49822,59110,0.8428692268651666
49,jnapoles,10,0.39486134192112204,0.39486134192112204,False,197.16981488466263,exact,58789,14400.781399011612,4.082347920650677,48192,58789,0.8197451904267805
50,anyon,1,0.47070627852830876,0.47070627852830876,False,205.95922305981318,exact,158880,14400.85534787178,11.032678001552176,9295,9930,0.9360523665659617
50,anyon,2,0.49711199152155877,0.49711199152155877,False,232.58209824959437,exact,160672,14400.526589632034,11.157369766997217,9700,10042,0.9659430392352121
50,anyon,3,0.4724870348659094,0.4724870348659094,False,230.49792065620423,exact,143024,14400.76401758194,9.931695278485332,8268,8939,0.9249356751314465
50,anyon,4,0.5014041014610257,0.5014041014610257,False,120.0887080947558,exact,162016,14400.460310459137,11.250751469543431,9216,10126,0.9101323326091251
50,anyon,5,0.8076649385328432,0.8076649385328432,False,37.25760685205459,exact,141760,14401.281114339828,9.843568698818393,8582,8860,0.9686230248306997
50,anyon,6,0.47620000490551234,0.47620000490551234,False,217.14069420099258,exact,163440,14400.62239933014,11.349509449508417,9634,10215,0.9431228585413608
50,anyon,7,0.5585523264340135,0.5585523264340135,False,212.26571531295775,exact,146912,14400.550877809525,10.20183194702527,9085,9182,0.989435852755391
50,anyon,8,0.5371283423988753,0.5371283423988753,False,239.24874056975048,exact,160032,14400.158300876617,11.113211164509071,9709,10002,0.9707058588282343
50,anyon,9,0.4928476762527069,0.4928476762527069,False,199.11122113466263,exact,159968,14400.796700000763,11.108274308184042,9756,9998,0.9757951590318064
50,anyon,10,0.5122161215307961,0.5122161215307961,False,130.038190193971,exact,164352,14400.147536993027,11.413216397803604,9639,10272,0.938376168224299
51,jdvillate2,1,0.5590205297122658,0.5590205297122658,False,153.34244586229323,exact,58242,14400.534005641937,4.044433350678632,48939,58242,0.8402699083135882
51,jdvillate2,2,0.25588222490177825,0.25588222490177825,False,194.2128750006358,exact,58095,14400.620203971863,4.034201248080739,49481,58095,0.851725621826319
51,jdvillate2,3,0.42736958330296376,0.42736958330296376,False,193.43103311856586,exact,51936,14400.66967511177,3.606498945653852,41588,51936,0.800754775107825
51,jdvillate2,4,0.5896704420676003,0.5896704420676003,False,136.27274454434712,exact,54465,14400.754344940186,3.7820935414495622,40074,54465,0.7357752685210686
51,jdvillate2,5,0.5388448555661565,0.5388448555661565,False,167.06484478314718,exact,52410,14400.7348716259,3.6393976048586683,47192,52410,0.9004388475481778
51,jdvillate2,6,0.5539433956781674,0.5539433956781674,False,202.74344004392623,exact,57848,14400.7318983078,4.017018052172584,42991,57848,0.7431717604757295
51,jdvillate2,7,0.6546238428468195,0.6546238428468195,False,77.79201369285583,exact,53575,14400.746237277985,3.7202933179472994,49367,53575,0.9214559029398041
51,jdvillate2,8,0.43530641432739003,0.43530641432739003,False,203.55664217074712,exact,58014,14400.60237121582,4.028581479060863,40879,58014,0.7046402592477677
51,jdvillate2,9,0.5555588897686816,0.5555588897686816,False,72.77987812757492,exact,57953,14400.741883277893,4.0243065579346915,43558,57953,0.7516090625161769
51,jdvillate2,10,0.8708904106769002,0.8708904106769002,False,237.75299530426662,exact,58044,14400.451208353043,4.030707035508119,8070,58044,0.1390324581352078
52,baran,1,0.5503810537738753,0.5503810537738753,False,237.04141567548115,exact,115356,14342.454985618591,8.04297451975058,22288,28839,0.7728423315648948
52,baran,2,0.4276280404091239,0.4276280404091239,False,238.98457216819128,exact,116188,14340.983689546585,8.101815225178147,21321,29047,0.7340172823355252
52,baran,3,0.48906364162705973,0.48906364162705973,False,238.54207510153452,exact,105804,14345.955443382263,7.375179744393184,20128,26451,0.7609542172318627
52,baran,4,0.7647316719864335,0.7647316719864335,False,238.90069699684778,exact,112356,14342.105509757996,7.833996195576438,23290,28089,0.8291502011463562
52,baran,5,0.45584115180564255,0.45584115180564255,False,237.7795085867246,exact,105288,14345.052670955658,7.339673294694552,19012,26322,0.7222855406124155
52,baran,6,0.6068420632851784,0.6068420632851784,False,236.91880863110225,exact,117952,14341.18329000473,8.224704866732171,22806,29488,0.7733993488876831
52,baran,7,0.8857741594636906,0.8857741594636906,False,237.78386010726294,exact,109552,14345.675810337067,7.636586902449036,20856,27388,0.7615013874689646
52,baran,8,0.5105330752050896,0.5105330752050896,False,239.0218067407608,exact,116700,14343.276631355286,8.136216221674664,22334,29175,0.7655184233076264
52,baran,9,0.413286828749475,0.413286828749475,False,236.4878912647565,exact,115720,14342.9872777462,8.068054287376023,21951,28930,0.75876253024542
52,baran,10,0.5362677646386698,0.5362677646386698,False,237.9878321448962,exact,116832,14342.017476558685,8.146134265346985,23598,29208,0.8079293344289236
53,maxhe,1,0.5055745185895287,0.5055745185895287,False,230.69823375542958,exact,115624,14341.756935358047,8.062052684419825,22434,28906,0.7761018473673286
53,maxhe,2,0.425940872901142,0.425940872901142,False,238.17077884276708,exact,116900,14340.163266181946,8.151929502482192,22539,29225,0.7712232677502139
53,maxhe,3,0.7535329424664002,0.7535329424664002,False,237.93739297389985,exact,106620,14344.106136322021,7.433018062381577,19701,26655,0.7391108610016882
53,maxhe,4,0.4626199675694273,0.4626199675694273,False,238.8439776857694,exact,112548,14343.132433891296,7.846821502816292,20101,28137,0.7143974126594875
53,maxhe,5,0.8381469663214196,0.8381469663214196,False,239.03488359451293,exact,105772,14346.926265478134,7.37245024075371,17701,26443,0.6694021101992966
53,maxhe,6,0.42857406144724947,0.42857406144724947,False,238.94250029325485,exact,118380,14339.926917791367,8.255272197595891,21810,29595,0.7369488089204258
53,maxhe,7,0.9691241982829786,0.9691241982829786,False,238.96115233898163,exact,109280,14345.038565635681,7.617964880330554,21127,27320,0.7733162518301611
53,maxhe,8,0.4271650518711445,0.4271650518711445,False,238.38558891614278,exact,116420,14340.573488235474,8.118224846133739,21573,29105,0.7412128500257688
53,maxhe,9,0.5731061356418856,0.5731061356418856,False,238.9250741203626,exact,116196,14341.79552769661,8.101914420380938,21691,29049,0.7467038452270301
53,maxhe,10,0.5033167292977436,0.5033167292977436,False,238.87523602644603,exact,117652,14341.613430976868,8.203540038659808,22971,29413,0.7809811987896509
54,hocayi,1,0.4314382699803318,0.4314382699803318,False,229.3865955511729,exact,57649,14252.880134105682,4.044726361098895,28997,57649,0.5029922461794654
54,hocayi,2,0.5476208678015194,0.5476208678015194,False,219.90000547170638,exact,58236,14249.888377189636,4.086768854499989,44666,58236,0.7669826224328594
54,hocayi,3,0.6527031488189268,0.6527031488189268,False,132.249371612072,exact,51815,14258.011668682098,3.6340971801708015,43448,51815,0.8385216636109235
54,hocayi,4,0.8448839074867039,0.8448839074867039,False,193.80334904591243,exact,54988,14253.323647499084,3.857907205358962,45067,54988,0.8195788171964792
54,hocayi,5,0.3856835924440023,0.3856835924440023,False,219.4508544007937,exact,51969,14257.986592292786,3.6449045356861296,38176,51969,0.7345917758663819
54,hocayi,6,0.43116258709879207,0.43116258709879207,False,229.98918064832688,exact,58114,14250.353405475616,4.078074300786816,33326,58114,0.5734590632205665
54,hocayi,7,0.48210247285537144,0.48210247285537144,False,110.97337708075841,exact,53629,14255.626902103424,3.761953112850268,47806,53629,0.891420686568834
54,hocayi,8,0.4830962856787136,0.4830962856787136,False,184.09442700942358,exact,58625,14252.322811603546,4.113364591508577,51653,58625,0.8810746268656716
54,hocayi,9,1.614221656980734,1.614221656980734,False,23.300062759717306,exact,58534,14250.113311767578,4.107616460260937,3904,58534,0.06669627908565962
54,hocayi,10,0.668922226310836,0.668922226310836,False,186.41944389740627,exact,57719,14251.913399934769,4.049912343718296,52121,57719,0.9030128727108925
55,sunyu0029,1,0.41216053114594353,0.41216053114594353,False,239.4863976399104,exact,108675,14401.678243637085,7.545995554234419,21571,31586,0.6829291458240992
55,sunyu0029,2,2.730345270970282,2.730345270970282,False,239.8215730349223,exact,110299,14401.139939546585,7.659046468752857,7761,30796,0.2520132484738278
55,sunyu0029,3,0.4640331473162345,0.4640331473162345,False,239.73798925479252,exact,98886,14402.070055961609,6.866096305306265,13452,27899,0.48216781963511235
55,sunyu0029,4,1.023811833421412,1.023811833421412,False,239.9860026439031,exact,109159,14403.416060686111,7.578688245904922,25862,29317,0.8821502882286728
55,sunyu0029,5,1.627974645787337,1.627974645787337,False,239.45081830422083,exact,98591,14402.28789639473,6.8455095960607695,19469,27973,0.6959925642583921
55,sunyu0029,6,0.7612288894019184,0.7612288894019184,False,239.78372344970703,exact,112648,14401.018919229507,7.822224290642552,18293,31471,0.5812652918559944
55,sunyu0029,7,1.0864624613872345,1.0864624613872345,False,239.33764182726543,exact,102458,14402.083528757095,7.1141095519560675,16837,28679,0.587084626381673
55,sunyu0029,8,0.5759819361480043,0.5759819361480043,False,239.7984672466914,exact,109134,14401.347743272781,7.57804074628912,26276,32900,0.798662613981763
55,sunyu0029,9,0.6702233120905922,0.6702233120905922,False,239.92584028641383,exact,109699,14402.35974240303,7.616737948645126,27205,31490,0.8639250555731979
55,sunyu0029,10,0.30647854781691086,0.30647854781691086,False,239.52900553544362,exact,111366,14400.73646569252,7.733354489564607,27586,31108,0.8867815352963868
56,reanfds,1,0.4293737975842614,0.4293737975842614,False,97.29679000775019,exact,111481,14401.169060707092,7.741107651056652,34265,37161,0.9220688356072226
56,reanfds,2,0.4717395968030633,0.4717395968030633,False,239.82546480099361,exact,112129,14400.980433225632,7.786205982288427,31450,37377,0.841426545736683
56,reanfds,3,3.9076128786606605,3.9076128786606605,False,143.932100601991,exact,100032,14400.500697374344,6.946425134942629,26833,33344,0.8047324856046065
56,reanfds,4,0.5997456935958223,0.5997456935958223,False,45.791105723381044,exact,107214,14400.541172981262,7.44513686757538,16172,35738,0.45251552968828695
56,reanfds,5,0.5662854051500498,0.5662854051500498,False,129.38634031613668,exact,101539,14400.811769723892,7.050921963543366,18181,33847,0.5371524802789022
56,reanfds,6,0.7727598455364941,0.7727598455364941,False,132.9705749551455,exact,115039,14400.963809967041,7.9882847785771425,34859,38347,0.9090411244686677
56,reanfds,7,1.1893410805758802,1.1893410805758802,False,238.6509038289388,exact,102817,14400.557920217514,7.139792817030453,25460,34273,0.7428588101420943
56,reanfds,8,0.48491390921280214,0.48491390921280214,False,44.810270575682324,exact,112699,14401.131531715393,7.8257045116076265,32178,37567,0.8565496313253653
56,reanfds,9,0.8077790801360629,0.8077790801360629,False,207.16527355511982,exact,111487,14401.04522395134,7.741590854431769,32746,37163,0.8811452250894707
56,reanfds,10,0.4685951983275632,0.4685951983275632,False,210.01633573770522,exact,110622,14400.459221839905,7.681838356392786,30193,36874,0.8188154255030645
57,eamag,1,0.4673975055036139,0.4673975055036139,False,239.9936790029208,exact,57264,14400.616384267807,3.976496454871127,51759,57264,0.9038663034367141
57,eamag,2,0.5754678059746611,0.5754678059746611,False,239.99754710197448,exact,56701,14400.561575651169,3.9374158918824023,51036,56701,0.9000899455036067
57,eamag,3,0.32822927820872894,0.32822927820872894,False,239.755975373586,exact,51422,14400.707247018814,3.5707968447622744,43744,51422,0.850686476605344
57,eamag,4,4.48280032242214,4.48280032242214,False,225.14284349679946,exact,54749,14400.626858949661,3.801848387313414,46735,54749,0.853622897221867
57,eamag,5,0.5600474388743054,0.5600474388743054,False,239.96195032993953,exact,51709,14400.565505504608,3.590761764198376,36449,51709,0.7048869635846757
57,eamag,6,0.24952873871988807,0.24952873871988807,False,239.64129551649094,exact,56971,14400.576632022858,3.9561610243656786,47231,56971,0.8290358252444227
57,eamag,7,0.7131742839989857,0.7131742839989857,False,239.99580775499345,exact,52798,14400.630694389343,3.6663671974152305,43975,52798,0.8328913974014167
57,eamag,8,0.4856441599038476,0.4856441599038476,False,239.97224041223527,exact,56936,14400.580716848373,3.9537294446317772,33662,56936,0.5912252353519741
57,eamag,9,0.42454917780320134,0.42454917780320134,False,239.95262089967727,exact,57807,14400.614062309265,4.014203821439691,49194,57807,0.8510042036431574
57,eamag,10,1.5868238388348854,1.5868238388348854,False,239.99530841112136,exact,56697,14400.641818284988,3.937116186586203,45019,56697,0.7940279027109018
58,simbuddy,1,0.3093354426984575,0.3093354426984575,False,223.2359927336375,exact,58010,14400.471742153168,4.028340254312135,28790,58010,0.49629374245819685
58,simbuddy,2,0.43241246356461416,0.43241246356461416,False,227.86674342950184,exact,58220,14400.52913570404,4.042906996774993,38920,58220,0.668498797664033
58,simbuddy,3,2.5868386632909233,2.5868386632909233,False,239.26604482332866,exact,52259,14400.742342233658,3.6289101463011284,31638,52259,0.6054076809736122
58,simbuddy,4,2.7323321421991014,2.7323321421991014,False,223.35924780368805,exact,54977,14400.59781050682,3.8176887323308364,17235,54977,0.3134947341615585
58,simbuddy,5,0.5026006375200993,0.5026006375200993,False,226.14309592247008,exact,52593,14400.551637411118,3.6521517594762773,41496,52593,0.7890023387142776
58,simbuddy,6,0.7055866246693439,0.7055866246693439,False,234.52127005259197,exact,58611,14400.807806968689,4.069980016790279,30756,58611,0.5247479142140554
58,simbuddy,7,0.5917208182692844,0.5917208182692844,False,234.03567316532136,exact,54032,14400.71227812767,3.7520366323869814,30863,54032,0.5711985490079953
58,simbuddy,8,0.9837198213750534,0.9837198213750534,False,239.15804415941238,exact,58209,14400.777007102966,4.042073561120298,36069,58209,0.6196464464258105
58,simbuddy,9,0.462639419653445,0.462639419653445,False,238.10703970591229,exact,58478,14400.638350725174,4.060792207663157,39543,58478,0.6762030165190328
58,simbuddy,10,0.5887457571464223,0.5887457571464223,False,236.73937946160635,exact,58132,14400.620534658432,4.036770489166899,39348,58132,0.6768733227826327
59,jiabao,1,0.4190359318719472,0.4190359318719472,False,221.20267788569132,exact,1,13272.522189855576,7.534362992169776e-05,1,1,1.0
59,jiabao,2,0.3445775172415758,0.3445775172415758,False,218.9675418774287,exact,1,13138.393442630768,7.611280666593928e-05,1,1,1.0
59,jiabao,3,4.48478324558706,4.48478324558706,False,234.53177755673727,exact,1,14072.28383564949,7.106167070526872e-05,1,1,1.0
59,jiabao,4,0.5398897622850797,0.5398897622850797,False,231.1626669963201,exact,1,13870.119823217392,7.209743050136349e-05,1,1,1.0
59,jiabao,5,0.8871398203267429,0.8871398203267429,False,234.64145140250523,exact,1,14078.842380046844,7.102856705159537e-05,1,1,1.0
59,jiabao,6,0.6743522513653308,0.6743522513653308,False,219.5816451629003,exact,1,13175.313025474548,7.589952497268899e-05,1,1,1.0
59,jiabao,7,0.4122869541386618,0.4122869541386618,False,234.45738227764767,exact,1,14067.806780099869,7.108428596094927e-05,1,1,1.0
59,jiabao,8,1.2858966158174616,1.2858966158174616,False,222.14600635369618,exact,1,13329.128217935562,7.50236612364797e-05,1,1,1.0
59,jiabao,9,0.4391062443365819,0.4391062443365819,False,217.79717046022415,exact,1,13068.1926279068,7.652167583331492e-05,1,1,1.0
59,jiabao,10,0.43801284766537835,0.43801284766537835,False,220.3222546339035,exact,1,13219.713919639587,7.564460215091124e-05,1,1,1.0
60,rushikannan,1,0.4257317160261407,0.4257317160261407,False,126.44358720382054,exact,55160,13566.553616762161,4.065881546500287,46040,55160,0.8346627991298042
60,rushikannan,2,0.5319477027909008,0.5319477027909008,False,157.71862545013428,exact,54364,13547.702763795853,4.012783639251328,46527,54364,0.8558421013906261
60,rushikannan,3,4.323107964335872,4.323107964335872,False,8.595535584290822,exact,49249,13568.031056880951,3.629782375462919,45507,49249,0.92401876180227
60,rushikannan,4,1.3069866249446311,1.3069866249446311,False,168.4884846051534,exact,51840,13549.415075063705,3.8259954184595135,19992,51840,0.38564814814814813
60,rushikannan,5,2.72536374775927,2.72536374775927,False,174.32508758703867,exact,50036,13566.906092882156,3.6880921602495107,33871,50036,0.6769326085218642
60,rushikannan,6,0.3483024646180165,0.3483024646180165,False,212.53171135187148,exact,54970,13546.13245177269,4.057984830408657,51887,54970,0.9439148626523558
60,rushikannan,7,0.2870327651923774,0.2870327651923774,False,199.02308758894603,exact,50688,13564.496749162674,3.7368139000902434,43108,50688,0.850457702020202
60,rushikannan,8,0.7381783922222829,0.7381783922222829,False,140.16561394532522,exact,54998,13546.09554719925,4.060062902137969,50635,54998,0.9206698425397287
60,rushikannan,9,0.39393582098044905,0.39393582098044905,False,189.10047280391058,exact,54837,13550.022157907486,4.047004452166034,46523,54837,0.8483870379488302
60,rushikannan,10,0.614434712443236,0.614434712443236,False,70.56850122213363,exact,55498,13546.067900419235,4.09698226880159,52975,55498,0.9545389023027857
61,snigdhachandan,1,1.9730050700089004,1.9730050700089004,False,239.9296273469925,exact,168476,14401.30746126175,11.698660031610714,9650,12421,0.776910071652846
61,snigdhachandan,2,2.1671037521553127,2.1671037521553127,False,239.56795078118643,exact,172032,14401.01779460907,11.945822333779706,9963,12769,0.7802490406453129
61,snigdhachandan,3,2.1182443749620767,2.1182443749620767,False,239.27618413368862,exact,148988,14400.94857597351,10.345707382676933,8194,11218,0.7304332323052237
61,snigdhachandan,4,1.975860578931051,1.975860578931051,False,239.5575187921524,exact,171612,14400.425438642502,11.91714791560891,9961,12577,0.792001272163473
61,snigdhachandan,5,0.8688064866708755,0.8688064866708755,False,239.96435139973957,exact,152124,14401.264178276062,10.563239318217295,9099,11478,0.7927339257710403
61,snigdhachandan,6,0.5625582839722335,0.5625582839722335,False,239.9980936686198,exact,174958,14400.656136751175,12.149307527279863,10941,13110,0.8345537757437071
61,snigdhachandan,7,0.4279532614637162,0.4279532614637162,False,237.26032653252284,exact,156674,14400.242848873138,10.879955403825722,8456,11817,0.7155792502327156
61,snigdhachandan,8,0.5399970490177812,0.5399970490177812,False,239.28768562078477,exact,168644,14401.117708444595,11.710479937339151,10314,12710,0.8114870180959874
61,snigdhachandan,9,0.7073997644591569,0.7073997644591569,False,239.28317317167918,exact,169792,14400.910043478012,11.790365989883856,9839,12548,0.7841090213579853
61,snigdhachandan,10,1.0400664620542281,1.0400664620542281,False,239.5916106859843,exact,172928,14400.943790912628,12.008101865457046,10826,12817,0.8446594366856519
62,kevingill,1,2.444044004353761,2.444044004353761,False,234.4662669857343,exact,58090,14400.509254932404,4.033885119729585,22511,58090,0.3875193665002582
62,kevingill,2,1.9313596949313405,1.9313596949313405,False,192.1039134701093,exact,57611,14400.745743751526,4.000556709016085,41287,57611,0.7166513339466422
62,kevingill,3,0.3546961595384227,0.3546961595384227,False,239.78947968880337,exact,52091,14400.623394489288,3.6172739591213636,39159,52091,0.7517421435564685
62,kevingill,4,0.4321193039557181,0.4321193039557181,False,220.37656393845876,exact,54838,14400.737848758698,3.8079993244739803,47253,54838,0.8616835041394654
62,kevingill,5,0.41625057874978894,0.41625057874978894,False,223.09293080568312,exact,52239,14400.51874089241,3.6275776546618146,42913,52239,0.821474377380884
62,kevingill,6,0.32430666205604,0.32430666205604,False,238.13306294679643,exact,58241,14400.485599040985,4.044377503761305,50647,58241,0.8696107553098332
62,kevingill,7,0.16251801142711714,0.16251801142711714,False,216.34973097642262,exact,53807,14400.52420949936,3.7364612021905432,47532,53807,0.883379485940491
62,kevingill,8,2.7128394217571175,2.7128394217571175,False,227.18770325581232,exact,58819,14400.716517686844,4.084449543032042,29980,58819,0.5096992468420068
62,kevingill,9,1.0075401315699453,1.0075401315699453,False,237.12414168119432,exact,58060,14400.466820716858,4.031813740681899,20980,58060,0.3613503272476748
62,kevingill,10,2.8410206181376716,2.8410206181376716,False,239.30547635555268,exact,58131,14400.559475421906,4.0367181635696054,11076,58131,0.19053517056303865
63,feder,1,4.067830424478932,4.067830424478932,False,130.58299438556034,exact,58312,14400.714337825775,4.049243574454791,15151,58312,0.2598264508162985
63,feder,2,2.0690375340830562,2.0690375340830562,False,236.8055201927821,exact,58047,14400.59124994278,4.030876162826345,29623,58047,0.5103278377866212
63,feder,3,1.7043848943975635,1.7043848943975635,False,149.66879817644755,exact,52740,14400.694242954254,3.6623234345666216,33913,52740,0.6430223739097459
63,feder,4,1.06857086798902,1.06857086798902,False,189.02583043972652,exact,54676,14400.645157575607,3.796774339046687,7335,54676,0.13415392493964445
63,feder,5,2.848099362362441,2.848099362362441,False,209.61519981622695,exact,53110,14400.513145208359,3.6880630200092472,30132,53110,0.5673507813971004
63,feder,6,0.508893756633898,0.508893756633898,False,20.428630558649697,exact,58377,14400.782940864563,4.053737927980691,32712,58377,0.5603576751117735
63,feder,7,0.8617331325995079,0.8617331325995079,False,228.81483799616495,exact,54201,14400.654466629028,3.7637872726966153,31777,54201,0.5862806959281194
63,feder,8,0.478591416294738,0.478591416294738,False,131.3143667459488,exact,57959,14400.56553864479,4.024772488584807,35315,57959,0.6093100295036146
63,feder,9,0.7222689282822871,0.7222689282822871,False,9.953486768404643,exact,58455,14400.678928852081,4.059183618272615,51813,58455,0.8863741339491917
63,feder,10,0.5285842012334458,0.5285842012334458,False,196.77092792193096,exact,57422,14400.672393083572,3.987452698915568,34632,57422,0.6031137891400509
64,thelight,1,0.42002817695808253,0.42002817695808253,False,190.79139401117962,exact,58241,14400.581242084503,4.044350642583475,46080,58241,0.7911952061262685
64,thelight,2,2.572170109694009,2.572170109694009,False,239.5968870560328,exact,58385,14400.706160783768,4.054315069562002,40322,58385,0.6906225914190288
64,thelight,3,0.4231661406267292,0.4231661406267292,False,174.9909904718399,exact,52398,14400.633828163147,3.638589844394617,45868,52398,0.8753769227833124
64,thelight,4,0.42527150705689154,0.42527150705689154,False,198.786301891009,exact,55157,14400.650953769684,3.830174078732285,47711,55157,0.8650035353626919
64,thelight,5,3.7398330787966816,3.7398330787966816,False,133.17125494480132,exact,52393,14400.629073619843,3.6382438386651765,39860,52393,0.7607886549729925
64,thelight,6,0.8509700220793865,0.8509700220793865,False,222.81861315568287,exact,58421,14400.79996061325,4.056788522844822,41517,58421,0.7106519915783708
64,thelight,7,0.8679425075130267,0.8679425075130267,False,236.74004692633946,exact,53625,14400.575216054916,3.723809583676529,42270,53625,0.7882517482517483
64,thelight,8,1.120363702094279,1.120363702094279,False,121.51461057662964,exact,57941,14400.750824689865,4.023470769361626,47769,57941,0.8244421048998118
64,thelight,9,1.171201768784218,1.171201768784218,False,174.461885201931,exact,58146,14400.530891180038,4.037767804492052,41023,58146,0.70551714649331
64,thelight,10,3.8063166021678434,3.8063166021678434,False,82.28755819002787,exact,58401,14400.573940753937,4.055463361409777,41018,58401,0.7023509871406312
65,akira-higuchi,1,1.2819179680036552,1.2819179680036552,False,235.60121527910232,exact,58499,14400.724370241165,4.062226211404138,47196,58499,0.8067830219319988
65,akira-higuchi,2,0.41140363506634176,0.41140363506634176,False,103.20277901093165,exact,58209,14400.590718507767,4.0421258501006685,54669,58209,0.9391846621656444
65,akira-higuchi,3,0.5890754588938459,0.5890754588938459,False,216.8432164231936,exact,52362,14400.519212245941,3.6361188946209873,31848,52362,0.608227340437722
65,akira-higuchi,4,1.011369663915439,1.011369663915439,False,95.68764260609944,exact,54979,14400.613811016083,3.8178233734691602,41951,54979,0.763036795867513
65,akira-higuchi,5,3.9421854929170186,3.9421854929170186,False,230.4380368590355,exact,52691,14400.633116722107,3.6589363518201763,35411,52691,0.6720502552618094
65,akira-higuchi,6,0.7980932065214066,0.7980932065214066,False,191.4980957229932,exact,58668,14400.642097234726,4.0739850073258665,55295,58668,0.9425069884775346
65,akira-higuchi,7,4.208159646061522,4.208159646061522,False,82.89171876509984,exact,54388,14400.679416894913,3.7767662500834414,42281,54388,0.7773957490622931
65,akira-higuchi,8,0.7639174276509602,0.7639174276509602,False,204.9663881580035,exact,58080,14400.610265254974,4.033162409799558,42704,58080,0.7352617079889807
65,akira-higuchi,9,4.072279392089127,4.072279392089127,False,1.2202086289723715,exact,58810,14400.736079216003,4.083819026784199,240,58810,0.004080938615881653
65,akira-higuchi,10,4.503845195011957,4.503845195011957,False,1.6013689597447713,exact,58618,14400.539459466934,4.070541951917256,325,58618,0.005544372035893411
66,doris_south,1,4.034662865010402,4.034662865010402,False,57.44196682373683,exact,16125,4079.2994594573975,3.9528845970393274,9413,16125,0.5837519379844961
66,doris_south,2,5.106120440768077,5.106120440768077,False,6.902009169260661,exact,4079,1062.411159992218,3.839379849915995,2468,4079,0.6050502574160334
66,doris_south,3,4.7717404905177965,,True,,unavailable,10057,2862.9576246738434,3.5128008578700927,0,10057,0.0
66,doris_south,4,4.478487204138802,4.478487204138802,False,74.4938016573588,exact,19084,5144.848720788956,3.709341330656948,10874,19084,0.5697966883252987
66,doris_south,5,4.248522975716019,4.248522975716019,False,24.05547343492508,exact,8778,2482.338717699051,3.5361813991833366,6055,8778,0.689792663476874
66,doris_south,6,4.073959913292232,4.073959913292232,False,49.55916180213293,exact,14191,3608.4172492027283,3.932749186124601,7303,14191,0.5146219434853075
66,doris_south,7,2.9644006676967014,2.9644006676967014,False,38.32092779080073,exact,10868,2984.01283454895,3.642075487802906,10032,10868,0.9230769230769231
66,doris_south,8,4.699764769319404,4.699764769319404,False,14.019349527359008,exact,5798,1475.4156322479248,3.929740117478788,3620,5798,0.6243532252500862
66,doris_south,9,4.011787249367957,4.011787249367957,False,86.21089223623275,exact,22912,5806.366813659668,3.9460131843718123,16994,22912,0.7417074022346368
66,doris_south,10,4.723854082341041,4.723854082341041,False,24.238447499275207,exact,6282,1591.7474510669708,3.9466059743265722,3518,6282,0.5600127347978351
67,campi,1,4.644271672604419,4.644271672604419,False,0.8375422716140747,exact,3211,366.9394693374634,8.750762096532435,670,676,0.9911242603550295
67,campi,2,5.7889582739567595,5.7889582739567595,False,1.1336116870244344,exact,3059,352.91860270500183,8.667721045458638,641,644,0.9953416149068323
67,campi,3,4.957114888412682,4.957114888412682,False,1.7906125028928122,exact,3762,471.2473747730255,7.9830683445439945,747,792,0.9431818181818182
67,campi,4,4.933436147968414,4.933436147968414,False,1.053296478589376,exact,3515,419.90418338775635,8.370957325648048,720,740,0.972972972972973
67,campi,5,5.495600225789675,5.495600225789675,False,0.8088227430979411,exact,3743,523.2273724079132,7.15367772671098,966,985,0.9807106598984772
67,campi,6,4.606920353942797,4.606920353942797,False,1.1415776411692302,exact,3496,394.22752833366394,8.867975340983993,721,736,0.9796195652173914
67,campi,7,5.440011779838525,5.440011779838525,False,1.3116021951039631,exact,3572,433.484099149704,8.240209980035296,629,752,0.836436170212766
67,campi,8,4.504661585151579,4.504661585151579,False,1.4534380714098611,exact,3439,394.3303563594818,8.721114021627384,682,724,0.9419889502762431
67,campi,9,5.003169866087323,5.003169866087323,False,1.0767585436503093,exact,3553,402.69381284713745,8.823080679783672,739,748,0.9879679144385026
67,campi,10,4.895116454601263,4.895116454601263,False,1.1039950927098592,exact,3648,413.43961095809937,8.823537714604011,766,768,0.9973958333333334
