rank,participant_id,run_number,elapsed_minutes,best_feasible_loss,is_exact,status,feasible_samples_considered
1,actuwien,1,15,0.35499387979507446,False,sampled_upper_bound,760
1,actuwien,1,30,0.19371113181114197,False,sampled_upper_bound,1477
1,actuwien,1,60,0.1587281972169876,False,sampled_upper_bound,2994
1,actuwien,1,120,0.13889798521995544,False,sampled_upper_bound,5932
1,actuwien,1,180,0.13631214201450348,False,sampled_upper_bound,9187
1,actuwien,1,240,0.11598106162528715,True,exact_final,12666
1,actuwien,2,15,0.4357576370239258,False,sampled_upper_bound,767
1,actuwien,2,30,0.4330870807170868,False,sampled_upper_bound,1627
1,actuwien,2,60,-0.08809344470500946,False,sampled_upper_bound,3196
1,actuwien,2,120,-0.17711681127548218,False,sampled_upper_bound,6434
1,actuwien,2,180,-0.18248966336250305,False,sampled_upper_bound,9783
1,actuwien,2,240,-0.21059880504228318,True,exact_final,13245
1,actuwien,3,15,0.4197766184806824,False,sampled_upper_bound,793
1,actuwien,3,30,0.21811150014400482,False,sampled_upper_bound,1625
1,actuwien,3,60,0.19735264778137207,False,sampled_upper_bound,3321
1,actuwien,3,120,0.09999745339155197,False,sampled_upper_bound,6642
1,actuwien,3,180,-0.1400730460882187,False,sampled_upper_bound,10246
1,actuwien,3,240,-0.20058601552844998,True,exact_final,13820
1,actuwien,4,15,0.5051808953285217,False,sampled_upper_bound,831
1,actuwien,4,30,0.4503277540206909,False,sampled_upper_bound,1761
1,actuwien,4,60,0.2961964011192322,False,sampled_upper_bound,3509
1,actuwien,4,120,0.20631840825080872,False,sampled_upper_bound,6770
1,actuwien,4,180,-0.10575772821903229,False,sampled_upper_bound,10451
1,actuwien,4,240,-0.12879101367244056,True,exact_final,13830
1,actuwien,5,15,0.3079700469970703,False,sampled_upper_bound,877
1,actuwien,5,30,0.2970006465911865,False,sampled_upper_bound,1819
1,actuwien,5,60,0.23298440873622894,False,sampled_upper_bound,3575
1,actuwien,5,120,0.10578594356775284,False,sampled_upper_bound,7339
1,actuwien,5,180,-0.32959213852882385,False,sampled_upper_bound,11009
1,actuwien,5,240,-0.4403254571359243,True,exact_final,15072
1,actuwien,6,15,-0.05893240496516228,False,sampled_upper_bound,754
1,actuwien,6,30,-0.1708330661058426,False,sampled_upper_bound,1600
1,actuwien,6,60,-0.27169516682624817,False,sampled_upper_bound,3336
1,actuwien,6,120,-0.29963937401771545,False,sampled_upper_bound,6539
1,actuwien,6,180,-0.29963937401771545,False,sampled_upper_bound,9816
1,actuwien,6,240,-0.3727985001659498,True,exact_final,13303
1,actuwien,7,15,0.5638064742088318,False,sampled_upper_bound,787
1,actuwien,7,30,0.5504538416862488,False,sampled_upper_bound,1570
1,actuwien,7,60,0.1622159630060196,False,sampled_upper_bound,3240
1,actuwien,7,120,0.16064170002937317,False,sampled_upper_bound,6878
1,actuwien,7,180,0.15483102202415466,False,sampled_upper_bound,10653
1,actuwien,7,240,0.1486360396067641,True,exact_final,14175
1,actuwien,8,15,0.36107343435287476,False,sampled_upper_bound,777
1,actuwien,8,30,0.2459108531475067,False,sampled_upper_bound,1611
1,actuwien,8,60,0.008167680352926254,False,sampled_upper_bound,3263
1,actuwien,8,120,-0.15196342766284943,False,sampled_upper_bound,6582
1,actuwien,8,180,-0.24906103312969208,False,sampled_upper_bound,9588
1,actuwien,8,240,-0.3080009895818471,True,exact_final,12931
1,actuwien,9,15,0.44543495774269104,False,sampled_upper_bound,678
1,actuwien,9,30,0.4219353497028351,False,sampled_upper_bound,1426
1,actuwien,9,60,0.11280523240566254,False,sampled_upper_bound,2964
1,actuwien,9,120,-0.12860876321792603,False,sampled_upper_bound,6159
1,actuwien,9,180,-0.2888328433036804,False,sampled_upper_bound,9138
1,actuwien,9,240,-0.35875411830774495,True,exact_final,12667
1,actuwien,10,15,0.26370128989219666,False,sampled_upper_bound,774
1,actuwien,10,30,0.17240552604198456,False,sampled_upper_bound,1603
1,actuwien,10,60,-0.006794287357479334,False,sampled_upper_bound,3194
1,actuwien,10,120,-0.18990589678287506,False,sampled_upper_bound,6395
1,actuwien,10,180,-0.30547717213630676,False,sampled_upper_bound,9315
1,actuwien,10,240,-0.3523758330912326,True,exact_final,12527
2,danilolapegna,1,15,0.1375715285539627,False,sampled_upper_bound,716
2,danilolapegna,1,30,0.018200097605586052,False,sampled_upper_bound,1499
2,danilolapegna,1,60,-0.18964792788028717,False,sampled_upper_bound,3049
2,danilolapegna,1,120,-0.26583200693130493,False,sampled_upper_bound,6278
2,danilolapegna,1,180,-0.36088109016418457,False,sampled_upper_bound,9440
2,danilolapegna,1,240,-0.4099087288175211,True,exact_final,11680
2,danilolapegna,2,15,0.22751456499099731,False,sampled_upper_bound,756
2,danilolapegna,2,30,0.1019091010093689,False,sampled_upper_bound,1573
2,danilolapegna,2,60,0.07242310792207718,False,sampled_upper_bound,3129
2,danilolapegna,2,120,-0.07923617213964462,False,sampled_upper_bound,6233
2,danilolapegna,2,180,-0.128390833735466,False,sampled_upper_bound,9277
2,danilolapegna,2,240,-0.24421662092031043,True,exact_final,11365
2,danilolapegna,3,15,0.4389408826828003,False,sampled_upper_bound,710
2,danilolapegna,3,30,0.42031046748161316,False,sampled_upper_bound,1452
2,danilolapegna,3,60,0.3339200019836426,False,sampled_upper_bound,2889
2,danilolapegna,3,120,0.21405328810214996,False,sampled_upper_bound,5998
2,danilolapegna,3,180,0.20427943766117096,False,sampled_upper_bound,9130
2,danilolapegna,3,240,0.17853530848648377,True,exact_final,11331
2,danilolapegna,4,15,0.4440801739692688,False,sampled_upper_bound,742
2,danilolapegna,4,30,0.3831469416618347,False,sampled_upper_bound,1550
2,danilolapegna,4,60,0.12406346946954727,False,sampled_upper_bound,3256
2,danilolapegna,4,120,0.05302078649401665,False,sampled_upper_bound,6284
2,danilolapegna,4,180,0.04809815064072609,False,sampled_upper_bound,9423
2,danilolapegna,4,240,0.037772576039134434,True,exact_final,11514
2,danilolapegna,5,15,0.31769198179244995,False,sampled_upper_bound,810
2,danilolapegna,5,30,0.2866069972515106,False,sampled_upper_bound,1723
2,danilolapegna,5,60,0.26491010189056396,False,sampled_upper_bound,3536
2,danilolapegna,5,120,0.26491010189056396,False,sampled_upper_bound,7218
2,danilolapegna,5,180,0.26491010189056396,False,sampled_upper_bound,11057
2,danilolapegna,5,240,0.2254751675186282,True,exact_final,13650
2,danilolapegna,6,15,0.2696983814239502,False,sampled_upper_bound,674
2,danilolapegna,6,30,0.22449325025081635,False,sampled_upper_bound,1416
2,danilolapegna,6,60,0.11419413983821869,False,sampled_upper_bound,2891
2,danilolapegna,6,120,0.06729140877723694,False,sampled_upper_bound,5790
2,danilolapegna,6,180,0.06072073057293892,False,sampled_upper_bound,8732
2,danilolapegna,6,240,-0.355338047915194,True,exact_final,10631
2,danilolapegna,7,15,0.5475172400474548,False,sampled_upper_bound,801
2,danilolapegna,7,30,0.5351496934890747,False,sampled_upper_bound,1628
2,danilolapegna,7,60,0.5262852907180786,False,sampled_upper_bound,3237
2,danilolapegna,7,120,0.36588922142982483,False,sampled_upper_bound,6374
2,danilolapegna,7,180,0.3188025653362274,False,sampled_upper_bound,9380
2,danilolapegna,7,240,0.19224350626623513,True,exact_final,11492
2,danilolapegna,8,15,0.43311095237731934,False,sampled_upper_bound,809
2,danilolapegna,8,30,0.31603750586509705,False,sampled_upper_bound,1621
2,danilolapegna,8,60,0.20070962607860565,False,sampled_upper_bound,3217
2,danilolapegna,8,120,0.15942077338695526,False,sampled_upper_bound,6279
2,danilolapegna,8,180,0.158388152718544,False,sampled_upper_bound,9409
2,danilolapegna,8,240,-0.06352411201833821,True,exact_final,11505
2,danilolapegna,9,15,0.31965258717536926,False,sampled_upper_bound,759
2,danilolapegna,9,30,0.30188366770744324,False,sampled_upper_bound,1513
2,danilolapegna,9,60,0.0633273795247078,False,sampled_upper_bound,3033
2,danilolapegna,9,120,0.0633273795247078,False,sampled_upper_bound,5597
2,danilolapegna,9,180,0.0633273795247078,False,sampled_upper_bound,8420
2,danilolapegna,9,240,-0.3292792585093949,True,exact_final,10241
2,danilolapegna,10,15,-0.1420924961566925,False,sampled_upper_bound,807
2,danilolapegna,10,30,-0.2692198157310486,False,sampled_upper_bound,1641
2,danilolapegna,10,60,-0.30750203132629395,False,sampled_upper_bound,3290
2,danilolapegna,10,120,-0.3408547341823578,False,sampled_upper_bound,6638
2,danilolapegna,10,180,-0.352334201335907,False,sampled_upper_bound,9979
2,danilolapegna,10,240,-0.37155582437954254,True,exact_final,12289
3,mhtaylor,1,15,0.40776973962783813,False,sampled_upper_bound,506
3,mhtaylor,1,30,0.2894015908241272,False,sampled_upper_bound,1191
3,mhtaylor,1,60,0.23067381978034973,False,sampled_upper_bound,2609
3,mhtaylor,1,120,0.19757191836833954,False,sampled_upper_bound,5477
3,mhtaylor,1,180,0.19757191836833954,False,sampled_upper_bound,8394
3,mhtaylor,1,240,0.19443353760366633,True,exact_final,11020
3,mhtaylor,2,15,0.13919243216514587,False,sampled_upper_bound,406
3,mhtaylor,2,30,0.07082847505807877,False,sampled_upper_bound,1087
3,mhtaylor,2,60,-0.022982634603977203,False,sampled_upper_bound,2238
3,mhtaylor,2,120,-0.06988612562417984,False,sampled_upper_bound,4494
3,mhtaylor,2,180,-0.08538049459457397,False,sampled_upper_bound,7175
3,mhtaylor,2,240,-0.09972521307371662,True,exact_final,9860
3,mhtaylor,3,15,0.35164114832878113,False,sampled_upper_bound,545
3,mhtaylor,3,30,0.3402383029460907,False,sampled_upper_bound,1144
3,mhtaylor,3,60,0.3312670886516571,False,sampled_upper_bound,2247
3,mhtaylor,3,120,0.21730734407901764,False,sampled_upper_bound,4497
3,mhtaylor,3,180,0.17818430066108704,False,sampled_upper_bound,6883
3,mhtaylor,3,240,0.1759939844485632,True,exact_final,9238
3,mhtaylor,4,15,0.23776178061962128,False,sampled_upper_bound,528
3,mhtaylor,4,30,0.1543344110250473,False,sampled_upper_bound,1325
3,mhtaylor,4,60,0.09977512061595917,False,sampled_upper_bound,2911
3,mhtaylor,4,120,0.09933529049158096,False,sampled_upper_bound,5674
3,mhtaylor,4,180,0.01306909633385657,True,exact_final_best_already_reached,8306
3,mhtaylor,4,240,0.01306909633385657,True,exact_final,11225
3,mhtaylor,5,15,0.37933555245399475,False,sampled_upper_bound,665
3,mhtaylor,5,30,0.3481808602809906,False,sampled_upper_bound,1434
3,mhtaylor,5,60,0.2853701412677765,False,sampled_upper_bound,2907
3,mhtaylor,5,120,0.27277153730392456,False,sampled_upper_bound,6070
3,mhtaylor,5,180,-0.08130213618278503,False,sampled_upper_bound,9103
3,mhtaylor,5,240,-0.19670735399776415,True,exact_final,12006
3,mhtaylor,6,15,0.24557876586914062,False,sampled_upper_bound,619
3,mhtaylor,6,30,0.16912366449832916,False,sampled_upper_bound,1314
3,mhtaylor,6,60,0.10775403678417206,False,sampled_upper_bound,2848
3,mhtaylor,6,120,-0.04531140625476837,False,sampled_upper_bound,5720
3,mhtaylor,6,180,-0.05701194331049919,False,sampled_upper_bound,8868
3,mhtaylor,6,240,-0.0688056973671947,True,exact_final,11927
3,mhtaylor,7,15,0.44077181816101074,False,sampled_upper_bound,582
3,mhtaylor,7,30,0.42578840255737305,False,sampled_upper_bound,1325
3,mhtaylor,7,60,0.4250471591949463,False,sampled_upper_bound,2717
3,mhtaylor,7,120,0.4210608899593353,False,sampled_upper_bound,5439
3,mhtaylor,7,180,0.42044544219970703,False,sampled_upper_bound,8349
3,mhtaylor,7,240,-0.03578408651232574,True,exact_final,11220
3,mhtaylor,8,15,0.21050198376178741,False,sampled_upper_bound,541
3,mhtaylor,8,30,0.20881938934326172,False,sampled_upper_bound,1100
3,mhtaylor,8,60,0.19329148530960083,False,sampled_upper_bound,2263
3,mhtaylor,8,120,0.11157572269439697,False,sampled_upper_bound,4524
3,mhtaylor,8,180,0.08968774974346161,False,sampled_upper_bound,7111
3,mhtaylor,8,240,0.0833180401524238,True,exact_final,9496
3,mhtaylor,9,15,0.4104512631893158,False,sampled_upper_bound,561
3,mhtaylor,9,30,-0.07325369864702225,False,sampled_upper_bound,1267
3,mhtaylor,9,60,-0.15386566519737244,False,sampled_upper_bound,2795
3,mhtaylor,9,120,-0.15403243899345398,False,sampled_upper_bound,5840
3,mhtaylor,9,180,-0.16972460412008025,True,exact_final_best_already_reached,8747
3,mhtaylor,9,240,-0.16972460412008025,True,exact_final,11493
3,mhtaylor,10,15,0.26569119095802307,False,sampled_upper_bound,592
3,mhtaylor,10,30,0.241989865899086,False,sampled_upper_bound,1228
3,mhtaylor,10,60,0.22299812734127045,False,sampled_upper_bound,2333
3,mhtaylor,10,120,0.15860089659690857,False,sampled_upper_bound,4631
3,mhtaylor,10,180,-0.0399366170167923,False,sampled_upper_bound,6776
3,mhtaylor,10,240,-0.06803576847834589,True,exact_final,8934
4,lodev,1,15,0.18221652507781982,False,sampled_upper_bound,717
4,lodev,1,30,0.16923581063747406,False,sampled_upper_bound,1492
4,lodev,1,60,0.15919406712055206,False,sampled_upper_bound,3156
4,lodev,1,120,0.15522231558106592,True,exact_final_best_already_reached,6420
4,lodev,1,180,0.15522231558106592,True,exact_final_best_already_reached,9645
4,lodev,1,240,0.15522231558106592,True,exact_final,12890
4,lodev,2,15,0.43509072065353394,False,sampled_upper_bound,719
4,lodev,2,30,0.3744300901889801,False,sampled_upper_bound,1561
4,lodev,2,60,0.3470320403575897,False,sampled_upper_bound,3233
4,lodev,2,120,0.3421487510204315,False,sampled_upper_bound,6498
4,lodev,2,180,0.3421487510204315,False,sampled_upper_bound,9780
4,lodev,2,240,-0.32479931001308787,True,exact_final,13139
4,lodev,3,15,0.29655542969703674,False,sampled_upper_bound,791
4,lodev,3,30,0.1682681292295456,False,sampled_upper_bound,1655
4,lodev,3,60,0.14795981347560883,False,sampled_upper_bound,3349
4,lodev,3,120,0.06638024747371674,False,sampled_upper_bound,6745
4,lodev,3,180,0.05798549165820035,True,exact_final_best_already_reached,10202
4,lodev,3,240,0.05798549165820035,True,exact_final,13584
4,lodev,4,15,0.47226932644844055,False,sampled_upper_bound,790
4,lodev,4,30,0.43673139810562134,False,sampled_upper_bound,1722
4,lodev,4,60,0.41429683566093445,False,sampled_upper_bound,3618
4,lodev,4,120,0.007324003851777327,True,exact_final_best_already_reached,7339
4,lodev,4,180,0.007324003851777327,True,exact_final_best_already_reached,10980
4,lodev,4,240,0.007324003851777327,True,exact_final,14676
4,lodev,5,15,0.22798989713191986,False,sampled_upper_bound,841
4,lodev,5,30,0.19581617414951324,False,sampled_upper_bound,1837
4,lodev,5,60,0.17343367636203766,False,sampled_upper_bound,3579
4,lodev,5,120,0.16082775222528856,True,exact_final_best_already_reached,7576
4,lodev,5,180,0.16082775222528856,True,exact_final_best_already_reached,11149
4,lodev,5,240,0.16082775222528856,True,exact_final,14423
4,lodev,6,15,0.47858962416648865,False,sampled_upper_bound,793
4,lodev,6,30,0.22413456439971924,False,sampled_upper_bound,1736
4,lodev,6,60,0.17931696772575378,False,sampled_upper_bound,3626
4,lodev,6,120,0.16657899909280474,True,exact_final_best_already_reached,7375
4,lodev,6,180,0.16657899909280474,True,exact_final_best_already_reached,10951
4,lodev,6,240,0.16657899909280474,True,exact_final,14497
4,lodev,7,15,0.434895783662796,False,sampled_upper_bound,837
4,lodev,7,30,0.4274463653564453,False,sampled_upper_bound,1785
4,lodev,7,60,0.41932356357574463,False,sampled_upper_bound,3637
4,lodev,7,120,0.39669108390808105,False,sampled_upper_bound,7496
4,lodev,7,180,0.18582999377124473,True,exact_final_best_already_reached,11342
4,lodev,7,240,0.18582999377124473,True,exact_final,15098
4,lodev,8,15,0.14638397097587585,False,sampled_upper_bound,754
4,lodev,8,30,0.0510445199906826,False,sampled_upper_bound,1629
4,lodev,8,60,-0.08882370591163635,False,sampled_upper_bound,3232
4,lodev,8,120,-0.2082625776529312,False,sampled_upper_bound,6706
4,lodev,8,180,-0.21615636718961212,True,exact_final_best_already_reached,10090
4,lodev,8,240,-0.21615636718961212,True,exact_final,13555
4,lodev,9,15,0.39609307050704956,False,sampled_upper_bound,719
4,lodev,9,30,0.36668601632118225,False,sampled_upper_bound,1605
4,lodev,9,60,0.16790013015270233,False,sampled_upper_bound,3396
4,lodev,9,120,0.081831449436017,True,exact_final_best_already_reached,6928
4,lodev,9,180,0.081831449436017,True,exact_final_best_already_reached,10395
4,lodev,9,240,0.081831449436017,True,exact_final,13886
4,lodev,10,15,0.09945142269134521,False,sampled_upper_bound,783
4,lodev,10,30,0.09591194123163459,True,exact_final_best_already_reached,1653
4,lodev,10,60,0.09591194123163459,True,exact_final_best_already_reached,3346
4,lodev,10,120,0.09591194123163459,True,exact_final_best_already_reached,6802
4,lodev,10,180,0.09591194123163459,True,exact_final_best_already_reached,10199
4,lodev,10,240,0.09591194123163459,True,exact_final,13569
5,ibarapascal,1,15,0.5586570501327515,False,sampled_upper_bound,680
5,ibarapascal,1,30,0.5107651948928833,False,sampled_upper_bound,1394
5,ibarapascal,1,60,0.43353965878486633,False,sampled_upper_bound,2797
5,ibarapascal,1,120,0.42078858613967896,False,sampled_upper_bound,5412
5,ibarapascal,1,180,0.4177459180355072,False,sampled_upper_bound,8252
5,ibarapascal,1,240,0.4164613363052819,True,exact_final,11214
5,ibarapascal,2,15,0.29789403080940247,False,sampled_upper_bound,641
5,ibarapascal,2,30,0.21514557301998138,False,sampled_upper_bound,1289
5,ibarapascal,2,60,0.013311507180333138,False,sampled_upper_bound,2780
5,ibarapascal,2,120,-0.20474421977996826,False,sampled_upper_bound,5855
5,ibarapascal,2,180,-0.35398438572883606,False,sampled_upper_bound,9031
5,ibarapascal,2,240,-0.36438513576733444,True,exact_final,12301
5,ibarapascal,3,15,0.6937196850776672,False,sampled_upper_bound,659
5,ibarapascal,3,30,0.45033472776412964,False,sampled_upper_bound,1401
5,ibarapascal,3,60,0.42826932668685913,False,sampled_upper_bound,2907
5,ibarapascal,3,120,0.2586323916912079,False,sampled_upper_bound,6007
5,ibarapascal,3,180,0.20269659161567688,False,sampled_upper_bound,9310
5,ibarapascal,3,240,0.17181510892127322,True,exact_final,12672
5,ibarapascal,4,15,0.44469428062438965,False,sampled_upper_bound,751
5,ibarapascal,4,30,0.4309595227241516,False,sampled_upper_bound,1587
5,ibarapascal,4,60,0.42778220772743225,False,sampled_upper_bound,3202
5,ibarapascal,4,120,0.31074050068855286,False,sampled_upper_bound,6628
5,ibarapascal,4,180,0.27179354429244995,False,sampled_upper_bound,10210
5,ibarapascal,4,240,0.24960730834781772,True,exact_final,13788
5,ibarapascal,5,15,0.4840444326400757,False,sampled_upper_bound,786
5,ibarapascal,5,30,0.42147794365882874,False,sampled_upper_bound,1624
5,ibarapascal,5,60,0.3627206087112427,False,sampled_upper_bound,3159
5,ibarapascal,5,120,0.3557799756526947,False,sampled_upper_bound,6720
5,ibarapascal,5,180,0.35121981463252755,True,exact_final_best_already_reached,10282
5,ibarapascal,5,240,0.35121981463252755,True,exact_final,13923
5,ibarapascal,6,15,0.5096995830535889,False,sampled_upper_bound,616
5,ibarapascal,6,30,0.4340742230415344,False,sampled_upper_bound,1352
5,ibarapascal,6,60,0.24469856917858124,False,sampled_upper_bound,2775
5,ibarapascal,6,120,0.16758710145950317,False,sampled_upper_bound,6127
5,ibarapascal,6,180,0.1568613052368164,False,sampled_upper_bound,9439
5,ibarapascal,6,240,0.1494593208577957,True,exact_final,12779
5,ibarapascal,7,15,0.4648582339286804,False,sampled_upper_bound,798
5,ibarapascal,7,30,0.4545559585094452,False,sampled_upper_bound,1544
5,ibarapascal,7,60,0.4159524738788605,False,sampled_upper_bound,3214
5,ibarapascal,7,120,0.41165903210639954,False,sampled_upper_bound,6323
5,ibarapascal,7,180,0.40835362672805786,False,sampled_upper_bound,9710
5,ibarapascal,7,240,0.4080895956377894,True,exact_final,13153
5,ibarapascal,8,15,0.566620945930481,False,sampled_upper_bound,638
5,ibarapascal,8,30,0.4344669282436371,False,sampled_upper_bound,1403
5,ibarapascal,8,60,0.33031001687049866,False,sampled_upper_bound,2874
5,ibarapascal,8,120,0.05350971221923828,False,sampled_upper_bound,5611
5,ibarapascal,8,180,-0.33004850149154663,False,sampled_upper_bound,8742
5,ibarapascal,8,240,-0.3665683261825978,True,exact_final,11870
5,ibarapascal,9,15,0.3376799523830414,False,sampled_upper_bound,734
5,ibarapascal,9,30,0.33061107993125916,False,sampled_upper_bound,1554
5,ibarapascal,9,60,0.33061107993125916,False,sampled_upper_bound,3173
5,ibarapascal,9,120,0.3206542134284973,False,sampled_upper_bound,6294
5,ibarapascal,9,180,0.2946980595588684,False,sampled_upper_bound,9546
5,ibarapascal,9,240,-0.08420906994878624,True,exact_final,13033
5,ibarapascal,10,15,0.23697057366371155,False,sampled_upper_bound,708
5,ibarapascal,10,30,0.2268325537443161,False,sampled_upper_bound,1503
5,ibarapascal,10,60,0.21632522344589233,False,sampled_upper_bound,3087
5,ibarapascal,10,120,-0.0027374201454222202,False,sampled_upper_bound,6253
5,ibarapascal,10,180,-0.048015158623456955,False,sampled_upper_bound,9456
5,ibarapascal,10,240,-0.048393398909575114,True,exact_final,12605
6,gabrielekarra,1,15,0.3455997109413147,False,sampled_upper_bound,700
6,gabrielekarra,1,30,0.3452434539794922,False,sampled_upper_bound,1356
6,gabrielekarra,1,60,0.3452434539794922,False,sampled_upper_bound,2792
6,gabrielekarra,1,120,0.07338174867294642,True,exact_final_best_already_reached,5530
6,gabrielekarra,1,180,0.07338174867294642,True,exact_final_best_already_reached,8154
6,gabrielekarra,1,240,0.07338174867294642,True,exact_final,10312
6,gabrielekarra,2,15,0.20587508380413055,False,sampled_upper_bound,702
6,gabrielekarra,2,30,0.20587508380413055,False,sampled_upper_bound,1441
6,gabrielekarra,2,60,0.20587508380413055,False,sampled_upper_bound,2801
6,gabrielekarra,2,120,0.20587508380413055,False,sampled_upper_bound,5649
6,gabrielekarra,2,180,-0.188363491533853,True,exact_final_best_already_reached,8288
6,gabrielekarra,2,240,-0.188363491533853,True,exact_final,11094
6,gabrielekarra,3,15,0.5012719035148621,False,sampled_upper_bound,672
6,gabrielekarra,3,30,0.44017231464385986,False,sampled_upper_bound,1403
6,gabrielekarra,3,60,0.43278467655181885,False,sampled_upper_bound,2787
6,gabrielekarra,3,120,0.210401713848114,False,sampled_upper_bound,5665
6,gabrielekarra,3,180,0.18732133395076195,True,exact_final_best_already_reached,8406
6,gabrielekarra,3,240,0.18732133395076195,True,exact_final,11355
6,gabrielekarra,4,15,0.2980365455150604,False,sampled_upper_bound,701
6,gabrielekarra,4,30,0.18472031531351,True,exact_final_best_already_reached,1497
6,gabrielekarra,4,60,0.18472031531351,True,exact_final_best_already_reached,3081
6,gabrielekarra,4,120,0.18472031531351,True,exact_final_best_already_reached,5962
6,gabrielekarra,4,180,0.18472031531351,True,exact_final_best_already_reached,9144
6,gabrielekarra,4,240,0.18472031531351,True,exact_final,12202
6,gabrielekarra,5,15,0.4490007162094116,False,sampled_upper_bound,756
6,gabrielekarra,5,30,0.4273849427700043,False,sampled_upper_bound,1539
6,gabrielekarra,5,60,0.4273849427700043,False,sampled_upper_bound,3242
6,gabrielekarra,5,120,0.3076477455353338,True,exact_final_best_already_reached,6453
6,gabrielekarra,5,180,0.3076477455353338,True,exact_final_best_already_reached,9312
6,gabrielekarra,5,240,0.3076477455353338,True,exact_final,12263
6,gabrielekarra,6,15,0.21842600405216217,False,sampled_upper_bound,678
6,gabrielekarra,6,30,0.16919225141246258,True,exact_final_best_already_reached,1435
6,gabrielekarra,6,60,0.16919225141246258,True,exact_final_best_already_reached,3058
6,gabrielekarra,6,120,0.16919225141246258,True,exact_final_best_already_reached,5908
6,gabrielekarra,6,180,0.16919225141246258,True,exact_final_best_already_reached,8761
6,gabrielekarra,6,240,0.16919225141246258,True,exact_final,11143
6,gabrielekarra,7,15,0.48001235723495483,False,sampled_upper_bound,766
6,gabrielekarra,7,30,0.46171268820762634,False,sampled_upper_bound,1572
6,gabrielekarra,7,60,0.42201268672943115,False,sampled_upper_bound,3253
6,gabrielekarra,7,120,0.42201268672943115,False,sampled_upper_bound,6332
6,gabrielekarra,7,180,0.21631613852083484,True,exact_final_best_already_reached,9182
6,gabrielekarra,7,240,0.21631613852083484,True,exact_final,11949
6,gabrielekarra,8,15,0.3257463276386261,False,sampled_upper_bound,628
6,gabrielekarra,8,30,0.2528385818004608,False,sampled_upper_bound,1291
6,gabrielekarra,8,60,0.2435629665851593,False,sampled_upper_bound,2643
6,gabrielekarra,8,120,0.12763086279047492,True,exact_final_best_already_reached,5522
6,gabrielekarra,8,180,0.12763086279047492,True,exact_final_best_already_reached,8363
6,gabrielekarra,8,240,0.12763086279047492,True,exact_final,11359
6,gabrielekarra,9,15,0.241021066904068,False,sampled_upper_bound,628
6,gabrielekarra,9,30,0.17913345992565155,False,sampled_upper_bound,1344
6,gabrielekarra,9,60,0.17913345992565155,False,sampled_upper_bound,2829
6,gabrielekarra,9,120,-0.034091819777147266,True,exact_final_best_already_reached,5722
6,gabrielekarra,9,180,-0.034091819777147266,True,exact_final_best_already_reached,8567
6,gabrielekarra,9,240,-0.034091819777147266,True,exact_final,11555
6,gabrielekarra,10,15,0.39608752727508545,False,sampled_upper_bound,698
6,gabrielekarra,10,30,0.3871973156929016,False,sampled_upper_bound,1386
6,gabrielekarra,10,60,0.2435095013663974,True,exact_final_best_already_reached,2847
6,gabrielekarra,10,120,0.2435095013663974,True,exact_final_best_already_reached,5712
6,gabrielekarra,10,180,0.2435095013663974,True,exact_final_best_already_reached,8603
6,gabrielekarra,10,240,0.2435095013663974,True,exact_final,11153
7,giannischalk,1,15,0.5266857743263245,False,sampled_upper_bound,626
7,giannischalk,1,30,0.47898247838020325,False,sampled_upper_bound,1284
7,giannischalk,1,60,0.2844081521034241,False,sampled_upper_bound,2551
7,giannischalk,1,120,0.15863339602947235,False,sampled_upper_bound,5385
7,giannischalk,1,180,0.15863339602947235,False,sampled_upper_bound,8233
7,giannischalk,1,240,0.14952781153741437,True,exact_final,11049
7,giannischalk,2,15,0.4211512804031372,False,sampled_upper_bound,587
7,giannischalk,2,30,0.4211512804031372,False,sampled_upper_bound,1292
7,giannischalk,2,60,0.08302310109138489,False,sampled_upper_bound,2760
7,giannischalk,2,120,0.033269630332901305,True,exact_final_best_already_reached,5617
7,giannischalk,2,180,0.033269630332901305,True,exact_final_best_already_reached,8653
7,giannischalk,2,240,0.033269630332901305,True,exact_final,11438
7,giannischalk,3,15,0.47280800342559814,False,sampled_upper_bound,561
7,giannischalk,3,30,0.4348251521587372,False,sampled_upper_bound,1301
7,giannischalk,3,60,0.3825249969959259,False,sampled_upper_bound,2693
7,giannischalk,3,120,0.16665592789649963,False,sampled_upper_bound,5632
7,giannischalk,3,180,0.15946394205093384,False,sampled_upper_bound,8531
7,giannischalk,3,240,0.15585040299618153,True,exact_final,11435
7,giannischalk,4,15,0.5991804003715515,False,sampled_upper_bound,514
7,giannischalk,4,30,0.3577706813812256,False,sampled_upper_bound,1362
7,giannischalk,4,60,0.3577706813812256,False,sampled_upper_bound,2853
7,giannischalk,4,120,0.3153796014342273,True,exact_final_best_already_reached,6008
7,giannischalk,4,180,0.3153796014342273,True,exact_final_best_already_reached,9181
7,giannischalk,4,240,0.3153796014342273,True,exact_final,12292
7,giannischalk,5,15,0.47435262799263,False,sampled_upper_bound,695
7,giannischalk,5,30,0.47435262799263,False,sampled_upper_bound,1482
7,giannischalk,5,60,0.4558638036251068,False,sampled_upper_bound,3153
7,giannischalk,5,120,0.3223990499973297,False,sampled_upper_bound,6288
7,giannischalk,5,180,0.3169179856777191,False,sampled_upper_bound,9278
7,giannischalk,5,240,0.30893505945820077,True,exact_final,12513
7,giannischalk,6,15,0.5064951777458191,False,sampled_upper_bound,573
7,giannischalk,6,30,0.49467819929122925,False,sampled_upper_bound,1331
7,giannischalk,6,60,0.43309012055397034,False,sampled_upper_bound,2862
7,giannischalk,6,120,0.1577625423669815,False,sampled_upper_bound,6060
7,giannischalk,6,180,-0.13566179762857636,True,exact_final_best_already_reached,9044
7,giannischalk,6,240,-0.13566179762857636,True,exact_final,11751
7,giannischalk,7,15,0.5123690962791443,False,sampled_upper_bound,696
7,giannischalk,7,30,0.4391711354255676,False,sampled_upper_bound,1496
7,giannischalk,7,60,0.4052824079990387,False,sampled_upper_bound,3084
7,giannischalk,7,120,0.3552529811859131,False,sampled_upper_bound,6118
7,giannischalk,7,180,0.32223743200302124,False,sampled_upper_bound,9216
7,giannischalk,7,240,0.31948627909805105,True,exact_final,12041
7,giannischalk,8,15,0.44048815965652466,False,sampled_upper_bound,571
7,giannischalk,8,30,0.40700215101242065,False,sampled_upper_bound,1323
7,giannischalk,8,60,0.18722674250602722,False,sampled_upper_bound,2649
7,giannischalk,8,120,0.16275593638420105,False,sampled_upper_bound,5521
7,giannischalk,8,180,0.15299983322620392,False,sampled_upper_bound,8397
7,giannischalk,8,240,0.1520020637377668,True,exact_final,11113
7,giannischalk,9,15,0.43317484855651855,False,sampled_upper_bound,485
7,giannischalk,9,30,0.40731605887413025,False,sampled_upper_bound,1238
7,giannischalk,9,60,0.40731605887413025,False,sampled_upper_bound,2750
7,giannischalk,9,120,0.061054617166519165,False,sampled_upper_bound,5797
7,giannischalk,9,180,0.024787394166432643,True,exact_final_best_already_reached,8753
7,giannischalk,9,240,0.024787394166432643,True,exact_final,11674
7,giannischalk,10,15,0.726686954498291,False,sampled_upper_bound,619
7,giannischalk,10,30,0.38670116662979126,False,sampled_upper_bound,1363
7,giannischalk,10,60,0.33249667286872864,False,sampled_upper_bound,2793
7,giannischalk,10,120,0.19956538081169128,False,sampled_upper_bound,5773
7,giannischalk,10,180,0.19153250753879547,False,sampled_upper_bound,8696
7,giannischalk,10,240,0.16957085160185237,True,exact_final,11629
8,jagarwal,1,15,0.17304077744483948,False,sampled_upper_bound,643
8,jagarwal,1,30,0.16175051129814358,True,exact_final_best_already_reached,1434
8,jagarwal,1,60,0.16175051129814358,True,exact_final_best_already_reached,2940
8,jagarwal,1,120,0.16175051129814358,True,exact_final_best_already_reached,5944
8,jagarwal,1,180,0.16175051129814358,True,exact_final_best_already_reached,8572
8,jagarwal,1,240,0.16175051129814358,True,exact_final,10788
8,jagarwal,2,15,0.6366604566574097,False,sampled_upper_bound,658
8,jagarwal,2,30,0.5973568558692932,False,sampled_upper_bound,1380
8,jagarwal,2,60,0.3512442935949652,True,exact_final_best_already_reached,2804
8,jagarwal,2,120,0.3512442935949652,True,exact_final_best_already_reached,5229
8,jagarwal,2,180,0.3512442935949652,True,exact_final_best_already_reached,7351
8,jagarwal,2,240,0.3512442935949652,True,exact_final,9462
8,jagarwal,3,15,2.651578187942505,False,sampled_upper_bound,573
8,jagarwal,3,30,1.8532651662826538,False,sampled_upper_bound,1219
8,jagarwal,3,60,1.7437629699707031,False,sampled_upper_bound,2421
8,jagarwal,3,120,0.5223705768585205,False,sampled_upper_bound,4856
8,jagarwal,3,180,0.428966760635376,False,sampled_upper_bound,7084
8,jagarwal,3,240,0.4152420408455968,True,exact_final,9538
8,jagarwal,4,15,4.358458518981934,False,sampled_upper_bound,703
8,jagarwal,4,30,0.6446191072463989,False,sampled_upper_bound,1420
8,jagarwal,4,60,0.43747633988004536,True,exact_final_best_already_reached,2494
8,jagarwal,4,120,0.43747633988004536,True,exact_final_best_already_reached,4443
8,jagarwal,4,180,0.43747633988004536,True,exact_final_best_already_reached,6185
8,jagarwal,4,240,0.43747633988004536,True,exact_final,8058
8,jagarwal,5,15,0.5006570219993591,False,sampled_upper_bound,413
8,jagarwal,5,30,0.5006570219993591,False,sampled_upper_bound,1087
8,jagarwal,5,60,0.4567950367927551,False,sampled_upper_bound,2435
8,jagarwal,5,120,0.4544859826564789,False,sampled_upper_bound,4706
8,jagarwal,5,180,0.3564266115388627,True,exact_final_best_already_reached,7231
8,jagarwal,5,240,0.3564266115388627,True,exact_final,9599
8,jagarwal,6,15,-0.20486031472682953,False,sampled_upper_bound,749
8,jagarwal,6,30,-0.20837754011154175,False,sampled_upper_bound,1582
8,jagarwal,6,60,-0.20837754011154175,False,sampled_upper_bound,3247
8,jagarwal,6,120,-0.23321473666122636,True,exact_final_best_already_reached,6610
8,jagarwal,6,180,-0.23321473666122636,True,exact_final_best_already_reached,9931
8,jagarwal,6,240,-0.23321473666122636,True,exact_final,13103
8,jagarwal,7,15,4.068839073181152,False,sampled_upper_bound,604
8,jagarwal,7,30,2.1355888843536377,False,sampled_upper_bound,1318
8,jagarwal,7,60,1.3688738346099854,False,sampled_upper_bound,2729
8,jagarwal,7,120,0.44556978934657865,True,exact_final_best_already_reached,5497
8,jagarwal,7,180,0.44556978934657865,True,exact_final_best_already_reached,8254
8,jagarwal,7,240,0.44556978934657865,True,exact_final,10872
8,jagarwal,8,15,0.55717933177948,False,sampled_upper_bound,556
8,jagarwal,8,30,0.4890246093273163,False,sampled_upper_bound,1216
8,jagarwal,8,60,0.4890246093273163,False,sampled_upper_bound,2538
8,jagarwal,8,120,0.44118591183199307,True,exact_final_best_already_reached,5186
8,jagarwal,8,180,0.44118591183199307,True,exact_final_best_already_reached,7943
8,jagarwal,8,240,0.44118591183199307,True,exact_final,10717
8,jagarwal,9,15,0.42428040504455566,False,sampled_upper_bound,625
8,jagarwal,9,30,-0.40989181294176597,True,exact_final_best_already_reached,1193
8,jagarwal,9,60,-0.40989181294176597,True,exact_final_best_already_reached,2439
8,jagarwal,9,120,-0.40989181294176597,True,exact_final_best_already_reached,4699
8,jagarwal,9,180,-0.40989181294176597,True,exact_final_best_already_reached,7546
8,jagarwal,9,240,-0.40989181294176597,True,exact_final,9801
8,jagarwal,10,15,-0.2903067171573639,False,sampled_upper_bound,749
8,jagarwal,10,30,-0.3554985084870762,True,exact_final_best_already_reached,1547
8,jagarwal,10,60,-0.3554985084870762,True,exact_final_best_already_reached,3134
8,jagarwal,10,120,-0.3554985084870762,True,exact_final_best_already_reached,6238
8,jagarwal,10,180,-0.3554985084870762,True,exact_final_best_already_reached,9447
8,jagarwal,10,240,-0.3554985084870762,True,exact_final,12597
9,gun-py,1,15,1.583833932876587,False,sampled_upper_bound,521
9,gun-py,1,30,1.2860438823699951,False,sampled_upper_bound,1053
9,gun-py,1,60,1.0763108730316162,False,sampled_upper_bound,2055
9,gun-py,1,120,0.9494770765304565,False,sampled_upper_bound,4791
9,gun-py,1,180,0.9327145218849182,False,sampled_upper_bound,7791
9,gun-py,1,240,0.9182660176691504,True,exact_final,10033
9,gun-py,2,15,-0.08241129666566849,False,sampled_upper_bound,598
9,gun-py,2,30,-0.14583024382591248,False,sampled_upper_bound,1206
9,gun-py,2,60,-0.17045144736766815,False,sampled_upper_bound,2402
9,gun-py,2,120,-0.22903980314731598,False,sampled_upper_bound,5810
9,gun-py,2,180,-0.2334885448217392,False,sampled_upper_bound,9131
9,gun-py,2,240,-0.24600515337900697,True,exact_final,11608
9,gun-py,3,15,0.5213788747787476,False,sampled_upper_bound,518
9,gun-py,3,30,0.5016447305679321,False,sampled_upper_bound,1041
9,gun-py,3,60,0.486505925655365,False,sampled_upper_bound,2049
9,gun-py,3,120,0.39453718066215515,False,sampled_upper_bound,5252
9,gun-py,3,180,0.368608295917511,False,sampled_upper_bound,8522
9,gun-py,3,240,0.35287486316189004,True,exact_final,10942
9,gun-py,4,15,0.3990122973918915,False,sampled_upper_bound,605
9,gun-py,4,30,0.39539414644241333,False,sampled_upper_bound,1275
9,gun-py,4,60,0.3676683306694031,False,sampled_upper_bound,2613
9,gun-py,4,120,0.34910228848457336,False,sampled_upper_bound,6255
9,gun-py,4,180,0.3426876366138458,False,sampled_upper_bound,9922
9,gun-py,4,240,0.3239754906404644,True,exact_final,12641
9,gun-py,5,15,1.0558539628982544,False,sampled_upper_bound,594
9,gun-py,5,30,0.8154814839363098,False,sampled_upper_bound,1188
9,gun-py,5,60,0.6431564092636108,False,sampled_upper_bound,2324
9,gun-py,5,120,0.5898866057395935,False,sampled_upper_bound,5972
9,gun-py,5,180,0.43816426396369934,False,sampled_upper_bound,9924
9,gun-py,5,240,0.42368611515950194,True,exact_final,12824
9,gun-py,6,15,0.12643086910247803,False,sampled_upper_bound,576
9,gun-py,6,30,0.03324513137340546,False,sampled_upper_bound,1138
9,gun-py,6,60,0.018379580229520798,False,sampled_upper_bound,2269
9,gun-py,6,120,-0.14883442223072052,False,sampled_upper_bound,5574
9,gun-py,6,180,-0.19984295964241028,False,sampled_upper_bound,8832
9,gun-py,6,240,-0.3814806140168781,True,exact_final,11302
9,gun-py,7,15,0.6391820311546326,False,sampled_upper_bound,616
9,gun-py,7,30,0.525111198425293,False,sampled_upper_bound,1244
9,gun-py,7,60,0.47269299626350403,False,sampled_upper_bound,2448
9,gun-py,7,120,0.43440714478492737,False,sampled_upper_bound,6136
9,gun-py,7,180,0.42379677295684814,False,sampled_upper_bound,9775
9,gun-py,7,240,0.414034454359077,True,exact_final,12398
9,gun-py,8,15,0.17597831785678864,False,sampled_upper_bound,545
9,gun-py,8,30,0.13518014550209045,False,sampled_upper_bound,1089
9,gun-py,8,60,0.09853683412075043,False,sampled_upper_bound,2185
9,gun-py,8,120,-0.1226508840918541,False,sampled_upper_bound,5466
9,gun-py,8,180,-0.19280536472797394,False,sampled_upper_bound,8758
9,gun-py,8,240,-0.24968906868165577,True,exact_final,11188
9,gun-py,9,15,0.213309183716774,False,sampled_upper_bound,616
9,gun-py,9,30,0.09573470801115036,False,sampled_upper_bound,1246
9,gun-py,9,60,0.030697226524353027,False,sampled_upper_bound,2514
9,gun-py,9,120,0.003545765532180667,False,sampled_upper_bound,5793
9,gun-py,9,180,-0.022634169086813927,False,sampled_upper_bound,9001
9,gun-py,9,240,-0.07443699860586067,True,exact_final,11372
9,gun-py,10,15,0.43304210901260376,False,sampled_upper_bound,549
9,gun-py,10,30,0.4199439585208893,False,sampled_upper_bound,1043
9,gun-py,10,60,0.417915403842926,False,sampled_upper_bound,2193
9,gun-py,10,120,0.2994866669178009,False,sampled_upper_bound,5419
9,gun-py,10,180,0.26094451546669006,False,sampled_upper_bound,8892
9,gun-py,10,240,0.1975288838287982,True,exact_final,11491
10,s_boehler,1,15,0.539053201675415,False,sampled_upper_bound,593
10,s_boehler,1,30,0.45942723751068115,False,sampled_upper_bound,1179
10,s_boehler,1,60,0.4326159656047821,False,sampled_upper_bound,2441
10,s_boehler,1,120,0.4117371141910553,False,sampled_upper_bound,4774
10,s_boehler,1,180,0.38990268111228943,False,sampled_upper_bound,7598
10,s_boehler,1,240,0.3551105389860311,True,exact_final,10423
10,s_boehler,2,15,-0.08404786139726639,False,sampled_upper_bound,659
10,s_boehler,2,30,-0.12631110846996307,False,sampled_upper_bound,1386
10,s_boehler,2,60,-0.1994035392999649,False,sampled_upper_bound,2819
10,s_boehler,2,120,-0.32925647497177124,False,sampled_upper_bound,5835
10,s_boehler,2,180,-0.3472835421562195,False,sampled_upper_bound,8934
10,s_boehler,2,240,-0.3594863493618155,True,exact_final,11985
10,s_boehler,3,15,0.726704478263855,False,sampled_upper_bound,389
10,s_boehler,3,30,0.6655710935592651,False,sampled_upper_bound,898
10,s_boehler,3,60,0.6569555997848511,False,sampled_upper_bound,2160
10,s_boehler,3,120,0.3556720018386841,False,sampled_upper_bound,4609
10,s_boehler,3,180,0.24062128365039825,False,sampled_upper_bound,7241
10,s_boehler,3,240,0.19504396154703726,True,exact_final,10086
10,s_boehler,4,15,0.47764673829078674,False,sampled_upper_bound,712
10,s_boehler,4,30,0.472330242395401,False,sampled_upper_bound,1472
10,s_boehler,4,60,0.43861913681030273,False,sampled_upper_bound,3110
10,s_boehler,4,120,0.43861913681030273,False,sampled_upper_bound,6229
10,s_boehler,4,180,0.415068119764328,False,sampled_upper_bound,9516
10,s_boehler,4,240,0.245302582737606,True,exact_final,12747
10,s_boehler,5,15,0.7880178689956665,False,sampled_upper_bound,776
10,s_boehler,5,30,0.7399256229400635,False,sampled_upper_bound,1583
10,s_boehler,5,60,0.4693770110607147,False,sampled_upper_bound,3225
10,s_boehler,5,120,0.4460621476173401,False,sampled_upper_bound,6571
10,s_boehler,5,180,0.4140649735927582,False,sampled_upper_bound,9930
10,s_boehler,5,240,0.40926478466860017,True,exact_final,13256
10,s_boehler,6,15,0.2745697498321533,False,sampled_upper_bound,749
10,s_boehler,6,30,0.2512790262699127,False,sampled_upper_bound,1596
10,s_boehler,6,60,0.24112598598003387,False,sampled_upper_bound,3238
10,s_boehler,6,120,0.2182919830083847,False,sampled_upper_bound,6237
10,s_boehler,6,180,0.19290219247341156,False,sampled_upper_bound,9401
10,s_boehler,6,240,0.18003360048019118,True,exact_final,12704
10,s_boehler,7,15,0.6713512539863586,False,sampled_upper_bound,753
10,s_boehler,7,30,0.5917060971260071,False,sampled_upper_bound,1467
10,s_boehler,7,60,0.47345733642578125,False,sampled_upper_bound,3074
10,s_boehler,7,120,0.4023361802101135,False,sampled_upper_bound,6374
10,s_boehler,7,180,0.3897618055343628,False,sampled_upper_bound,9591
10,s_boehler,7,240,0.35443789247832785,True,exact_final,12803
10,s_boehler,8,15,0.44055673480033875,False,sampled_upper_bound,631
10,s_boehler,8,30,0.43431687355041504,False,sampled_upper_bound,1345
10,s_boehler,8,60,0.413672536611557,False,sampled_upper_bound,2852
10,s_boehler,8,120,0.3438660502433777,False,sampled_upper_bound,5712
10,s_boehler,8,180,0.3014456033706665,False,sampled_upper_bound,8535
10,s_boehler,8,240,0.22197928479546544,True,exact_final,11477
10,s_boehler,9,15,0.32496780157089233,False,sampled_upper_bound,688
10,s_boehler,9,30,0.3217221200466156,False,sampled_upper_bound,1424
10,s_boehler,9,60,0.2988063395023346,False,sampled_upper_bound,2918
10,s_boehler,9,120,0.10853289812803268,False,sampled_upper_bound,5791
10,s_boehler,9,180,0.05712595209479332,False,sampled_upper_bound,8828
10,s_boehler,9,240,-0.0293602406847345,True,exact_final,11751
10,s_boehler,10,15,0.43132084608078003,False,sampled_upper_bound,679
10,s_boehler,10,30,0.4283502399921417,False,sampled_upper_bound,1334
10,s_boehler,10,60,0.42331746220588684,False,sampled_upper_bound,2597
10,s_boehler,10,120,0.3530019521713257,False,sampled_upper_bound,5303
10,s_boehler,10,180,0.26302850246429443,False,sampled_upper_bound,8183
10,s_boehler,10,240,0.21343194352470776,True,exact_final,11115
11,anaygarodia,1,15,0.7742702960968018,False,sampled_upper_bound,492
11,anaygarodia,1,30,0.4663468897342682,False,sampled_upper_bound,1068
11,anaygarodia,1,60,0.43112581968307495,False,sampled_upper_bound,2344
11,anaygarodia,1,120,0.4280780553817749,False,sampled_upper_bound,5040
11,anaygarodia,1,180,0.4271491765975952,False,sampled_upper_bound,7745
11,anaygarodia,1,240,0.4251051333918405,True,exact_final,10427
11,anaygarodia,2,15,0.38092830777168274,False,sampled_upper_bound,535
11,anaygarodia,2,30,0.37475329637527466,False,sampled_upper_bound,1186
11,anaygarodia,2,60,0.3283538222312927,False,sampled_upper_bound,2396
11,anaygarodia,2,120,0.26149889826774597,False,sampled_upper_bound,4969
11,anaygarodia,2,180,0.25932300090789795,False,sampled_upper_bound,7505
11,anaygarodia,2,240,0.25503730879801856,True,exact_final,9882
11,anaygarodia,3,15,0.6107673048973083,False,sampled_upper_bound,641
11,anaygarodia,3,30,0.5052465200424194,False,sampled_upper_bound,1277
11,anaygarodia,3,60,0.4335537850856781,False,sampled_upper_bound,2501
11,anaygarodia,3,120,0.4125954210758209,False,sampled_upper_bound,5278
11,anaygarodia,3,180,0.4114342927932739,False,sampled_upper_bound,8010
11,anaygarodia,3,240,0.4103292486676967,True,exact_final,10613
11,anaygarodia,4,15,1.993531584739685,False,sampled_upper_bound,526
11,anaygarodia,4,30,0.42110270261764526,False,sampled_upper_bound,1097
11,anaygarodia,4,60,0.17988170683383942,False,sampled_upper_bound,2646
11,anaygarodia,4,120,0.16940517723560333,False,sampled_upper_bound,5630
11,anaygarodia,4,180,0.16940517723560333,False,sampled_upper_bound,8678
11,anaygarodia,4,240,0.16134193320066634,True,exact_final,11583
11,anaygarodia,5,15,0.9056410193443298,False,sampled_upper_bound,590
11,anaygarodia,5,30,0.48862355947494507,False,sampled_upper_bound,1307
11,anaygarodia,5,60,0.4344073235988617,False,sampled_upper_bound,2999
11,anaygarodia,5,120,0.43041858077049255,False,sampled_upper_bound,6178
11,anaygarodia,5,180,0.42200809717178345,False,sampled_upper_bound,9429
11,anaygarodia,5,240,0.4132036411776203,True,exact_final,12665
11,anaygarodia,6,15,0.4574663043022156,False,sampled_upper_bound,551
11,anaygarodia,6,30,0.446673184633255,False,sampled_upper_bound,1275
11,anaygarodia,6,60,0.43085646629333496,False,sampled_upper_bound,2643
11,anaygarodia,6,120,0.4131259322166443,False,sampled_upper_bound,5382
11,anaygarodia,6,180,0.41312530636787415,False,sampled_upper_bound,8068
11,anaygarodia,6,240,0.4098697693128083,True,exact_final,10934
11,anaygarodia,7,15,0.822222888469696,False,sampled_upper_bound,800
11,anaygarodia,7,30,0.5574136972427368,False,sampled_upper_bound,1665
11,anaygarodia,7,60,0.37695327401161194,False,sampled_upper_bound,3259
11,anaygarodia,7,120,0.3439987003803253,False,sampled_upper_bound,6496
11,anaygarodia,7,180,0.30094265937805176,False,sampled_upper_bound,9662
11,anaygarodia,7,240,0.26537931980318524,True,exact_final,13103
11,anaygarodia,8,15,0.6321527361869812,False,sampled_upper_bound,660
11,anaygarodia,8,30,0.5514237880706787,False,sampled_upper_bound,1330
11,anaygarodia,8,60,0.05968274176120758,False,sampled_upper_bound,2596
11,anaygarodia,8,120,-0.16462641954421997,False,sampled_upper_bound,5193
11,anaygarodia,8,180,-0.2105216234922409,False,sampled_upper_bound,7697
11,anaygarodia,8,240,-0.2397655122365457,True,exact_final,10626
11,anaygarodia,9,15,0.4029107689857483,False,sampled_upper_bound,656
11,anaygarodia,9,30,0.33813124895095825,False,sampled_upper_bound,1370
11,anaygarodia,9,60,0.2958034574985504,False,sampled_upper_bound,2751
11,anaygarodia,9,120,0.08579327911138535,False,sampled_upper_bound,5590
11,anaygarodia,9,180,0.04914751648902893,False,sampled_upper_bound,8242
11,anaygarodia,9,240,0.02947690196833779,True,exact_final,11023
11,anaygarodia,10,15,0.1794338822364807,False,sampled_upper_bound,680
11,anaygarodia,10,30,0.019871849566698074,False,sampled_upper_bound,1457
11,anaygarodia,10,60,-0.057126209139823914,False,sampled_upper_bound,2929
11,anaygarodia,10,120,-0.09118300676345825,False,sampled_upper_bound,5976
11,anaygarodia,10,180,-0.10205087810754776,False,sampled_upper_bound,8933
11,anaygarodia,10,240,-0.10881612357159391,True,exact_final,11925
12,matevz,1,15,0.24653324484825134,False,sampled_upper_bound,652
12,matevz,1,30,0.24653324484825134,False,sampled_upper_bound,1340
12,matevz,1,60,0.24653324484825134,False,sampled_upper_bound,2719
12,matevz,1,120,0.24653324484825134,False,sampled_upper_bound,5423
12,matevz,1,180,0.24200507998466492,False,sampled_upper_bound,8143
12,matevz,1,240,0.17377399061243964,True,exact_final,10810
12,matevz,2,15,-0.18996596336364746,False,sampled_upper_bound,655
12,matevz,2,30,-0.20532503724098206,False,sampled_upper_bound,1359
12,matevz,2,60,-0.2114378660917282,False,sampled_upper_bound,2715
12,matevz,2,120,-0.21583914756774902,False,sampled_upper_bound,5502
12,matevz,2,180,-0.21583914756774902,False,sampled_upper_bound,8260
12,matevz,2,240,-0.2611124464973107,True,exact_final,10966
12,matevz,3,15,0.41952767968177795,False,sampled_upper_bound,701
12,matevz,3,30,0.3503914773464203,False,sampled_upper_bound,1444
12,matevz,3,60,0.32335448265075684,False,sampled_upper_bound,2896
12,matevz,3,120,0.23016569018363953,False,sampled_upper_bound,5825
12,matevz,3,180,0.22859936952590942,False,sampled_upper_bound,8729
12,matevz,3,240,0.21969523839550406,True,exact_final,11669
12,matevz,4,15,0.36860570311546326,False,sampled_upper_bound,765
12,matevz,4,30,0.3664471507072449,False,sampled_upper_bound,1491
12,matevz,4,60,0.3664471507072449,False,sampled_upper_bound,2994
12,matevz,4,120,0.36565500497817993,False,sampled_upper_bound,5976
12,matevz,4,180,0.36565500497817993,False,sampled_upper_bound,8953
12,matevz,4,240,0.3209856516686181,True,exact_final,11979
12,matevz,5,15,0.37393274903297424,False,sampled_upper_bound,840
12,matevz,5,30,0.3688182532787323,False,sampled_upper_bound,1679
12,matevz,5,60,0.36639291048049927,False,sampled_upper_bound,3372
12,matevz,5,120,0.3660409152507782,False,sampled_upper_bound,6771
12,matevz,5,180,0.3652341067790985,False,sampled_upper_bound,10214
12,matevz,5,240,0.360756282549806,True,exact_final,13599
12,matevz,6,15,0.4693884551525116,False,sampled_upper_bound,636
12,matevz,6,30,0.4157612919807434,False,sampled_upper_bound,1185
12,matevz,6,60,0.41260966658592224,False,sampled_upper_bound,2357
12,matevz,6,120,0.41260966658592224,False,sampled_upper_bound,4753
12,matevz,6,180,0.4116723835468292,False,sampled_upper_bound,7250
12,matevz,6,240,0.40323232472868215,True,exact_final,9831
12,matevz,7,15,0.4394150376319885,False,sampled_upper_bound,746
12,matevz,7,30,0.3641163110733032,False,sampled_upper_bound,1450
12,matevz,7,60,0.2794337868690491,False,sampled_upper_bound,2841
12,matevz,7,120,0.2005397081375122,False,sampled_upper_bound,5660
12,matevz,7,180,0.1970108449459076,False,sampled_upper_bound,8503
12,matevz,7,240,0.177096470494133,True,exact_final,11213
12,matevz,8,15,0.438534140586853,False,sampled_upper_bound,621
12,matevz,8,30,0.4320094883441925,False,sampled_upper_bound,1303
12,matevz,8,60,0.43183910846710205,False,sampled_upper_bound,2645
12,matevz,8,120,0.4296894073486328,False,sampled_upper_bound,5278
12,matevz,8,180,0.42937424778938293,False,sampled_upper_bound,7899
12,matevz,8,240,0.4247043365777688,True,exact_final,10551
12,matevz,9,15,0.3662634491920471,False,sampled_upper_bound,750
12,matevz,9,30,0.35292181372642517,False,sampled_upper_bound,1484
12,matevz,9,60,0.3476272225379944,False,sampled_upper_bound,3012
12,matevz,9,120,0.34305089712142944,False,sampled_upper_bound,5989
12,matevz,9,180,0.02819589339196682,False,sampled_upper_bound,8969
12,matevz,9,240,-0.02719089502355476,True,exact_final,11838
12,matevz,10,15,0.47932589054107666,False,sampled_upper_bound,444
12,matevz,10,30,0.47932589054107666,False,sampled_upper_bound,888
12,matevz,10,60,0.47932589054107666,False,sampled_upper_bound,1882
12,matevz,10,120,0.39359667897224426,False,sampled_upper_bound,4505
12,matevz,10,180,0.39359667897224426,False,sampled_upper_bound,7277
12,matevz,10,240,0.3675800177838382,True,exact_final,10036
13,seament,1,15,0.523497462272644,False,sampled_upper_bound,348
13,seament,1,30,0.4598555266857147,False,sampled_upper_bound,714
13,seament,1,60,0.45475080609321594,False,sampled_upper_bound,1262
13,seament,1,120,0.450438916683197,False,sampled_upper_bound,2521
13,seament,1,180,0.4498797655105591,False,sampled_upper_bound,3756
13,seament,1,240,0.1547688969269115,True,exact_final,5020
13,seament,2,15,0.42183223366737366,False,sampled_upper_bound,219
13,seament,2,30,0.4203534424304962,False,sampled_upper_bound,490
13,seament,2,60,0.40926694869995117,False,sampled_upper_bound,1056
13,seament,2,120,0.4085273742675781,False,sampled_upper_bound,2253
13,seament,2,180,0.4084559977054596,False,sampled_upper_bound,3404
13,seament,2,240,0.40574482581938326,True,exact_final,4420
13,seament,3,15,0.42152905464172363,False,sampled_upper_bound,286
13,seament,3,30,0.42024850845336914,False,sampled_upper_bound,585
13,seament,3,60,0.4201686680316925,False,sampled_upper_bound,1178
13,seament,3,120,0.42008715867996216,False,sampled_upper_bound,2269
13,seament,3,180,0.4017437063091343,True,exact_final_best_already_reached,3352
13,seament,3,240,0.4017437063091343,True,exact_final,4411
13,seament,4,15,0.17903253436088562,False,sampled_upper_bound,423
13,seament,4,30,-0.07011207193136215,False,sampled_upper_bound,950
13,seament,4,60,-0.09457585960626602,False,sampled_upper_bound,1996
13,seament,4,120,-0.12543165683746338,False,sampled_upper_bound,4092
13,seament,4,180,-0.1709381639957428,False,sampled_upper_bound,6178
13,seament,4,240,-0.20277575986982765,True,exact_final,8273
13,seament,5,15,0.4219295084476471,False,sampled_upper_bound,350
13,seament,5,30,0.42052388191223145,False,sampled_upper_bound,639
13,seament,5,60,0.42026442289352417,False,sampled_upper_bound,1202
13,seament,5,120,0.4201617860914981,True,exact_final_best_already_reached,2329
13,seament,5,180,0.4201617860914981,True,exact_final_best_already_reached,3653
13,seament,5,240,0.4201617860914981,True,exact_final,4769
13,seament,6,15,0.4153815507888794,False,sampled_upper_bound,415
13,seament,6,30,0.4111447036266327,False,sampled_upper_bound,842
13,seament,6,60,0.41101568937301636,False,sampled_upper_bound,1643
13,seament,6,120,0.4109797477722168,False,sampled_upper_bound,3286
13,seament,6,180,0.4109797477722168,False,sampled_upper_bound,5461
13,seament,6,240,0.12797359199214217,True,exact_final,7636
13,seament,7,15,0.4109412431716919,False,sampled_upper_bound,260
13,seament,7,30,0.40947625041007996,False,sampled_upper_bound,531
13,seament,7,60,0.40824705362319946,False,sampled_upper_bound,1137
13,seament,7,120,0.40755313634872437,False,sampled_upper_bound,2416
13,seament,7,180,0.4074555039405823,False,sampled_upper_bound,3527
13,seament,7,240,0.4071841287101265,True,exact_final,4622
13,seament,8,15,0.42527005076408386,False,sampled_upper_bound,281
13,seament,8,30,0.4245493710041046,False,sampled_upper_bound,533
13,seament,8,60,0.4237169921398163,False,sampled_upper_bound,1068
13,seament,8,120,0.4230515956878662,False,sampled_upper_bound,2122
13,seament,8,180,0.1406699277876586,True,exact_final_best_already_reached,3162
13,seament,8,240,0.1406699277876586,True,exact_final,4223
13,seament,9,15,0.5549331903457642,False,sampled_upper_bound,356
13,seament,9,30,0.5328273177146912,False,sampled_upper_bound,857
13,seament,9,60,0.5328273177146912,False,sampled_upper_bound,1906
13,seament,9,120,0.5274233818054199,False,sampled_upper_bound,3796
13,seament,9,180,0.5260794758796692,False,sampled_upper_bound,5268
13,seament,9,240,0.42053370253643657,True,exact_final,6433
13,seament,10,15,0.4090927541255951,False,sampled_upper_bound,226
13,seament,10,30,0.4076552987098694,False,sampled_upper_bound,487
13,seament,10,60,0.39399513602256775,False,sampled_upper_bound,1004
13,seament,10,120,0.39297425746917725,False,sampled_upper_bound,2046
13,seament,10,180,0.39290860295295715,False,sampled_upper_bound,3095
13,seament,10,240,0.07851334087065871,True,exact_final,4137
14,bgkang,1,15,0.8230830430984497,False,sampled_upper_bound,627
14,bgkang,1,30,0.7834437489509583,False,sampled_upper_bound,1232
14,bgkang,1,60,0.7621076703071594,False,sampled_upper_bound,2465
14,bgkang,1,120,0.1827571541070938,False,sampled_upper_bound,4306
14,bgkang,1,180,0.1673116236925125,False,sampled_upper_bound,5558
14,bgkang,1,240,0.16336521816840352,True,exact_final,6819
14,bgkang,2,15,0.8833756446838379,False,sampled_upper_bound,555
14,bgkang,2,30,0.8570107221603394,False,sampled_upper_bound,1170
14,bgkang,2,60,0.8570107221603394,False,sampled_upper_bound,2281
14,bgkang,2,120,0.29633376002311707,False,sampled_upper_bound,4058
14,bgkang,2,180,0.293309605002723,True,exact_final_best_already_reached,5279
14,bgkang,2,240,0.293309605002723,True,exact_final,6504
14,bgkang,3,15,0.6916335225105286,False,sampled_upper_bound,599
14,bgkang,3,30,0.6916335225105286,False,sampled_upper_bound,1215
14,bgkang,3,60,0.5426562428474426,False,sampled_upper_bound,2557
14,bgkang,3,120,0.16373145580291748,False,sampled_upper_bound,4419
14,bgkang,3,180,0.16295480728149414,False,sampled_upper_bound,5685
14,bgkang,3,240,0.1601325492242471,True,exact_final,6949
14,bgkang,4,15,0.9409282803535461,False,sampled_upper_bound,585
14,bgkang,4,30,0.7641850113868713,False,sampled_upper_bound,1181
14,bgkang,4,60,0.7258628606796265,False,sampled_upper_bound,2322
14,bgkang,4,120,0.1771066039800644,False,sampled_upper_bound,4004
14,bgkang,4,180,0.17547862231731415,False,sampled_upper_bound,5292
14,bgkang,4,240,0.17385610548803485,True,exact_final,6562
14,bgkang,5,15,0.7863075137138367,False,sampled_upper_bound,568
14,bgkang,5,30,0.7863075137138367,False,sampled_upper_bound,1210
14,bgkang,5,60,0.7313930988311768,False,sampled_upper_bound,2398
14,bgkang,5,120,0.22605638206005096,False,sampled_upper_bound,4201
14,bgkang,5,180,0.21819196973134158,True,exact_final_best_already_reached,5608
14,bgkang,5,240,0.21819196973134158,True,exact_final,6997
14,bgkang,6,15,0.7514258027076721,False,sampled_upper_bound,623
14,bgkang,6,30,0.6765762567520142,False,sampled_upper_bound,1170
14,bgkang,6,60,0.5352875590324402,False,sampled_upper_bound,2098
14,bgkang,6,120,0.4085971713066101,False,sampled_upper_bound,3762
14,bgkang,6,180,0.4084416329860687,False,sampled_upper_bound,5025
14,bgkang,6,240,0.4081652119330103,True,exact_final,6287
14,bgkang,7,15,0.6183099150657654,False,sampled_upper_bound,560
14,bgkang,7,30,0.6183099150657654,False,sampled_upper_bound,1081
14,bgkang,7,60,0.5038175582885742,False,sampled_upper_bound,2305
14,bgkang,7,120,0.41244760155677795,False,sampled_upper_bound,3993
14,bgkang,7,180,0.4122312068939209,False,sampled_upper_bound,5263
14,bgkang,7,240,0.41196881233700106,True,exact_final,6511
14,bgkang,8,15,0.7532076239585876,False,sampled_upper_bound,471
14,bgkang,8,30,0.7532076239585876,False,sampled_upper_bound,1015
14,bgkang,8,60,0.6681633591651917,False,sampled_upper_bound,2309
14,bgkang,8,120,0.16078263521194458,False,sampled_upper_bound,4139
14,bgkang,8,180,0.15318527817726135,False,sampled_upper_bound,5388
14,bgkang,8,240,0.15121665437449694,True,exact_final,6608
14,bgkang,9,15,1.798640489578247,False,sampled_upper_bound,517
14,bgkang,9,30,1.0145057439804077,False,sampled_upper_bound,1039
14,bgkang,9,60,0.5483968257904053,False,sampled_upper_bound,2308
14,bgkang,9,120,0.3505904972553253,False,sampled_upper_bound,4045
14,bgkang,9,180,0.31955909729003906,False,sampled_upper_bound,5256
14,bgkang,9,240,0.31557268098284175,True,exact_final,6439
14,bgkang,10,15,0.8502858877182007,False,sampled_upper_bound,591
14,bgkang,10,30,0.7770847678184509,False,sampled_upper_bound,1142
14,bgkang,10,60,0.6269508004188538,False,sampled_upper_bound,2334
14,bgkang,10,120,0.15171514451503754,False,sampled_upper_bound,4196
14,bgkang,10,180,0.1510670930147171,False,sampled_upper_bound,5444
14,bgkang,10,240,0.15047729694168807,True,exact_final,6697
15,hcxyz,1,15,0.5427841544151306,False,sampled_upper_bound,361
15,hcxyz,1,30,0.532651960849762,False,sampled_upper_bound,915
15,hcxyz,1,60,0.532651960849762,False,sampled_upper_bound,2077
15,hcxyz,1,120,0.532651960849762,False,sampled_upper_bound,4441
15,hcxyz,1,180,0.532651960849762,False,sampled_upper_bound,6851
15,hcxyz,1,240,0.42235643383945026,True,exact_final,8709
15,hcxyz,2,15,0.08267202228307724,False,sampled_upper_bound,366
15,hcxyz,2,30,0.05238907411694527,False,sampled_upper_bound,1045
15,hcxyz,2,60,0.05201094225049019,False,sampled_upper_bound,2387
15,hcxyz,2,120,0.05201094225049019,False,sampled_upper_bound,5106
15,hcxyz,2,180,0.05201094225049019,False,sampled_upper_bound,7836
15,hcxyz,2,240,-0.31624011935355434,True,exact_final,9965
15,hcxyz,3,15,0.4416939318180084,False,sampled_upper_bound,305
15,hcxyz,3,30,0.40213507413864136,False,sampled_upper_bound,936
15,hcxyz,3,60,0.40213507413864136,False,sampled_upper_bound,2072
15,hcxyz,3,120,0.40213507413864136,False,sampled_upper_bound,4246
15,hcxyz,3,180,0.40213507413864136,False,sampled_upper_bound,6450
15,hcxyz,3,240,0.31892395446468114,True,exact_final,8300
15,hcxyz,4,15,0.4276673197746277,False,sampled_upper_bound,301
15,hcxyz,4,30,0.41386523842811584,False,sampled_upper_bound,883
15,hcxyz,4,60,0.41386523842811584,False,sampled_upper_bound,1920
15,hcxyz,4,120,0.3823656141757965,False,sampled_upper_bound,4064
15,hcxyz,4,180,0.3823656141757965,False,sampled_upper_bound,6211
15,hcxyz,4,240,0.3364802839859046,True,exact_final,8235
15,hcxyz,5,15,0.22146211564540863,False,sampled_upper_bound,372
15,hcxyz,5,30,0.05685301125049591,False,sampled_upper_bound,1116
15,hcxyz,5,60,0.05685301125049591,False,sampled_upper_bound,2605
15,hcxyz,5,120,0.05685301125049591,False,sampled_upper_bound,5534
15,hcxyz,5,180,0.05685301125049591,False,sampled_upper_bound,8486
15,hcxyz,5,240,0.011701222758494894,True,exact_final,10948
15,hcxyz,6,15,0.2601945102214813,False,sampled_upper_bound,439
15,hcxyz,6,30,0.2338276356458664,False,sampled_upper_bound,1178
15,hcxyz,6,60,0.2338276356458664,False,sampled_upper_bound,2338
15,hcxyz,6,120,0.2338276356458664,False,sampled_upper_bound,4633
15,hcxyz,6,180,0.2338276356458664,False,sampled_upper_bound,6852
15,hcxyz,6,240,0.19529237235668248,True,exact_final,9085
15,hcxyz,7,15,0.4499582052230835,False,sampled_upper_bound,461
15,hcxyz,7,30,0.4410982131958008,False,sampled_upper_bound,1203
15,hcxyz,7,60,0.4410982131958008,False,sampled_upper_bound,2669
15,hcxyz,7,120,0.4410982131958008,False,sampled_upper_bound,5663
15,hcxyz,7,180,0.4410982131958008,False,sampled_upper_bound,8630
15,hcxyz,7,240,0.41238875247864903,True,exact_final,10696
15,hcxyz,8,15,0.5950892567634583,False,sampled_upper_bound,395
15,hcxyz,8,30,0.5950892567634583,False,sampled_upper_bound,1004
15,hcxyz,8,60,0.5950892567634583,False,sampled_upper_bound,2265
15,hcxyz,8,120,0.5950892567634583,False,sampled_upper_bound,4783
15,hcxyz,8,180,0.5950892567634583,False,sampled_upper_bound,7354
15,hcxyz,8,240,0.4292156969100162,True,exact_final,9537
15,hcxyz,9,15,0.3366680443286896,False,sampled_upper_bound,295
15,hcxyz,9,30,0.3331272304058075,False,sampled_upper_bound,836
15,hcxyz,9,60,0.3331272304058075,False,sampled_upper_bound,1959
15,hcxyz,9,120,0.3331272304058075,False,sampled_upper_bound,4129
15,hcxyz,9,180,0.33311134576797485,False,sampled_upper_bound,6310
15,hcxyz,9,240,0.31434550860847277,True,exact_final,8219
15,hcxyz,10,15,0.4203846752643585,False,sampled_upper_bound,319
15,hcxyz,10,30,0.3696514070034027,False,sampled_upper_bound,868
15,hcxyz,10,60,0.3696514070034027,False,sampled_upper_bound,1967
15,hcxyz,10,120,0.3696514070034027,False,sampled_upper_bound,4131
15,hcxyz,10,180,0.3696514070034027,False,sampled_upper_bound,6296
15,hcxyz,10,240,0.3456841089497461,True,exact_final,8401
16,chengwei_chu,1,15,0.44215086102485657,False,sampled_upper_bound,671
16,chengwei_chu,1,30,0.42922279238700867,False,sampled_upper_bound,1505
16,chengwei_chu,1,60,0.42331361770629883,False,sampled_upper_bound,3160
16,chengwei_chu,1,120,0.42185187339782715,False,sampled_upper_bound,6491
16,chengwei_chu,1,180,0.4200040102005005,False,sampled_upper_bound,9870
16,chengwei_chu,1,240,0.4193406365357216,True,exact_final,13229
16,chengwei_chu,2,15,0.12101086974143982,False,sampled_upper_bound,729
16,chengwei_chu,2,30,-0.039292432367801666,False,sampled_upper_bound,1539
16,chengwei_chu,2,60,-0.09995391964912415,False,sampled_upper_bound,3207
16,chengwei_chu,2,120,-0.20464321970939636,False,sampled_upper_bound,6681
16,chengwei_chu,2,180,-0.22827664017677307,False,sampled_upper_bound,10256
16,chengwei_chu,2,240,-0.23775168827615453,True,exact_final,13868
16,chengwei_chu,3,15,0.4546237885951996,False,sampled_upper_bound,670
16,chengwei_chu,3,30,0.4546237885951996,False,sampled_upper_bound,1446
16,chengwei_chu,3,60,0.4546237885951996,False,sampled_upper_bound,2994
16,chengwei_chu,3,120,0.4546237885951996,False,sampled_upper_bound,6126
16,chengwei_chu,3,180,0.4256833791732788,False,sampled_upper_bound,9330
16,chengwei_chu,3,240,0.42275306347960045,True,exact_final,12429
16,chengwei_chu,4,15,0.47197866439819336,False,sampled_upper_bound,835
16,chengwei_chu,4,30,0.47197866439819336,False,sampled_upper_bound,1812
16,chengwei_chu,4,60,0.47197866439819336,False,sampled_upper_bound,3783
16,chengwei_chu,4,120,0.42874544858932495,False,sampled_upper_bound,7713
16,chengwei_chu,4,180,0.3154206871986389,False,sampled_upper_bound,11561
16,chengwei_chu,4,240,0.2819913703831534,True,exact_final,15368
16,chengwei_chu,5,15,0.5017573833465576,False,sampled_upper_bound,847
16,chengwei_chu,5,30,0.46052873134613037,False,sampled_upper_bound,1846
16,chengwei_chu,5,60,0.46052873134613037,False,sampled_upper_bound,3878
16,chengwei_chu,5,120,0.43472257256507874,False,sampled_upper_bound,7980
16,chengwei_chu,5,180,0.4228714406490326,False,sampled_upper_bound,12086
16,chengwei_chu,5,240,0.4215786108240673,True,exact_final,16189
16,chengwei_chu,6,15,-0.2096494883298874,False,sampled_upper_bound,782
16,chengwei_chu,6,30,-0.2096494883298874,False,sampled_upper_bound,1706
16,chengwei_chu,6,60,-0.2096494883298874,False,sampled_upper_bound,3592
16,chengwei_chu,6,120,-0.2096494883298874,False,sampled_upper_bound,7390
16,chengwei_chu,6,180,-0.3306480348110199,False,sampled_upper_bound,11157
16,chengwei_chu,6,240,-0.42336395217821277,True,exact_final,14862
16,chengwei_chu,7,15,0.7254787683486938,False,sampled_upper_bound,824
16,chengwei_chu,7,30,0.7254787683486938,False,sampled_upper_bound,1800
16,chengwei_chu,7,60,0.7162560224533081,False,sampled_upper_bound,3730
16,chengwei_chu,7,120,0.6843884587287903,False,sampled_upper_bound,7604
16,chengwei_chu,7,180,0.662304162979126,False,sampled_upper_bound,11554
16,chengwei_chu,7,240,0.6523695313262374,True,exact_final,15552
16,chengwei_chu,8,15,0.4487212002277374,False,sampled_upper_bound,716
16,chengwei_chu,8,30,0.4484385848045349,False,sampled_upper_bound,1555
16,chengwei_chu,8,60,0.4455930292606354,False,sampled_upper_bound,3231
16,chengwei_chu,8,120,0.44105222821235657,False,sampled_upper_bound,6636
16,chengwei_chu,8,180,0.4339638352394104,False,sampled_upper_bound,10051
16,chengwei_chu,8,240,0.4303692344601733,True,exact_final,13502
16,chengwei_chu,9,15,0.7189866900444031,False,sampled_upper_bound,499
16,chengwei_chu,9,30,0.6604938507080078,False,sampled_upper_bound,1046
16,chengwei_chu,9,60,0.5420635938644409,False,sampled_upper_bound,2850
16,chengwei_chu,9,120,0.4273954927921295,False,sampled_upper_bound,6442
16,chengwei_chu,9,180,0.42046865820884705,False,sampled_upper_bound,10005
16,chengwei_chu,9,240,0.4152408761903401,True,exact_final,13565
16,chengwei_chu,10,15,0.3588145077228546,False,sampled_upper_bound,751
16,chengwei_chu,10,30,0.3501603305339813,False,sampled_upper_bound,1663
16,chengwei_chu,10,60,0.30256929993629456,False,sampled_upper_bound,3475
16,chengwei_chu,10,120,0.2667277753353119,False,sampled_upper_bound,7134
16,chengwei_chu,10,180,0.25048550963401794,False,sampled_upper_bound,10807
16,chengwei_chu,10,240,0.2373414933365667,True,exact_final,14455
17,ksj03,1,15,1.0620834827423096,False,sampled_upper_bound,536
17,ksj03,1,30,0.4534101188182831,False,sampled_upper_bound,1262
17,ksj03,1,60,0.4420129656791687,False,sampled_upper_bound,2793
17,ksj03,1,120,0.44091930985450745,False,sampled_upper_bound,5498
17,ksj03,1,180,0.44091930985450745,False,sampled_upper_bound,8259
17,ksj03,1,240,0.42220495688291104,True,exact_final,10156
17,ksj03,2,15,3.805447816848755,False,sampled_upper_bound,498
17,ksj03,2,30,0.603331446647644,False,sampled_upper_bound,1196
17,ksj03,2,60,0.41535165905952454,False,sampled_upper_bound,2798
17,ksj03,2,120,0.41535165905952454,False,sampled_upper_bound,5688
17,ksj03,2,180,0.41535165905952454,False,sampled_upper_bound,8589
17,ksj03,2,240,0.4074747782403436,True,exact_final,10484
17,ksj03,3,15,2.931485176086426,False,sampled_upper_bound,560
17,ksj03,3,30,0.7922496199607849,False,sampled_upper_bound,1249
17,ksj03,3,60,0.4284476637840271,False,sampled_upper_bound,2813
17,ksj03,3,120,0.4236316978931427,False,sampled_upper_bound,5825
17,ksj03,3,180,0.4236316978931427,False,sampled_upper_bound,8619
17,ksj03,3,240,0.3528514047553601,True,exact_final,10541
17,ksj03,4,15,2.6597771644592285,False,sampled_upper_bound,552
17,ksj03,4,30,0.5743986964225769,False,sampled_upper_bound,1270
17,ksj03,4,60,0.5555040240287781,False,sampled_upper_bound,3039
17,ksj03,4,120,0.07195984572172165,False,sampled_upper_bound,6302
17,ksj03,4,180,0.06193525344133377,False,sampled_upper_bound,9365
17,ksj03,4,240,-0.01564264226074224,True,exact_final,11398
17,ksj03,5,15,1.8366801738739014,False,sampled_upper_bound,692
17,ksj03,5,30,0.8623161315917969,False,sampled_upper_bound,1554
17,ksj03,5,60,0.5920974612236023,False,sampled_upper_bound,3217
17,ksj03,5,120,0.5856106877326965,False,sampled_upper_bound,4356
17,ksj03,5,180,0.43248239159584045,False,sampled_upper_bound,6710
17,ksj03,5,240,0.4116613705347199,True,exact_final,8951
17,ksj03,6,15,2.146087169647217,False,sampled_upper_bound,543
17,ksj03,6,30,0.47910645604133606,False,sampled_upper_bound,1235
17,ksj03,6,60,0.11459473520517349,False,sampled_upper_bound,2814
17,ksj03,6,120,0.07136184722185135,False,sampled_upper_bound,6019
17,ksj03,6,180,0.07136184722185135,False,sampled_upper_bound,9259
17,ksj03,6,240,-0.07081900007108534,True,exact_final,11346
17,ksj03,7,15,1.385623812675476,False,sampled_upper_bound,672
17,ksj03,7,30,0.45696374773979187,False,sampled_upper_bound,1482
17,ksj03,7,60,0.45607703924179077,False,sampled_upper_bound,3124
17,ksj03,7,120,0.4546918570995331,False,sampled_upper_bound,6333
17,ksj03,7,180,0.4546918570995331,False,sampled_upper_bound,9658
17,ksj03,7,240,0.448050763514841,True,exact_final,11712
17,ksj03,8,15,3.785983085632324,False,sampled_upper_bound,451
17,ksj03,8,30,0.7013360857963562,False,sampled_upper_bound,1064
17,ksj03,8,60,0.6623218059539795,False,sampled_upper_bound,2625
17,ksj03,8,120,0.2434878945350647,False,sampled_upper_bound,5362
17,ksj03,8,180,0.22761964797973633,False,sampled_upper_bound,8381
17,ksj03,8,240,0.17978230715925492,True,exact_final,10324
17,ksj03,9,15,2.8543026447296143,False,sampled_upper_bound,530
17,ksj03,9,30,0.8750629425048828,False,sampled_upper_bound,1222
17,ksj03,9,60,0.5417614579200745,False,sampled_upper_bound,2888
17,ksj03,9,120,0.5417614579200745,False,sampled_upper_bound,6009
17,ksj03,9,180,0.4143727421760559,False,sampled_upper_bound,9025
17,ksj03,9,240,0.22547003619679398,True,exact_final,11067
17,ksj03,10,15,1.9931488037109375,False,sampled_upper_bound,585
17,ksj03,10,30,1.3450177907943726,False,sampled_upper_bound,1169
17,ksj03,10,60,1.1103534698486328,False,sampled_upper_bound,2461
17,ksj03,10,120,0.7495777010917664,False,sampled_upper_bound,5149
17,ksj03,10,180,0.40378203988075256,False,sampled_upper_bound,7883
17,ksj03,10,240,0.3583485627445894,True,exact_final,9766
18,exirifard,1,15,0.8807637095451355,False,sampled_upper_bound,619
18,exirifard,1,30,0.8161476254463196,False,sampled_upper_bound,1025
18,exirifard,1,60,0.6833116412162781,False,sampled_upper_bound,2225
18,exirifard,1,120,0.6335222125053406,False,sampled_upper_bound,5023
18,exirifard,1,180,0.6335222125053406,False,sampled_upper_bound,7934
18,exirifard,1,240,0.3583625246314264,True,exact_final,10901
18,exirifard,2,15,0.7269688844680786,False,sampled_upper_bound,567
18,exirifard,2,30,0.7111126780509949,False,sampled_upper_bound,1252
18,exirifard,2,60,0.6731113195419312,False,sampled_upper_bound,2461
18,exirifard,2,120,0.5189791917800903,False,sampled_upper_bound,5269
18,exirifard,2,180,0.4599413573741913,False,sampled_upper_bound,7201
18,exirifard,2,240,0.3479439226368575,True,exact_final,10099
18,exirifard,3,15,0.5247713923454285,False,sampled_upper_bound,390
18,exirifard,3,30,0.5192030668258667,False,sampled_upper_bound,884
18,exirifard,3,60,0.5134655833244324,False,sampled_upper_bound,1950
18,exirifard,3,120,0.5134655833244324,False,sampled_upper_bound,3802
18,exirifard,3,180,0.5027589797973633,False,sampled_upper_bound,5578
18,exirifard,3,240,0.37763757230616113,True,exact_final,8219
18,exirifard,4,15,0.4747856855392456,False,sampled_upper_bound,556
18,exirifard,4,30,0.45601126551628113,False,sampled_upper_bound,1272
18,exirifard,4,60,0.4121008515357971,False,sampled_upper_bound,2551
18,exirifard,4,120,0.4055451452732086,False,sampled_upper_bound,5362
18,exirifard,4,180,0.4055451452732086,False,sampled_upper_bound,8028
18,exirifard,4,240,0.34758767961770287,True,exact_final,10985
18,exirifard,5,15,0.5634816288948059,False,sampled_upper_bound,788
18,exirifard,5,30,0.49711722135543823,False,sampled_upper_bound,1612
18,exirifard,5,60,0.49711722135543823,False,sampled_upper_bound,3290
18,exirifard,5,120,0.49711722135543823,False,sampled_upper_bound,6511
18,exirifard,5,180,0.49711722135543823,False,sampled_upper_bound,8489
18,exirifard,5,240,0.42185714243925226,True,exact_final,11703
18,exirifard,6,15,0.7342730760574341,False,sampled_upper_bound,597
18,exirifard,6,30,0.5268498659133911,False,sampled_upper_bound,1369
18,exirifard,6,60,0.46991461515426636,False,sampled_upper_bound,3064
18,exirifard,6,120,0.21478472650051117,False,sampled_upper_bound,6234
18,exirifard,6,180,-0.08452770113945007,False,sampled_upper_bound,9472
18,exirifard,6,240,-0.12547624279762476,True,exact_final,12631
18,exirifard,7,15,0.7976534366607666,False,sampled_upper_bound,571
18,exirifard,7,30,0.39102524518966675,False,sampled_upper_bound,1132
18,exirifard,7,60,0.32913264632225037,False,sampled_upper_bound,2484
18,exirifard,7,120,0.32589173316955566,False,sampled_upper_bound,5423
18,exirifard,7,180,0.32530856132507324,False,sampled_upper_bound,8352
18,exirifard,7,240,0.29918252906046106,True,exact_final,11507
18,exirifard,8,15,3.5651867389678955,False,sampled_upper_bound,341
18,exirifard,8,30,3.5651867389678955,False,sampled_upper_bound,683
18,exirifard,8,60,0.6721863150596619,False,sampled_upper_bound,1791
18,exirifard,8,120,0.6414625644683838,False,sampled_upper_bound,4441
18,exirifard,8,180,0.6388458609580994,False,sampled_upper_bound,7524
18,exirifard,8,240,0.15646612306211313,True,exact_final,10458
18,exirifard,9,15,0.7427951693534851,False,sampled_upper_bound,413
18,exirifard,9,30,0.6720152497291565,False,sampled_upper_bound,723
18,exirifard,9,60,0.6602118611335754,False,sampled_upper_bound,1831
18,exirifard,9,120,0.5011290311813354,False,sampled_upper_bound,3355
18,exirifard,9,180,0.4914770722389221,False,sampled_upper_bound,5559
18,exirifard,9,240,0.37646445759220326,True,exact_final,7123
18,exirifard,10,15,1.3574965000152588,False,sampled_upper_bound,459
18,exirifard,10,30,1.225347638130188,False,sampled_upper_bound,1028
18,exirifard,10,60,0.8147079944610596,False,sampled_upper_bound,2411
18,exirifard,10,120,0.802209198474884,False,sampled_upper_bound,5132
18,exirifard,10,180,0.4574940800666809,False,sampled_upper_bound,7632
18,exirifard,10,240,0.41831194714391584,True,exact_final,10273
19,miscusi,1,15,0.7240924835205078,False,sampled_upper_bound,688
19,miscusi,1,30,0.7083669900894165,False,sampled_upper_bound,1334
19,miscusi,1,60,0.571770191192627,False,sampled_upper_bound,2535
19,miscusi,1,120,0.39747077226638794,False,sampled_upper_bound,5097
19,miscusi,1,180,0.23969946801662445,False,sampled_upper_bound,7632
19,miscusi,1,240,0.21551824080676668,True,exact_final,10102
19,miscusi,2,15,3.8791308403015137,False,sampled_upper_bound,617
19,miscusi,2,30,2.3838934898376465,False,sampled_upper_bound,1120
19,miscusi,2,60,1.008893609046936,False,sampled_upper_bound,2392
19,miscusi,2,120,0.6742594838142395,False,sampled_upper_bound,4733
19,miscusi,2,180,0.37783142924308777,False,sampled_upper_bound,7104
19,miscusi,2,240,0.36751198931657725,True,exact_final,9988
19,miscusi,3,15,0.5602231621742249,False,sampled_upper_bound,664
19,miscusi,3,30,0.5319778919219971,False,sampled_upper_bound,1343
19,miscusi,3,60,0.4431966245174408,False,sampled_upper_bound,2930
19,miscusi,3,120,0.3345215320587158,False,sampled_upper_bound,5761
19,miscusi,3,180,0.21728290617465973,False,sampled_upper_bound,8610
19,miscusi,3,240,0.1970956950868424,True,exact_final,11895
19,miscusi,4,15,1.2411398887634277,False,sampled_upper_bound,662
19,miscusi,4,30,0.916949987411499,False,sampled_upper_bound,1325
19,miscusi,4,60,0.548105776309967,False,sampled_upper_bound,2629
19,miscusi,4,120,0.5449877977371216,False,sampled_upper_bound,5214
19,miscusi,4,180,0.5197171568870544,False,sampled_upper_bound,8067
19,miscusi,4,240,0.5090441300169808,True,exact_final,11147
19,miscusi,5,15,1.9042614698410034,False,sampled_upper_bound,874
19,miscusi,5,30,1.3350869417190552,False,sampled_upper_bound,1684
19,miscusi,5,60,1.2075306177139282,False,sampled_upper_bound,3219
19,miscusi,5,120,0.44723665714263916,False,sampled_upper_bound,6375
19,miscusi,5,180,0.4402967691421509,False,sampled_upper_bound,9523
19,miscusi,5,240,0.4311289315679165,True,exact_final,12721
19,miscusi,6,15,0.7625621557235718,False,sampled_upper_bound,660
19,miscusi,6,30,0.7161796689033508,False,sampled_upper_bound,1332
19,miscusi,6,60,0.6989049911499023,False,sampled_upper_bound,2713
19,miscusi,6,120,0.3782680928707123,False,sampled_upper_bound,6261
19,miscusi,6,180,0.37530025839805603,False,sampled_upper_bound,9618
19,miscusi,6,240,0.36744645825023564,True,exact_final,12991
19,miscusi,7,15,0.9714956879615784,False,sampled_upper_bound,679
19,miscusi,7,30,0.6094743013381958,False,sampled_upper_bound,1311
19,miscusi,7,60,0.5635265707969666,False,sampled_upper_bound,2730
19,miscusi,7,120,0.549798309803009,False,sampled_upper_bound,5449
19,miscusi,7,180,0.48830142617225647,False,sampled_upper_bound,8464
19,miscusi,7,240,0.40502090886667524,True,exact_final,11585
19,miscusi,8,15,0.42224740982055664,False,sampled_upper_bound,662
19,miscusi,8,30,0.3980373442173004,False,sampled_upper_bound,1330
19,miscusi,8,60,0.36120831966400146,False,sampled_upper_bound,2513
19,miscusi,8,120,-0.024752425029873848,False,sampled_upper_bound,5130
19,miscusi,8,180,-0.17388953268527985,False,sampled_upper_bound,8119
19,miscusi,8,240,-0.21603245389220455,True,exact_final,11208
19,miscusi,9,15,0.8896089792251587,False,sampled_upper_bound,658
19,miscusi,9,30,0.6877014636993408,False,sampled_upper_bound,1343
19,miscusi,9,60,0.5427033305168152,False,sampled_upper_bound,2748
19,miscusi,9,120,0.4751450717449188,False,sampled_upper_bound,5655
19,miscusi,9,180,0.40530723333358765,False,sampled_upper_bound,8553
19,miscusi,9,240,0.39767101391829457,True,exact_final,11279
19,miscusi,10,15,1.1450103521347046,False,sampled_upper_bound,692
19,miscusi,10,30,1.0292702913284302,False,sampled_upper_bound,1311
19,miscusi,10,60,0.7104409337043762,False,sampled_upper_bound,2609
19,miscusi,10,120,0.454939067363739,False,sampled_upper_bound,5345
19,miscusi,10,180,0.4236743748188019,False,sampled_upper_bound,8332
19,miscusi,10,240,0.4158177388558136,True,exact_final,11500
20,damnit,1,15,0.32272958755493164,False,sampled_upper_bound,813
20,damnit,1,30,0.31272608041763306,False,sampled_upper_bound,1627
20,damnit,1,60,0.31272608041763306,False,sampled_upper_bound,2911
20,damnit,1,120,0.31272608041763306,False,sampled_upper_bound,5407
20,damnit,1,180,0.31272608041763306,False,sampled_upper_bound,7774
20,damnit,1,240,0.272803522506863,True,exact_final,10425
20,damnit,2,15,0.48616740107536316,False,sampled_upper_bound,772
20,damnit,2,30,0.48268601298332214,False,sampled_upper_bound,1519
20,damnit,2,60,0.48268601298332214,False,sampled_upper_bound,2738
20,damnit,2,120,0.48268601298332214,False,sampled_upper_bound,4897
20,damnit,2,180,0.48268601298332214,False,sampled_upper_bound,7294
20,damnit,2,240,0.4708722474909851,True,exact_final,10039
20,damnit,3,15,0.29545825719833374,False,sampled_upper_bound,801
20,damnit,3,30,0.29545825719833374,False,sampled_upper_bound,1598
20,damnit,3,60,0.29545825719833374,False,sampled_upper_bound,2832
20,damnit,3,120,0.29545825719833374,False,sampled_upper_bound,5385
20,damnit,3,180,0.29545825719833374,False,sampled_upper_bound,8213
20,damnit,3,240,0.2210188195046856,True,exact_final,11116
20,damnit,4,15,0.2292291820049286,False,sampled_upper_bound,816
20,damnit,4,30,0.2292291820049286,False,sampled_upper_bound,1342
20,damnit,4,60,0.2292291820049286,False,sampled_upper_bound,2318
20,damnit,4,120,0.2292291820049286,False,sampled_upper_bound,4516
20,damnit,4,180,0.2292291820049286,False,sampled_upper_bound,7097
20,damnit,4,240,0.20996875213868238,True,exact_final,10090
20,damnit,5,15,0.4970102608203888,False,sampled_upper_bound,941
20,damnit,5,30,0.4970102608203888,False,sampled_upper_bound,1924
20,damnit,5,60,0.4970102608203888,False,sampled_upper_bound,3905
20,damnit,5,120,0.4970102608203888,False,sampled_upper_bound,7743
20,damnit,5,180,0.4970102608203888,False,sampled_upper_bound,11580
20,damnit,5,240,0.47735004122524644,True,exact_final,15381
20,damnit,6,15,0.25362786650657654,False,sampled_upper_bound,813
20,damnit,6,30,0.25362786650657654,False,sampled_upper_bound,1772
20,damnit,6,60,0.25362786650657654,False,sampled_upper_bound,3573
20,damnit,6,120,0.25362786650657654,False,sampled_upper_bound,7251
20,damnit,6,180,0.22644397616386414,False,sampled_upper_bound,11287
20,damnit,6,240,0.194480392600655,True,exact_final,15299
20,damnit,7,15,0.4832043945789337,False,sampled_upper_bound,894
20,damnit,7,30,0.4832043945789337,False,sampled_upper_bound,1766
20,damnit,7,60,0.4832043945789337,False,sampled_upper_bound,3522
20,damnit,7,120,0.4832043945789337,False,sampled_upper_bound,7065
20,damnit,7,180,0.4832043945789337,False,sampled_upper_bound,10578
20,damnit,7,240,0.47727882436012153,True,exact_final,13918
20,damnit,8,15,0.24831198155879974,False,sampled_upper_bound,819
20,damnit,8,30,0.24831198155879974,False,sampled_upper_bound,1659
20,damnit,8,60,0.24454964697360992,False,sampled_upper_bound,3307
20,damnit,8,120,0.23634684085845947,False,sampled_upper_bound,6185
20,damnit,8,180,0.23634684085845947,False,sampled_upper_bound,9059
20,damnit,8,240,0.21161115330275007,True,exact_final,11670
20,damnit,9,15,0.4866649806499481,False,sampled_upper_bound,794
20,damnit,9,30,0.4866649806499481,False,sampled_upper_bound,1575
20,damnit,9,60,0.4866649806499481,False,sampled_upper_bound,2945
20,damnit,9,120,0.4866649806499481,False,sampled_upper_bound,5594
20,damnit,9,180,0.4866649806499481,False,sampled_upper_bound,8460
20,damnit,9,240,0.4735220222053619,True,exact_final,11308
20,damnit,10,15,0.25122886896133423,False,sampled_upper_bound,831
20,damnit,10,30,0.25122886896133423,False,sampled_upper_bound,1618
20,damnit,10,60,0.25122886896133423,False,sampled_upper_bound,3240
20,damnit,10,120,0.25122886896133423,False,sampled_upper_bound,6427
20,damnit,10,180,0.25122886896133423,False,sampled_upper_bound,9700
20,damnit,10,240,0.2084791006740427,True,exact_final,13226
21,kevinknights29,1,15,0.694054365158081,False,sampled_upper_bound,257
21,kevinknights29,1,30,0.6834464073181152,False,sampled_upper_bound,513
21,kevinknights29,1,60,0.6763913035392761,False,sampled_upper_bound,983
21,kevinknights29,1,120,0.4371419847011566,False,sampled_upper_bound,1909
21,kevinknights29,1,180,0.37277230620384216,False,sampled_upper_bound,2966
21,kevinknights29,1,240,0.36838154931195144,True,exact_final,3993
21,kevinknights29,2,15,0.4680651128292084,False,sampled_upper_bound,300
21,kevinknights29,2,30,0.44630882143974304,False,sampled_upper_bound,610
21,kevinknights29,2,60,0.4213319718837738,False,sampled_upper_bound,1150
21,kevinknights29,2,120,0.4153911769390106,False,sampled_upper_bound,2032
21,kevinknights29,2,180,0.4012105166912079,False,sampled_upper_bound,3112
21,kevinknights29,2,240,0.28906720214981285,True,exact_final,4109
21,kevinknights29,3,15,4.120048999786377,False,sampled_upper_bound,224
21,kevinknights29,3,30,4.11106538772583,False,sampled_upper_bound,465
21,kevinknights29,3,60,4.11106538772583,False,sampled_upper_bound,865
21,kevinknights29,3,120,2.6943399906158447,False,sampled_upper_bound,1739
21,kevinknights29,3,180,1.1334218978881836,False,sampled_upper_bound,2568
21,kevinknights29,3,240,0.4140752667266293,True,exact_final,3702
21,kevinknights29,4,15,0.8550818562507629,False,sampled_upper_bound,315
21,kevinknights29,4,30,0.8322805762290955,False,sampled_upper_bound,624
21,kevinknights29,4,60,0.5028302073478699,False,sampled_upper_bound,1248
21,kevinknights29,4,120,0.3932463228702545,False,sampled_upper_bound,2409
21,kevinknights29,4,180,0.37763414363531633,True,exact_final_best_already_reached,3399
21,kevinknights29,4,240,0.37763414363531633,True,exact_final,4256
21,kevinknights29,5,15,2.776923894882202,False,sampled_upper_bound,95
21,kevinknights29,5,30,1.993050456047058,False,sampled_upper_bound,332
21,kevinknights29,5,60,1.993050456047058,False,sampled_upper_bound,882
21,kevinknights29,5,120,1.9572930335998535,False,sampled_upper_bound,1823
21,kevinknights29,5,180,1.946260690689087,False,sampled_upper_bound,2794
21,kevinknights29,5,240,0.48020326549773873,True,exact_final,3785
21,kevinknights29,6,15,0.09355122596025467,False,sampled_upper_bound,346
21,kevinknights29,6,30,0.09355122596025467,False,sampled_upper_bound,697
21,kevinknights29,6,60,0.08888260275125504,False,sampled_upper_bound,1257
21,kevinknights29,6,120,0.08281821656147895,True,exact_final_best_already_reached,2520
21,kevinknights29,6,180,0.08281821656147895,True,exact_final_best_already_reached,3568
21,kevinknights29,6,240,0.08281821656147895,True,exact_final,4641
21,kevinknights29,7,15,1.0421677827835083,False,sampled_upper_bound,334
21,kevinknights29,7,30,1.0421677827835083,False,sampled_upper_bound,554
21,kevinknights29,7,60,0.8873801231384277,False,sampled_upper_bound,1149
21,kevinknights29,7,120,0.6748612523078918,False,sampled_upper_bound,2250
21,kevinknights29,7,180,0.6708051562309265,False,sampled_upper_bound,3413
21,kevinknights29,7,240,0.6697044924949372,True,exact_final,4521
21,kevinknights29,8,15,0.47500166296958923,False,sampled_upper_bound,291
21,kevinknights29,8,30,0.44481149315834045,False,sampled_upper_bound,560
21,kevinknights29,8,60,0.44137486815452576,False,sampled_upper_bound,1076
21,kevinknights29,8,120,0.43340944555863076,True,exact_final_best_already_reached,2085
21,kevinknights29,8,180,0.43340944555863076,True,exact_final_best_already_reached,2901
21,kevinknights29,8,240,0.43340944555863076,True,exact_final,3773
21,kevinknights29,9,15,0.8558348417282104,False,sampled_upper_bound,276
21,kevinknights29,9,30,0.4370783269405365,False,sampled_upper_bound,559
21,kevinknights29,9,60,0.37778016924858093,False,sampled_upper_bound,1155
21,kevinknights29,9,120,0.37778016924858093,False,sampled_upper_bound,2044
21,kevinknights29,9,180,0.37778016924858093,False,sampled_upper_bound,3009
21,kevinknights29,9,240,0.3715391492839848,True,exact_final,3753
21,kevinknights29,10,15,0.5563170313835144,False,sampled_upper_bound,327
21,kevinknights29,10,30,-0.08797624707221985,False,sampled_upper_bound,652
21,kevinknights29,10,60,-0.16855520009994507,False,sampled_upper_bound,1273
21,kevinknights29,10,120,-0.18925292789936066,False,sampled_upper_bound,2096
21,kevinknights29,10,180,-0.1955632269383996,True,exact_final_best_already_reached,3244
21,kevinknights29,10,240,-0.1955632269383996,True,exact_final,4322
22,cameronspirals,1,15,0.674416720867157,False,sampled_upper_bound,205
22,cameronspirals,1,30,0.6185213327407837,False,sampled_upper_bound,496
22,cameronspirals,1,60,0.48804017901420593,False,sampled_upper_bound,1060
22,cameronspirals,1,120,0.345573365688324,False,sampled_upper_bound,2306
22,cameronspirals,1,180,0.33135107159614563,False,sampled_upper_bound,3553
22,cameronspirals,1,240,0.32937496334598854,True,exact_final,4802
22,cameronspirals,2,15,1.5633759498596191,False,sampled_upper_bound,198
22,cameronspirals,2,30,1.5633759498596191,False,sampled_upper_bound,353
22,cameronspirals,2,60,1.1099939346313477,False,sampled_upper_bound,750
22,cameronspirals,2,120,0.5142276287078857,False,sampled_upper_bound,2003
22,cameronspirals,2,180,0.4564815163612366,False,sampled_upper_bound,3233
22,cameronspirals,2,240,0.43905254190987597,True,exact_final,4391
22,cameronspirals,3,15,0.479701966047287,False,sampled_upper_bound,258
22,cameronspirals,3,30,0.46784135699272156,False,sampled_upper_bound,464
22,cameronspirals,3,60,0.43785983324050903,False,sampled_upper_bound,959
22,cameronspirals,3,120,0.42423373460769653,False,sampled_upper_bound,2062
22,cameronspirals,3,180,0.4197733700275421,False,sampled_upper_bound,3133
22,cameronspirals,3,240,0.4193024776607085,True,exact_final,4215
22,cameronspirals,4,15,0.6907194256782532,False,sampled_upper_bound,217
22,cameronspirals,4,30,0.5087341666221619,False,sampled_upper_bound,457
22,cameronspirals,4,60,0.43980008363723755,False,sampled_upper_bound,965
22,cameronspirals,4,120,0.4236197769641876,False,sampled_upper_bound,2001
22,cameronspirals,4,180,0.42198100686073303,False,sampled_upper_bound,2941
22,cameronspirals,4,240,0.410638842698054,True,exact_final,3891
22,cameronspirals,5,15,0.5329750180244446,False,sampled_upper_bound,128
22,cameronspirals,5,30,0.4543304741382599,False,sampled_upper_bound,338
22,cameronspirals,5,60,0.4191766679286957,False,sampled_upper_bound,779
22,cameronspirals,5,120,0.4091130495071411,False,sampled_upper_bound,2076
22,cameronspirals,5,180,0.4020952880382538,False,sampled_upper_bound,3363
22,cameronspirals,5,240,0.40041272242954584,True,exact_final,4693
22,cameronspirals,6,15,0.24684767425060272,False,sampled_upper_bound,278
22,cameronspirals,6,30,0.2180679589509964,False,sampled_upper_bound,609
22,cameronspirals,6,60,0.19013731181621552,False,sampled_upper_bound,1270
22,cameronspirals,6,120,0.17063508927822113,False,sampled_upper_bound,2584
22,cameronspirals,6,180,0.1654825359582901,False,sampled_upper_bound,3869
22,cameronspirals,6,240,0.1620289281050596,True,exact_final,5144
22,cameronspirals,7,15,1.4351856708526611,False,sampled_upper_bound,259
22,cameronspirals,7,30,0.726323664188385,False,sampled_upper_bound,570
22,cameronspirals,7,60,0.5405213832855225,False,sampled_upper_bound,1212
22,cameronspirals,7,120,0.4414867162704468,False,sampled_upper_bound,2570
22,cameronspirals,7,180,0.4379846751689911,False,sampled_upper_bound,3880
22,cameronspirals,7,240,0.4342195513489628,True,exact_final,5246
22,cameronspirals,8,15,0.4335865080356598,False,sampled_upper_bound,214
22,cameronspirals,8,30,0.4313149154186249,False,sampled_upper_bound,475
22,cameronspirals,8,60,0.20108339190483093,False,sampled_upper_bound,1025
22,cameronspirals,8,120,0.1549360454082489,False,sampled_upper_bound,2243
22,cameronspirals,8,180,0.14940403401851654,False,sampled_upper_bound,3484
22,cameronspirals,8,240,0.14647314065965644,True,exact_final,4727
22,cameronspirals,9,15,0.6076247692108154,False,sampled_upper_bound,235
22,cameronspirals,9,30,0.4292050898075104,False,sampled_upper_bound,529
22,cameronspirals,9,60,0.3397691547870636,False,sampled_upper_bound,1102
22,cameronspirals,9,120,0.27930620312690735,False,sampled_upper_bound,2256
22,cameronspirals,9,180,0.2790704667568207,False,sampled_upper_bound,3378
22,cameronspirals,9,240,0.2788627567870848,True,exact_final,4530
22,cameronspirals,10,15,0.42118412256240845,False,sampled_upper_bound,235
22,cameronspirals,10,30,0.4207608699798584,False,sampled_upper_bound,495
22,cameronspirals,10,60,0.3718779683113098,False,sampled_upper_bound,1049
22,cameronspirals,10,120,0.3649279773235321,False,sampled_upper_bound,2229
22,cameronspirals,10,180,0.3648628890514374,False,sampled_upper_bound,3393
22,cameronspirals,10,240,0.3647864766265792,True,exact_final,4524
23,rishivg,1,15,0.43292635679244995,False,sampled_upper_bound,259
23,rishivg,1,30,0.43292635679244995,False,sampled_upper_bound,535
23,rishivg,1,60,0.43292635679244995,False,sampled_upper_bound,1084
23,rishivg,1,120,0.4321143627166748,False,sampled_upper_bound,2115
23,rishivg,1,180,0.43041154742240906,False,sampled_upper_bound,3237
23,rishivg,1,240,0.4281423490194159,True,exact_final,4390
23,rishivg,2,15,0.13844454288482666,False,sampled_upper_bound,282
23,rishivg,2,30,-0.16006022691726685,False,sampled_upper_bound,580
23,rishivg,2,60,-0.16748124361038208,False,sampled_upper_bound,1229
23,rishivg,2,120,-0.17681080102920532,False,sampled_upper_bound,2430
23,rishivg,2,180,-0.21964797013973011,True,exact_final_best_already_reached,3667
23,rishivg,2,240,-0.21964797013973011,True,exact_final,4896
23,rishivg,3,15,0.4565843939781189,False,sampled_upper_bound,311
23,rishivg,3,30,0.4565843939781189,False,sampled_upper_bound,620
23,rishivg,3,60,0.4289243817329407,False,sampled_upper_bound,1253
23,rishivg,3,120,0.42772090435028076,False,sampled_upper_bound,2465
23,rishivg,3,180,0.42692309617996216,False,sampled_upper_bound,3628
23,rishivg,3,240,0.4253683473176691,True,exact_final,4883
23,rishivg,4,15,0.4790583960620505,True,exact_final_best_already_reached,307
23,rishivg,4,30,0.4790583960620505,True,exact_final_best_already_reached,611
23,rishivg,4,60,0.4790583960620505,True,exact_final_best_already_reached,1236
23,rishivg,4,120,0.4790583960620505,True,exact_final_best_already_reached,2463
23,rishivg,4,180,0.4790583960620505,True,exact_final_best_already_reached,3668
23,rishivg,4,240,0.4790583960620505,True,exact_final,4946
23,rishivg,5,15,0.433910608291626,False,sampled_upper_bound,316
23,rishivg,5,30,0.43274444341659546,False,sampled_upper_bound,636
23,rishivg,5,60,0.4291634490496292,True,exact_final_best_already_reached,1275
23,rishivg,5,120,0.4291634490496292,True,exact_final_best_already_reached,2558
23,rishivg,5,180,0.4291634490496292,True,exact_final_best_already_reached,3850
23,rishivg,5,240,0.4291634490496292,True,exact_final,5135
23,rishivg,6,15,0.449674516916275,False,sampled_upper_bound,314
23,rishivg,6,30,0.4493640661239624,False,sampled_upper_bound,633
23,rishivg,6,60,0.4345744848251343,False,sampled_upper_bound,1308
23,rishivg,6,120,0.4221169054508209,False,sampled_upper_bound,2629
23,rishivg,6,180,0.4126153290271759,False,sampled_upper_bound,3851
23,rishivg,6,240,0.41208226424552324,True,exact_final,5041
23,rishivg,7,15,0.430479496717453,False,sampled_upper_bound,300
23,rishivg,7,30,0.4236297607421875,False,sampled_upper_bound,609
23,rishivg,7,60,0.4156215488910675,False,sampled_upper_bound,1203
23,rishivg,7,120,0.4156215488910675,False,sampled_upper_bound,2329
23,rishivg,7,180,0.41530221700668335,False,sampled_upper_bound,3523
23,rishivg,7,240,0.4126258409162962,True,exact_final,4719
23,rishivg,8,15,0.5310961604118347,False,sampled_upper_bound,273
23,rishivg,8,30,0.4391409158706665,False,sampled_upper_bound,565
23,rishivg,8,60,0.4365946054458618,False,sampled_upper_bound,1144
23,rishivg,8,120,0.3939705491065979,False,sampled_upper_bound,2280
23,rishivg,8,180,0.35052889585494995,False,sampled_upper_bound,3388
23,rishivg,8,240,0.33451619340342403,True,exact_final,4534
23,rishivg,9,15,0.48958373069763184,False,sampled_upper_bound,275
23,rishivg,9,30,0.4182880222797394,False,sampled_upper_bound,489
23,rishivg,9,60,0.4182880222797394,False,sampled_upper_bound,996
23,rishivg,9,120,0.32541128993034363,False,sampled_upper_bound,2290
23,rishivg,9,180,0.3246927147945802,True,exact_final_best_already_reached,3568
23,rishivg,9,240,0.3246927147945802,True,exact_final,4831
23,rishivg,10,15,0.4227818250656128,False,sampled_upper_bound,238
23,rishivg,10,30,0.4227818250656128,False,sampled_upper_bound,529
23,rishivg,10,60,0.4178709089756012,False,sampled_upper_bound,1080
23,rishivg,10,120,0.4150484502315521,False,sampled_upper_bound,2213
23,rishivg,10,180,0.4150484502315521,False,sampled_upper_bound,3364
23,rishivg,10,240,0.41364942231861007,True,exact_final,4527
24,grzegorz,1,15,1.4209709167480469,False,sampled_upper_bound,221
24,grzegorz,1,30,1.4209709167480469,False,sampled_upper_bound,444
24,grzegorz,1,60,1.4209709167480469,False,sampled_upper_bound,829
24,grzegorz,1,120,0.5265129804611206,False,sampled_upper_bound,1634
24,grzegorz,1,180,0.5076038837432861,False,sampled_upper_bound,2524
24,grzegorz,1,240,0.4779819453341592,True,exact_final,3323
24,grzegorz,2,15,4.2265825271606445,False,sampled_upper_bound,147
24,grzegorz,2,30,1.8747645616531372,False,sampled_upper_bound,362
24,grzegorz,2,60,1.7543079853057861,False,sampled_upper_bound,735
24,grzegorz,2,120,0.6962398886680603,False,sampled_upper_bound,1394
24,grzegorz,2,180,0.47715628147125244,False,sampled_upper_bound,2061
24,grzegorz,2,240,0.3492253199928412,True,exact_final,2867
24,grzegorz,3,15,1.2868691682815552,False,sampled_upper_bound,142
24,grzegorz,3,30,1.2868691682815552,False,sampled_upper_bound,333
24,grzegorz,3,60,1.1435819864273071,False,sampled_upper_bound,747
24,grzegorz,3,120,0.6599990725517273,False,sampled_upper_bound,1637
24,grzegorz,3,180,0.1902410089969635,False,sampled_upper_bound,2356
24,grzegorz,3,240,0.17445195812895262,True,exact_final,3200
24,grzegorz,4,15,4.372041702270508,False,sampled_upper_bound,204
24,grzegorz,4,30,3.4559807777404785,False,sampled_upper_bound,438
24,grzegorz,4,60,1.5015360116958618,False,sampled_upper_bound,810
24,grzegorz,4,120,0.8321136832237244,False,sampled_upper_bound,1663
24,grzegorz,4,180,0.6021726727485657,False,sampled_upper_bound,2434
24,grzegorz,4,240,0.4233216901573619,True,exact_final,2990
24,grzegorz,5,15,1.9134430885314941,False,sampled_upper_bound,217
24,grzegorz,5,30,0.7286127209663391,False,sampled_upper_bound,396
24,grzegorz,5,60,0.7286127209663391,False,sampled_upper_bound,814
24,grzegorz,5,120,0.5952523350715637,False,sampled_upper_bound,1846
24,grzegorz,5,180,0.5539181232452393,False,sampled_upper_bound,2694
24,grzegorz,5,240,0.5208383660264632,True,exact_final,3600
24,grzegorz,6,15,1.5784077644348145,False,sampled_upper_bound,133
24,grzegorz,6,30,1.5784077644348145,False,sampled_upper_bound,395
24,grzegorz,6,60,1.151320457458496,False,sampled_upper_bound,846
24,grzegorz,6,120,0.6218663454055786,False,sampled_upper_bound,1983
24,grzegorz,6,180,0.36752933263778687,False,sampled_upper_bound,2683
24,grzegorz,6,240,0.3634958016435698,True,exact_final,3505
24,grzegorz,7,15,1.5242618322372437,False,sampled_upper_bound,225
24,grzegorz,7,30,1.5242618322372437,False,sampled_upper_bound,486
24,grzegorz,7,60,1.5242618322372437,False,sampled_upper_bound,963
24,grzegorz,7,120,0.3770151734352112,False,sampled_upper_bound,2066
24,grzegorz,7,180,0.2882039248943329,False,sampled_upper_bound,3282
24,grzegorz,7,240,0.2824400649555339,True,exact_final,4188
24,grzegorz,8,15,2.5821685791015625,False,sampled_upper_bound,193
24,grzegorz,8,30,1.8506364822387695,False,sampled_upper_bound,400
24,grzegorz,8,60,1.8506364822387695,False,sampled_upper_bound,796
24,grzegorz,8,120,0.5069741010665894,False,sampled_upper_bound,1525
24,grzegorz,8,180,0.24475188553333282,False,sampled_upper_bound,2426
24,grzegorz,8,240,0.2036250912774765,True,exact_final,3199
24,grzegorz,9,15,2.941709280014038,False,sampled_upper_bound,154
24,grzegorz,9,30,2.941709280014038,False,sampled_upper_bound,364
24,grzegorz,9,60,1.7550076246261597,False,sampled_upper_bound,717
24,grzegorz,9,120,0.4883434772491455,False,sampled_upper_bound,1583
24,grzegorz,9,180,0.4847944676876068,False,sampled_upper_bound,2589
24,grzegorz,9,240,0.411864067588872,True,exact_final,3379
24,grzegorz,10,15,1.8411550521850586,False,sampled_upper_bound,208
24,grzegorz,10,30,0.7740713357925415,False,sampled_upper_bound,402
24,grzegorz,10,60,0.7740713357925415,False,sampled_upper_bound,857
24,grzegorz,10,120,0.5840796828269958,False,sampled_upper_bound,1929
24,grzegorz,10,180,0.5686085224151611,False,sampled_upper_bound,2938
24,grzegorz,10,240,0.3665390968992715,True,exact_final,3779
25,loveisp,1,15,2.5057806968688965,False,sampled_upper_bound,504
25,loveisp,1,30,1.8625341653823853,False,sampled_upper_bound,1033
25,loveisp,1,60,1.7078630924224854,False,sampled_upper_bound,2224
25,loveisp,1,120,0.8570060729980469,False,sampled_upper_bound,4700
25,loveisp,1,180,0.8512759208679199,False,sampled_upper_bound,7348
25,loveisp,1,240,0.6656921758759025,True,exact_final,9804
25,loveisp,2,15,1.3478331565856934,False,sampled_upper_bound,436
25,loveisp,2,30,1.3040602207183838,False,sampled_upper_bound,926
25,loveisp,2,60,0.6400282382965088,False,sampled_upper_bound,2052
25,loveisp,2,120,0.42190566658973694,False,sampled_upper_bound,4792
25,loveisp,2,180,0.42190566658973694,False,sampled_upper_bound,6299
25,loveisp,2,240,0.40589503493415835,True,exact_final,8571
25,loveisp,3,15,0.7157371044158936,False,sampled_upper_bound,535
25,loveisp,3,30,0.6935333013534546,False,sampled_upper_bound,1216
25,loveisp,3,60,0.6915596127510071,False,sampled_upper_bound,1817
25,loveisp,3,120,0.47460535168647766,False,sampled_upper_bound,4236
25,loveisp,3,180,0.47460535168647766,False,sampled_upper_bound,6259
25,loveisp,3,240,0.27796243622006045,True,exact_final,8955
25,loveisp,4,15,1.7817516326904297,False,sampled_upper_bound,459
25,loveisp,4,30,1.6477619409561157,False,sampled_upper_bound,1135
25,loveisp,4,60,0.4358927011489868,False,sampled_upper_bound,2546
25,loveisp,4,120,0.43318283557891846,False,sampled_upper_bound,5293
25,loveisp,4,180,0.43318283557891846,False,sampled_upper_bound,8134
25,loveisp,4,240,0.3206256294407176,True,exact_final,10949
25,loveisp,5,15,0.9729808568954468,False,sampled_upper_bound,573
25,loveisp,5,30,0.831283688545227,False,sampled_upper_bound,1217
25,loveisp,5,60,0.831283688545227,False,sampled_upper_bound,2542
25,loveisp,5,120,0.831283688545227,False,sampled_upper_bound,5105
25,loveisp,5,180,0.4856298267841339,False,sampled_upper_bound,8192
25,loveisp,5,240,0.4215326930306121,True,exact_final,11347
25,loveisp,6,15,0.8236843347549438,False,sampled_upper_bound,534
25,loveisp,6,30,0.7316624522209167,False,sampled_upper_bound,1158
25,loveisp,6,60,0.7048611640930176,False,sampled_upper_bound,2644
25,loveisp,6,120,0.41130584478378296,False,sampled_upper_bound,5640
25,loveisp,6,180,0.14533254504203796,False,sampled_upper_bound,8788
25,loveisp,6,240,0.14453899510004906,True,exact_final,11869
25,loveisp,7,15,2.57932710647583,False,sampled_upper_bound,457
25,loveisp,7,30,0.607004702091217,False,sampled_upper_bound,1129
25,loveisp,7,60,0.4428323209285736,False,sampled_upper_bound,2688
25,loveisp,7,120,0.4154079854488373,False,sampled_upper_bound,5782
25,loveisp,7,180,0.415170282125473,False,sampled_upper_bound,8866
25,loveisp,7,240,0.4145703530600494,True,exact_final,11788
25,loveisp,8,15,1.707096815109253,False,sampled_upper_bound,318
25,loveisp,8,30,0.9021768569946289,False,sampled_upper_bound,595
25,loveisp,8,60,0.6537835001945496,False,sampled_upper_bound,2041
25,loveisp,8,120,0.3671221137046814,False,sampled_upper_bound,4738
25,loveisp,8,180,0.3671221137046814,False,sampled_upper_bound,7238
25,loveisp,8,240,0.21021925923852217,True,exact_final,10164
25,loveisp,9,15,2.3016085624694824,False,sampled_upper_bound,409
25,loveisp,9,30,0.9144086837768555,False,sampled_upper_bound,943
25,loveisp,9,60,0.470382422208786,False,sampled_upper_bound,2216
25,loveisp,9,120,0.4483276605606079,False,sampled_upper_bound,4765
25,loveisp,9,180,0.3464459588206292,True,exact_final_best_already_reached,6999
25,loveisp,9,240,0.3464459588206292,True,exact_final,9680
25,loveisp,10,15,2.93255615234375,False,sampled_upper_bound,437
25,loveisp,10,30,0.48233285546302795,False,sampled_upper_bound,767
25,loveisp,10,60,0.43277978897094727,False,sampled_upper_bound,2089
25,loveisp,10,120,0.42001956701278687,False,sampled_upper_bound,4820
25,loveisp,10,180,0.4165570683934773,True,exact_final_best_already_reached,7465
25,loveisp,10,240,0.4165570683934773,True,exact_final,10169
26,aioait,1,15,0.7323945164680481,False,sampled_upper_bound,515
26,aioait,1,30,0.6202093362808228,False,sampled_upper_bound,1250
26,aioait,1,60,0.600645899772644,False,sampled_upper_bound,2732
26,aioait,1,120,0.4205639958381653,False,sampled_upper_bound,5574
26,aioait,1,180,0.41906256305519474,True,exact_final_best_already_reached,8374
26,aioait,1,240,0.41906256305519474,True,exact_final,11238
26,aioait,2,15,0.45374903082847595,False,sampled_upper_bound,531
26,aioait,2,30,0.41288888454437256,False,sampled_upper_bound,1260
26,aioait,2,60,0.18229997158050537,False,sampled_upper_bound,2695
26,aioait,2,120,0.15340179204940796,False,sampled_upper_bound,5365
26,aioait,2,180,0.15026061236858368,False,sampled_upper_bound,8334
26,aioait,2,240,0.1464843263914809,True,exact_final,11296
26,aioait,3,15,0.9872791171073914,False,sampled_upper_bound,526
26,aioait,3,30,0.599922776222229,False,sampled_upper_bound,1271
26,aioait,3,60,0.5044752359390259,False,sampled_upper_bound,2793
26,aioait,3,120,0.5044752359390259,False,sampled_upper_bound,5757
26,aioait,3,180,0.5044752359390259,False,sampled_upper_bound,8782
26,aioait,3,240,0.45718249273000366,True,exact_final,11682
26,aioait,4,15,0.9030468463897705,False,sampled_upper_bound,526
26,aioait,4,30,0.49268049001693726,False,sampled_upper_bound,1282
26,aioait,4,60,0.4769708216190338,False,sampled_upper_bound,2848
26,aioait,4,120,0.4727277159690857,False,sampled_upper_bound,5856
26,aioait,4,180,0.4354391396045685,False,sampled_upper_bound,9023
26,aioait,4,240,0.42051631514518745,True,exact_final,12141
26,aioait,5,15,0.9306547045707703,False,sampled_upper_bound,682
26,aioait,5,30,0.7731168270111084,False,sampled_upper_bound,1497
26,aioait,5,60,0.5438688397407532,False,sampled_upper_bound,3075
26,aioait,5,120,0.458891898393631,False,sampled_upper_bound,6086
26,aioait,5,180,0.458891898393631,False,sampled_upper_bound,9256
26,aioait,5,240,0.43438211348448363,True,exact_final,12486
26,aioait,6,15,0.8219225406646729,False,sampled_upper_bound,657
26,aioait,6,30,0.784657895565033,False,sampled_upper_bound,1527
26,aioait,6,60,0.7720028758049011,False,sampled_upper_bound,3236
26,aioait,6,120,0.7610307335853577,False,sampled_upper_bound,6651
26,aioait,6,180,0.5637460350990295,False,sampled_upper_bound,10042
26,aioait,6,240,0.5434319607169629,True,exact_final,13416
26,aioait,7,15,0.8168972134590149,False,sampled_upper_bound,728
26,aioait,7,30,0.5212226510047913,False,sampled_upper_bound,1576
26,aioait,7,60,0.47400525212287903,False,sampled_upper_bound,3276
26,aioait,7,120,0.4596479809917222,True,exact_final_best_already_reached,6666
26,aioait,7,180,0.4596479809917222,True,exact_final_best_already_reached,10065
26,aioait,7,240,0.4596479809917222,True,exact_final,13451
26,aioait,8,15,1.107164978981018,False,sampled_upper_bound,637
26,aioait,8,30,0.417219877243042,False,sampled_upper_bound,1336
26,aioait,8,60,0.350162535905838,False,sampled_upper_bound,2802
26,aioait,8,120,0.31796011328697205,False,sampled_upper_bound,5454
26,aioait,8,180,0.31796011328697205,False,sampled_upper_bound,8140
26,aioait,8,240,0.22716511160985106,True,exact_final,11005
26,aioait,9,15,1.0310877561569214,False,sampled_upper_bound,518
26,aioait,9,30,0.46585044264793396,False,sampled_upper_bound,1254
26,aioait,9,60,0.4302137494087219,False,sampled_upper_bound,2740
26,aioait,9,120,0.42654117941856384,False,sampled_upper_bound,5607
26,aioait,9,180,0.42613160610198975,False,sampled_upper_bound,8562
26,aioait,9,240,0.42419216441739094,True,exact_final,11482
26,aioait,10,15,0.6975967288017273,False,sampled_upper_bound,687
26,aioait,10,30,0.41860154271125793,False,sampled_upper_bound,1455
26,aioait,10,60,0.37524014711380005,False,sampled_upper_bound,2982
26,aioait,10,120,0.3704046308994293,False,sampled_upper_bound,6027
26,aioait,10,180,0.3704046308994293,False,sampled_upper_bound,8884
26,aioait,10,240,0.3055285716642724,True,exact_final,11794
27,zkasuran,1,15,3.4532389640808105,False,sampled_upper_bound,517
27,zkasuran,1,30,0.7539820671081543,False,sampled_upper_bound,1240
27,zkasuran,1,60,0.7074710130691528,False,sampled_upper_bound,2974
27,zkasuran,1,120,0.46644100546836853,False,sampled_upper_bound,6379
27,zkasuran,1,180,0.41189709305763245,False,sampled_upper_bound,9577
27,zkasuran,1,240,0.40951851790452864,True,exact_final,12740
27,zkasuran,2,15,2.88179874420166,False,sampled_upper_bound,457
27,zkasuran,2,30,1.0625591278076172,False,sampled_upper_bound,1175
27,zkasuran,2,60,0.9637091159820557,False,sampled_upper_bound,2695
27,zkasuran,2,120,0.6711957454681396,False,sampled_upper_bound,5612
27,zkasuran,2,180,0.42642927169799805,False,sampled_upper_bound,8597
27,zkasuran,2,240,0.4206564220305049,True,exact_final,11677
27,zkasuran,3,15,4.083104610443115,False,sampled_upper_bound,480
27,zkasuran,3,30,2.107597589492798,False,sampled_upper_bound,770
27,zkasuran,3,60,0.6069315075874329,False,sampled_upper_bound,2112
27,zkasuran,3,120,0.48988574743270874,False,sampled_upper_bound,5506
27,zkasuran,3,180,0.4108520448207855,False,sampled_upper_bound,8692
27,zkasuran,3,240,0.40610182662526767,True,exact_final,11928
27,zkasuran,4,15,3.74928617477417,False,sampled_upper_bound,483
27,zkasuran,4,30,1.0897494554519653,False,sampled_upper_bound,898
27,zkasuran,4,60,0.8168572187423706,False,sampled_upper_bound,2323
27,zkasuran,4,120,0.6553658246994019,False,sampled_upper_bound,5779
27,zkasuran,4,180,0.4541513919830322,False,sampled_upper_bound,9405
27,zkasuran,4,240,0.4262426553571019,True,exact_final,12976
27,zkasuran,5,15,3.1752536296844482,False,sampled_upper_bound,644
27,zkasuran,5,30,1.0421297550201416,False,sampled_upper_bound,1244
27,zkasuran,5,60,0.7343131899833679,False,sampled_upper_bound,3001
27,zkasuran,5,120,0.5460788607597351,False,sampled_upper_bound,6686
27,zkasuran,5,180,0.40666306018829346,False,sampled_upper_bound,10531
27,zkasuran,5,240,0.3299078533726059,True,exact_final,14056
27,zkasuran,6,15,2.1780495643615723,False,sampled_upper_bound,605
27,zkasuran,6,30,1.0486880540847778,False,sampled_upper_bound,1036
27,zkasuran,6,60,0.8157876133918762,False,sampled_upper_bound,2740
27,zkasuran,6,120,0.5897339582443237,False,sampled_upper_bound,6446
27,zkasuran,6,180,0.38860273361206055,False,sampled_upper_bound,9596
27,zkasuran,6,240,0.38225034913141337,True,exact_final,12432
27,zkasuran,7,15,2.2581934928894043,False,sampled_upper_bound,682
27,zkasuran,7,30,1.8561307191848755,False,sampled_upper_bound,1400
27,zkasuran,7,60,1.0185357332229614,False,sampled_upper_bound,2939
27,zkasuran,7,120,0.8300543427467346,False,sampled_upper_bound,6175
27,zkasuran,7,180,0.5873346328735352,False,sampled_upper_bound,9669
27,zkasuran,7,240,0.5523355053369222,True,exact_final,13193
27,zkasuran,8,15,2.07625675201416,False,sampled_upper_bound,509
27,zkasuran,8,30,0.6735342144966125,False,sampled_upper_bound,1279
27,zkasuran,8,60,0.6125061511993408,False,sampled_upper_bound,2996
27,zkasuran,8,120,0.5011397004127502,False,sampled_upper_bound,6452
27,zkasuran,8,180,0.44646334648132324,False,sampled_upper_bound,9733
27,zkasuran,8,240,0.44107147667140667,True,exact_final,12967
27,zkasuran,9,15,4.269082546234131,False,sampled_upper_bound,481
27,zkasuran,9,30,1.3431216478347778,False,sampled_upper_bound,1104
27,zkasuran,9,60,0.7987061142921448,False,sampled_upper_bound,2702
27,zkasuran,9,120,0.594854474067688,False,sampled_upper_bound,5797
27,zkasuran,9,180,0.4357420802116394,False,sampled_upper_bound,8345
27,zkasuran,9,240,0.4238733121467212,True,exact_final,10791
27,zkasuran,10,15,2.8674356937408447,False,sampled_upper_bound,519
27,zkasuran,10,30,0.876248836517334,False,sampled_upper_bound,1107
27,zkasuran,10,60,0.7170067429542542,False,sampled_upper_bound,2357
27,zkasuran,10,120,0.524917483329773,False,sampled_upper_bound,4885
27,zkasuran,10,180,0.09982592612504959,False,sampled_upper_bound,7609
27,zkasuran,10,240,0.05043303089420269,True,exact_final,10315
28,campi,1,15,0.4261155558606057,True,exact_final_best_already_reached,231
28,campi,1,30,0.4261155558606057,True,exact_final_best_already_reached,477
28,campi,1,60,0.4261155558606057,True,exact_final_best_already_reached,961
28,campi,1,120,0.4261155558606057,True,exact_final_best_already_reached,1931
28,campi,1,180,0.4261155558606057,True,exact_final_best_already_reached,2902
28,campi,1,240,0.4261155558606057,True,exact_final,3883
28,campi,2,15,0.41844913363456726,False,sampled_upper_bound,254
28,campi,2,30,0.4176069498062134,False,sampled_upper_bound,520
28,campi,2,60,0.4147968292236328,False,sampled_upper_bound,1026
28,campi,2,120,0.4147968292236328,False,sampled_upper_bound,2051
28,campi,2,180,0.4147968292236328,False,sampled_upper_bound,3073
28,campi,2,240,0.4141844044027,True,exact_final,4250
28,campi,3,15,0.28777966952444073,True,exact_final_best_already_reached,261
28,campi,3,30,0.28777966952444073,True,exact_final_best_already_reached,561
28,campi,3,60,0.28777966952444073,True,exact_final_best_already_reached,1161
28,campi,3,120,0.28777966952444073,True,exact_final_best_already_reached,2363
28,campi,3,180,0.28777966952444073,True,exact_final_best_already_reached,3563
28,campi,3,240,0.28777966952444073,True,exact_final,4763
28,campi,4,15,0.4189606010913849,False,sampled_upper_bound,256
28,campi,4,30,0.41615965962409973,False,sampled_upper_bound,492
28,campi,4,60,0.41615965962409973,False,sampled_upper_bound,998
28,campi,4,120,0.41615965962409973,False,sampled_upper_bound,2096
28,campi,4,180,0.4135640263557434,False,sampled_upper_bound,3227
28,campi,4,240,0.41111289442486476,True,exact_final,4340
28,campi,5,15,0.47137629985809326,False,sampled_upper_bound,240
28,campi,5,30,0.4425061641636422,True,exact_final_best_already_reached,576
28,campi,5,60,0.4425061641636422,True,exact_final_best_already_reached,1248
28,campi,5,120,0.4425061641636422,True,exact_final_best_already_reached,2592
28,campi,5,180,0.4425061641636422,True,exact_final_best_already_reached,3936
28,campi,5,240,0.4425061641636422,True,exact_final,5285
28,campi,6,15,0.7424005270004272,False,sampled_upper_bound,293
28,campi,6,30,0.7424005270004272,False,sampled_upper_bound,603
28,campi,6,60,0.7356240153312683,False,sampled_upper_bound,1216
28,campi,6,120,0.7356240153312683,False,sampled_upper_bound,2447
28,campi,6,180,0.7322456240653992,False,sampled_upper_bound,3693
28,campi,6,240,0.6746892791196427,True,exact_final,5100
28,campi,7,15,0.45077480017800853,True,exact_final_best_already_reached,139
28,campi,7,30,0.45077480017800853,True,exact_final_best_already_reached,176
28,campi,7,60,0.45077480017800853,True,exact_final_best_already_reached,264
28,campi,7,120,0.45077480017800853,True,exact_final_best_already_reached,436
28,campi,7,180,0.45077480017800853,True,exact_final_best_already_reached,636
28,campi,7,240,0.45077480017800853,True,exact_final,835
28,campi,8,15,0.4554561972618103,False,sampled_upper_bound,253
28,campi,8,30,0.39400434494018555,False,sampled_upper_bound,540
28,campi,8,60,0.37965574485409975,True,exact_final_best_already_reached,1130
28,campi,8,120,0.37965574485409975,True,exact_final_best_already_reached,2311
28,campi,8,180,0.37965574485409975,True,exact_final_best_already_reached,3494
28,campi,8,240,0.37965574485409975,True,exact_final,4678
28,campi,9,15,-0.060100753008900054,True,exact_final_best_already_reached,276
28,campi,9,30,-0.060100753008900054,True,exact_final_best_already_reached,613
28,campi,9,60,-0.060100753008900054,True,exact_final_best_already_reached,1281
28,campi,9,120,-0.060100753008900054,True,exact_final_best_already_reached,2626
28,campi,9,180,-0.060100753008900054,True,exact_final_best_already_reached,3963
28,campi,9,240,-0.060100753008900054,True,exact_final,5298
28,campi,10,15,0.5117313177285389,True,exact_final_best_already_reached,277
28,campi,10,30,0.5117313177285389,True,exact_final_best_already_reached,611
28,campi,10,60,0.5117313177285389,True,exact_final_best_already_reached,1280
28,campi,10,120,0.5117313177285389,True,exact_final_best_already_reached,2618
28,campi,10,180,0.5117313177285389,True,exact_final_best_already_reached,3956
28,campi,10,240,0.5117313177285389,True,exact_final,5292
29,littlestronomer,1,15,4.455399990081787,False,sampled_upper_bound,688
29,littlestronomer,1,30,1.6312297582626343,False,sampled_upper_bound,1248
29,littlestronomer,1,60,1.1973522901535034,False,sampled_upper_bound,2058
29,littlestronomer,1,120,0.8367522954940796,False,sampled_upper_bound,3635
29,littlestronomer,1,180,0.6197346448898315,False,sampled_upper_bound,5454
29,littlestronomer,1,240,0.5576800191202109,True,exact_final,7848
29,littlestronomer,2,15,4.184854984283447,False,sampled_upper_bound,797
29,littlestronomer,2,30,2.1784262657165527,False,sampled_upper_bound,1600
29,littlestronomer,2,60,0.7658282518386841,False,sampled_upper_bound,3299
29,littlestronomer,2,120,0.37625953555107117,False,sampled_upper_bound,6387
29,littlestronomer,2,180,0.36834874749183655,False,sampled_upper_bound,9423
29,littlestronomer,2,240,0.35513418458010265,True,exact_final,12370
29,littlestronomer,3,15,3.669189453125,False,sampled_upper_bound,663
29,littlestronomer,3,30,1.2618885040283203,False,sampled_upper_bound,1046
29,littlestronomer,3,60,0.5160548686981201,False,sampled_upper_bound,1827
29,littlestronomer,3,120,0.4385586380958557,False,sampled_upper_bound,3826
29,littlestronomer,3,180,0.43683406710624695,False,sampled_upper_bound,6275
29,littlestronomer,3,240,0.4151229192975711,True,exact_final,9258
29,littlestronomer,4,15,4.24869966506958,False,sampled_upper_bound,683
29,littlestronomer,4,30,1.6173604726791382,False,sampled_upper_bound,1369
29,littlestronomer,4,60,1.3188421726226807,False,sampled_upper_bound,2431
29,littlestronomer,4,120,0.513378918170929,False,sampled_upper_bound,4963
29,littlestronomer,4,180,0.48811545968055725,False,sampled_upper_bound,8452
29,littlestronomer,4,240,0.44815668479977244,True,exact_final,12234
29,littlestronomer,5,15,2.5610737800598145,False,sampled_upper_bound,804
29,littlestronomer,5,30,1.7871301174163818,False,sampled_upper_bound,1529
29,littlestronomer,5,60,1.7839655876159668,False,sampled_upper_bound,3093
29,littlestronomer,5,120,1.1585850715637207,False,sampled_upper_bound,6275
29,littlestronomer,5,180,0.66470867395401,False,sampled_upper_bound,9619
29,littlestronomer,5,240,0.639659878501125,True,exact_final,12970
29,littlestronomer,6,15,3.8772037029266357,False,sampled_upper_bound,783
29,littlestronomer,6,30,1.7949386835098267,False,sampled_upper_bound,1136
29,littlestronomer,6,60,0.9787165522575378,False,sampled_upper_bound,1692
29,littlestronomer,6,120,0.8102045059204102,False,sampled_upper_bound,3320
29,littlestronomer,6,180,0.8102045059204102,False,sampled_upper_bound,5003
29,littlestronomer,6,240,0.4399402950560698,True,exact_final,7373
29,littlestronomer,7,15,3.3838627338409424,False,sampled_upper_bound,854
29,littlestronomer,7,30,1.547916293144226,False,sampled_upper_bound,1548
29,littlestronomer,7,60,1.2037780284881592,False,sampled_upper_bound,2967
29,littlestronomer,7,120,0.408963680267334,False,sampled_upper_bound,5989
29,littlestronomer,7,180,0.3981875777244568,False,sampled_upper_bound,8810
29,littlestronomer,7,240,0.36956420390354816,True,exact_final,12211
29,littlestronomer,8,15,4.234767436981201,False,sampled_upper_bound,745
29,littlestronomer,8,30,2.6885130405426025,False,sampled_upper_bound,1508
29,littlestronomer,8,60,0.3939194679260254,False,sampled_upper_bound,2994
29,littlestronomer,8,120,0.2895725965499878,False,sampled_upper_bound,5641
29,littlestronomer,8,180,0.28084108233451843,False,sampled_upper_bound,8609
29,littlestronomer,8,240,0.15101895458711778,True,exact_final,11576
29,littlestronomer,9,15,4.490338325500488,False,sampled_upper_bound,657
29,littlestronomer,9,30,3.326490640640259,False,sampled_upper_bound,1349
29,littlestronomer,9,60,1.5316107273101807,False,sampled_upper_bound,2701
29,littlestronomer,9,120,0.670966386795044,False,sampled_upper_bound,5062
29,littlestronomer,9,180,0.4356483221054077,False,sampled_upper_bound,7694
29,littlestronomer,9,240,0.4224171067512883,True,exact_final,10702
29,littlestronomer,10,15,4.235818862915039,False,sampled_upper_bound,744
29,littlestronomer,10,30,0.8293266892433167,False,sampled_upper_bound,1468
29,littlestronomer,10,60,0.6096838116645813,False,sampled_upper_bound,3084
29,littlestronomer,10,120,0.4240535795688629,False,sampled_upper_bound,6386
29,littlestronomer,10,180,0.3884279727935791,False,sampled_upper_bound,9737
29,littlestronomer,10,240,0.32835399110815217,True,exact_final,12984
30,hamzahanif2210,1,15,3.5301506519317627,False,sampled_upper_bound,244
30,hamzahanif2210,1,30,2.535141944885254,False,sampled_upper_bound,490
30,hamzahanif2210,1,60,1.9283620119094849,False,sampled_upper_bound,1051
30,hamzahanif2210,1,120,1.3703985214233398,False,sampled_upper_bound,2350
30,hamzahanif2210,1,180,0.657776415348053,False,sampled_upper_bound,3601
30,hamzahanif2210,1,240,0.4256537223190948,True,exact_final,5040
30,hamzahanif2210,2,15,2.2080769538879395,False,sampled_upper_bound,249
30,hamzahanif2210,2,30,1.5905474424362183,False,sampled_upper_bound,507
30,hamzahanif2210,2,60,1.571250081062317,False,sampled_upper_bound,885
30,hamzahanif2210,2,120,0.7368553876876831,False,sampled_upper_bound,2042
30,hamzahanif2210,2,180,0.4283159464735738,True,exact_final_best_already_reached,3606
30,hamzahanif2210,2,240,0.4283159464735738,True,exact_final,5142
30,hamzahanif2210,3,15,3.5585579872131348,False,sampled_upper_bound,253
30,hamzahanif2210,3,30,1.5711991786956787,False,sampled_upper_bound,374
30,hamzahanif2210,3,60,0.6478792428970337,False,sampled_upper_bound,553
30,hamzahanif2210,3,120,0.19293761253356934,False,sampled_upper_bound,1246
30,hamzahanif2210,3,180,0.17767515778541565,False,sampled_upper_bound,2099
30,hamzahanif2210,3,240,0.17321424457241705,True,exact_final,3013
30,hamzahanif2210,4,15,3.9790403842926025,False,sampled_upper_bound,240
30,hamzahanif2210,4,30,3.8511745929718018,False,sampled_upper_bound,481
30,hamzahanif2210,4,60,0.39539965987205505,False,sampled_upper_bound,957
30,hamzahanif2210,4,120,0.3366071879863739,False,sampled_upper_bound,2010
30,hamzahanif2210,4,180,0.3281239867210388,False,sampled_upper_bound,3108
30,hamzahanif2210,4,240,0.32086879263928614,True,exact_final,4255
30,hamzahanif2210,5,15,3.9841787815093994,False,sampled_upper_bound,273
30,hamzahanif2210,5,30,2.040773391723633,False,sampled_upper_bound,516
30,hamzahanif2210,5,60,1.3310599327087402,False,sampled_upper_bound,995
30,hamzahanif2210,5,120,0.8972659707069397,False,sampled_upper_bound,2000
30,hamzahanif2210,5,180,0.83305823802948,False,sampled_upper_bound,3100
30,hamzahanif2210,5,240,0.7521656934427678,True,exact_final,4253
30,hamzahanif2210,6,15,3.8885936737060547,False,sampled_upper_bound,246
30,hamzahanif2210,6,30,3.511641025543213,False,sampled_upper_bound,542
30,hamzahanif2210,6,60,1.387561321258545,False,sampled_upper_bound,1114
30,hamzahanif2210,6,120,1.2466298341751099,False,sampled_upper_bound,2266
30,hamzahanif2210,6,180,0.5157455801963806,False,sampled_upper_bound,3699
30,hamzahanif2210,6,240,0.45087264540177124,True,exact_final,5127
30,hamzahanif2210,7,15,3.033733367919922,False,sampled_upper_bound,267
30,hamzahanif2210,7,30,1.9776899814605713,False,sampled_upper_bound,542
30,hamzahanif2210,7,60,1.737341046333313,False,sampled_upper_bound,1084
30,hamzahanif2210,7,120,1.5891419649124146,False,sampled_upper_bound,2022
30,hamzahanif2210,7,180,0.6445890665054321,False,sampled_upper_bound,3047
30,hamzahanif2210,7,240,0.6059293489561349,True,exact_final,4190
30,hamzahanif2210,8,15,2.6173160076141357,False,sampled_upper_bound,275
30,hamzahanif2210,8,30,2.089232921600342,False,sampled_upper_bound,574
30,hamzahanif2210,8,60,0.3961443305015564,False,sampled_upper_bound,1132
30,hamzahanif2210,8,120,0.23178774118423462,False,sampled_upper_bound,2493
30,hamzahanif2210,8,180,0.19626259803771973,False,sampled_upper_bound,4016
30,hamzahanif2210,8,240,0.18151687236833972,True,exact_final,5538
30,hamzahanif2210,9,15,3.9522600173950195,False,sampled_upper_bound,211
30,hamzahanif2210,9,30,3.016481876373291,False,sampled_upper_bound,418
30,hamzahanif2210,9,60,0.6436128616333008,False,sampled_upper_bound,929
30,hamzahanif2210,9,120,0.5329617857933044,False,sampled_upper_bound,2247
30,hamzahanif2210,9,180,0.42416534409398055,True,exact_final_best_already_reached,3595
30,hamzahanif2210,9,240,0.42416534409398055,True,exact_final,4927
30,hamzahanif2210,10,15,3.6190192699432373,False,sampled_upper_bound,246
30,hamzahanif2210,10,30,2.021196126937866,False,sampled_upper_bound,484
30,hamzahanif2210,10,60,1.9486913681030273,False,sampled_upper_bound,1050
30,hamzahanif2210,10,120,1.8257609605789185,False,sampled_upper_bound,2215
30,hamzahanif2210,10,180,0.4406016397151886,True,exact_final_best_already_reached,3386
30,hamzahanif2210,10,240,0.4406016397151886,True,exact_final,4682
31,esaid,1,15,4.228610992431641,False,sampled_upper_bound,492
31,esaid,1,30,3.660640001296997,False,sampled_upper_bound,1035
31,esaid,1,60,2.49074649810791,False,sampled_upper_bound,2170
31,esaid,1,120,1.7833995819091797,False,sampled_upper_bound,4231
31,esaid,1,180,0.42327840389995475,True,exact_final_best_already_reached,6284
31,esaid,1,240,0.42327840389995475,True,exact_final,8477
31,esaid,2,15,3.888293743133545,False,sampled_upper_bound,493
31,esaid,2,30,1.7477219104766846,False,sampled_upper_bound,930
31,esaid,2,60,1.540911078453064,False,sampled_upper_bound,1800
31,esaid,2,120,1.540911078453064,False,sampled_upper_bound,3636
31,esaid,2,180,0.9432407021522522,False,sampled_upper_bound,6030
31,esaid,2,240,0.5056316567173461,True,exact_final,8634
31,esaid,3,15,3.866386651992798,False,sampled_upper_bound,483
31,esaid,3,30,3.7130916118621826,False,sampled_upper_bound,920
31,esaid,3,60,3.6407735347747803,False,sampled_upper_bound,1832
31,esaid,3,120,0.8660496473312378,False,sampled_upper_bound,2592
31,esaid,3,180,0.6892019510269165,False,sampled_upper_bound,3951
31,esaid,3,240,0.44991076756040416,True,exact_final,6494
31,esaid,4,15,3.2171411514282227,False,sampled_upper_bound,491
31,esaid,4,30,2.016841411590576,False,sampled_upper_bound,991
31,esaid,4,60,1.6895086765289307,False,sampled_upper_bound,2017
31,esaid,4,120,0.5985350012779236,False,sampled_upper_bound,4995
31,esaid,4,180,0.4860977232456207,False,sampled_upper_bound,8171
31,esaid,4,240,0.47482334962660666,True,exact_final,11327
31,esaid,5,15,4.219188690185547,False,sampled_upper_bound,599
31,esaid,5,30,3.661181688308716,False,sampled_upper_bound,1172
31,esaid,5,60,0.7415139675140381,False,sampled_upper_bound,2306
31,esaid,5,120,0.3746790587902069,False,sampled_upper_bound,5100
31,esaid,5,180,0.3679600656032562,False,sampled_upper_bound,8360
31,esaid,5,240,0.3569895145283185,True,exact_final,11623
31,esaid,6,15,3.2350716590881348,False,sampled_upper_bound,552
31,esaid,6,30,1.425879955291748,False,sampled_upper_bound,1040
31,esaid,6,60,1.3392833471298218,False,sampled_upper_bound,2068
31,esaid,6,120,1.0253665447235107,False,sampled_upper_bound,2987
31,esaid,6,180,0.51136714220047,False,sampled_upper_bound,3219
31,esaid,6,240,0.4233364341293192,True,exact_final,6108
31,esaid,7,15,3.3926947116851807,False,sampled_upper_bound,554
31,esaid,7,30,1.4985806941986084,False,sampled_upper_bound,1057
31,esaid,7,60,0.8297693729400635,False,sampled_upper_bound,2275
31,esaid,7,120,0.44966434813359585,True,exact_final_best_already_reached,5167
31,esaid,7,180,0.44966434813359585,True,exact_final_best_already_reached,8059
31,esaid,7,240,0.44966434813359585,True,exact_final,11039
31,esaid,8,15,3.948662042617798,False,sampled_upper_bound,487
31,esaid,8,30,3.216470956802368,False,sampled_upper_bound,966
31,esaid,8,60,1.6227535009384155,False,sampled_upper_bound,1824
31,esaid,8,120,0.8572704792022705,False,sampled_upper_bound,4132
31,esaid,8,180,0.3216158221074001,True,exact_final_best_already_reached,6693
31,esaid,8,240,0.3216158221074001,True,exact_final,9197
31,esaid,9,15,3.8661434650421143,False,sampled_upper_bound,407
31,esaid,9,30,2.9397637844085693,False,sampled_upper_bound,760
31,esaid,9,60,1.2523890733718872,False,sampled_upper_bound,1428
31,esaid,9,120,0.45543333888053894,False,sampled_upper_bound,3430
31,esaid,9,180,0.4301888213409768,True,exact_final_best_already_reached,6256
31,esaid,9,240,0.4301888213409768,True,exact_final,9062
31,esaid,10,15,3.508171558380127,False,sampled_upper_bound,458
31,esaid,10,30,3.2719945907592773,False,sampled_upper_bound,1020
31,esaid,10,60,1.1731314659118652,False,sampled_upper_bound,2122
31,esaid,10,120,0.5555159449577332,False,sampled_upper_bound,4800
31,esaid,10,180,0.4707254469394684,False,sampled_upper_bound,7907
31,esaid,10,240,0.45046703397234517,True,exact_final,11008
32,matin,1,15,1.8418612480163574,False,sampled_upper_bound,631
32,matin,1,30,1.1606873273849487,False,sampled_upper_bound,1352
32,matin,1,60,0.9536669254302979,False,sampled_upper_bound,2829
32,matin,1,120,0.6283669471740723,False,sampled_upper_bound,5807
32,matin,1,180,0.6043297052383423,False,sampled_upper_bound,8791
32,matin,1,240,0.5974087811642173,True,exact_final,11791
32,matin,2,15,0.8293505311012268,False,sampled_upper_bound,612
32,matin,2,30,0.5260260701179504,False,sampled_upper_bound,1299
32,matin,2,60,0.5077359676361084,False,sampled_upper_bound,2706
32,matin,2,120,0.4987421929836273,False,sampled_upper_bound,5488
32,matin,2,180,0.49699530005455017,False,sampled_upper_bound,8333
32,matin,2,240,0.49274738563875903,True,exact_final,11183
32,matin,3,15,2.7511088848114014,False,sampled_upper_bound,626
32,matin,3,30,1.2699346542358398,False,sampled_upper_bound,1253
32,matin,3,60,0.7393379211425781,False,sampled_upper_bound,2555
32,matin,3,120,0.6562945246696472,False,sampled_upper_bound,5301
32,matin,3,180,0.607933521270752,False,sampled_upper_bound,8165
32,matin,3,240,0.4190951395601968,True,exact_final,11066
32,matin,4,15,1.4516839981079102,False,sampled_upper_bound,582
32,matin,4,30,0.894561231136322,False,sampled_upper_bound,1237
32,matin,4,60,0.7485374212265015,False,sampled_upper_bound,2504
32,matin,4,120,0.7485374212265015,False,sampled_upper_bound,5046
32,matin,4,180,0.7485374212265015,False,sampled_upper_bound,6577
32,matin,4,240,0.5279122253362206,True,exact_final,8070
32,matin,5,15,0.7920280694961548,False,sampled_upper_bound,744
32,matin,5,30,0.6267141699790955,False,sampled_upper_bound,1575
32,matin,5,60,0.5756906270980835,False,sampled_upper_bound,3243
32,matin,5,120,0.5756906270980835,False,sampled_upper_bound,6572
32,matin,5,180,0.5670296549797058,False,sampled_upper_bound,9917
32,matin,5,240,0.4659175702435283,True,exact_final,13251
32,matin,6,15,0.5711183547973633,False,sampled_upper_bound,404
32,matin,6,30,0.5551583766937256,False,sampled_upper_bound,1027
32,matin,6,60,0.45793038606643677,False,sampled_upper_bound,2415
32,matin,6,120,0.42833203077316284,False,sampled_upper_bound,5712
32,matin,6,180,0.4217323621545283,True,exact_final_best_already_reached,9031
32,matin,6,240,0.4217323621545283,True,exact_final,12345
32,matin,7,15,4.348124027252197,False,sampled_upper_bound,701
32,matin,7,30,0.6694342494010925,False,sampled_upper_bound,1226
32,matin,7,60,0.6140440106391907,False,sampled_upper_bound,2913
32,matin,7,120,0.6087917685508728,False,sampled_upper_bound,6342
32,matin,7,180,0.4900991390916564,True,exact_final_best_already_reached,9767
32,matin,7,240,0.4900991390916564,True,exact_final,13113
32,matin,8,15,2.431344985961914,False,sampled_upper_bound,575
32,matin,8,30,1.424310326576233,False,sampled_upper_bound,1162
32,matin,8,60,0.8955589532852173,False,sampled_upper_bound,2548
32,matin,8,120,0.7541152238845825,False,sampled_upper_bound,5333
32,matin,8,180,0.7473989129066467,False,sampled_upper_bound,8127
32,matin,8,240,0.4864866116681856,True,exact_final,10900
32,matin,9,15,3.5791072845458984,False,sampled_upper_bound,610
32,matin,9,30,0.596350371837616,False,sampled_upper_bound,1281
32,matin,9,60,0.5428692102432251,False,sampled_upper_bound,2791
32,matin,9,120,0.532737135887146,False,sampled_upper_bound,5904
32,matin,9,180,0.532737135887146,False,sampled_upper_bound,9021
32,matin,9,240,0.4205026991635667,True,exact_final,12147
32,matin,10,15,2.221784830093384,False,sampled_upper_bound,640
32,matin,10,30,0.8519904017448425,False,sampled_upper_bound,1318
32,matin,10,60,0.4750848412513733,False,sampled_upper_bound,2860
32,matin,10,120,0.44526299834251404,False,sampled_upper_bound,5957
32,matin,10,180,0.19271536842056097,True,exact_final_best_already_reached,9047
32,matin,10,240,0.19271536842056097,True,exact_final,12158
33,polarhippo,1,15,2.0124692916870117,False,sampled_upper_bound,167
33,polarhippo,1,30,1.051981806755066,False,sampled_upper_bound,297
33,polarhippo,1,60,0.46098873019218445,False,sampled_upper_bound,802
33,polarhippo,1,120,0.39373233914375305,False,sampled_upper_bound,1949
33,polarhippo,1,180,0.36912980675697327,False,sampled_upper_bound,2901
33,polarhippo,1,240,0.36386992983012734,True,exact_final,3658
33,polarhippo,2,15,1.6956509351730347,False,sampled_upper_bound,233
33,polarhippo,2,30,0.6566105484962463,False,sampled_upper_bound,486
33,polarhippo,2,60,0.5542338490486145,False,sampled_upper_bound,1096
33,polarhippo,2,120,0.5542338490486145,False,sampled_upper_bound,1780
33,polarhippo,2,180,0.4741843640804291,False,sampled_upper_bound,2306
33,polarhippo,2,240,0.44928627333360044,True,exact_final,3058
33,polarhippo,3,15,3.4041574001312256,False,sampled_upper_bound,172
33,polarhippo,3,30,3.308560371398926,False,sampled_upper_bound,372
33,polarhippo,3,60,0.6516271233558655,False,sampled_upper_bound,823
33,polarhippo,3,120,0.41683679819107056,False,sampled_upper_bound,1794
33,polarhippo,3,180,0.41345152258872986,False,sampled_upper_bound,2589
33,polarhippo,3,240,0.41345152826523496,True,exact_final,3288
33,polarhippo,4,15,4.1684417724609375,False,sampled_upper_bound,179
33,polarhippo,4,30,1.5600069761276245,False,sampled_upper_bound,389
33,polarhippo,4,60,0.5344864726066589,False,sampled_upper_bound,926
33,polarhippo,4,120,0.5016304850578308,False,sampled_upper_bound,2007
33,polarhippo,4,180,0.45901480317115784,False,sampled_upper_bound,2985
33,polarhippo,4,240,0.45185140034002885,True,exact_final,3833
33,polarhippo,5,15,2.684387445449829,False,sampled_upper_bound,201
33,polarhippo,5,30,0.8649511933326721,False,sampled_upper_bound,540
33,polarhippo,5,60,0.648219645023346,False,sampled_upper_bound,1071
33,polarhippo,5,120,0.569807767868042,False,sampled_upper_bound,2247
33,polarhippo,5,180,0.4284076988697052,False,sampled_upper_bound,3221
33,polarhippo,5,240,0.42720951158694886,True,exact_final,4020
33,polarhippo,6,15,1.5646401643753052,False,sampled_upper_bound,227
33,polarhippo,6,30,0.49613678455352783,False,sampled_upper_bound,536
33,polarhippo,6,60,0.41092678904533386,False,sampled_upper_bound,1196
33,polarhippo,6,120,0.37200090289115906,False,sampled_upper_bound,2327
33,polarhippo,6,180,0.3565680682659149,False,sampled_upper_bound,3240
33,polarhippo,6,240,0.35257671847732186,True,exact_final,3972
33,polarhippo,7,15,1.7852990627288818,False,sampled_upper_bound,178
33,polarhippo,7,30,1.7852990627288818,False,sampled_upper_bound,503
33,polarhippo,7,60,1.7774996757507324,False,sampled_upper_bound,1039
33,polarhippo,7,120,1.1946165561676025,False,sampled_upper_bound,2127
33,polarhippo,7,180,0.9134476780891418,False,sampled_upper_bound,3000
33,polarhippo,7,240,0.8990843644580058,True,exact_final,3775
33,polarhippo,8,15,2.4001338481903076,False,sampled_upper_bound,133
33,polarhippo,8,30,1.9994539022445679,False,sampled_upper_bound,308
33,polarhippo,8,60,0.42615121603012085,False,sampled_upper_bound,857
33,polarhippo,8,120,0.4190930128097534,False,sampled_upper_bound,1606
33,polarhippo,8,180,0.4160023033618927,False,sampled_upper_bound,2445
33,polarhippo,8,240,0.4153405552397852,True,exact_final,3190
33,polarhippo,9,15,4.47990083694458,False,sampled_upper_bound,272
33,polarhippo,9,30,0.7483850717544556,False,sampled_upper_bound,490
33,polarhippo,9,60,0.42470476031303406,False,sampled_upper_bound,1057
33,polarhippo,9,120,0.42470476031303406,False,sampled_upper_bound,2223
33,polarhippo,9,180,0.41776564717292786,False,sampled_upper_bound,2844
33,polarhippo,9,240,0.4163332040405044,True,exact_final,3577
33,polarhippo,10,15,3.4201314449310303,False,sampled_upper_bound,139
33,polarhippo,10,30,2.075880289077759,False,sampled_upper_bound,345
33,polarhippo,10,60,1.0057449340820312,False,sampled_upper_bound,592
33,polarhippo,10,120,0.7279334664344788,False,sampled_upper_bound,1618
33,polarhippo,10,180,0.41193699836730957,False,sampled_upper_bound,2621
33,polarhippo,10,240,0.38973973553360153,True,exact_final,3522
34,romainm,1,15,1.0060876607894897,False,sampled_upper_bound,309
34,romainm,1,30,1.0026031732559204,False,sampled_upper_bound,597
34,romainm,1,60,1.0026031732559204,False,sampled_upper_bound,1611
34,romainm,1,120,0.6814245581626892,False,sampled_upper_bound,3639
34,romainm,1,180,0.5094342260545679,True,exact_final_best_already_reached,5390
34,romainm,1,240,0.5094342260545679,True,exact_final,6422
34,romainm,2,15,3.7465803623199463,False,sampled_upper_bound,316
34,romainm,2,30,3.7465803623199463,False,sampled_upper_bound,316
34,romainm,2,60,2.604652166366577,False,sampled_upper_bound,583
34,romainm,2,120,0.4563445785773423,True,exact_final_best_already_reached,2757
34,romainm,2,180,0.4563445785773423,True,exact_final_best_already_reached,4191
34,romainm,2,240,0.4563445785773423,True,exact_final,6072
34,romainm,3,15,4.483010292053223,False,sampled_upper_bound,627
34,romainm,3,30,1.1556748151779175,False,sampled_upper_bound,1150
34,romainm,3,60,0.9441336989402771,False,sampled_upper_bound,2163
34,romainm,3,120,0.9364607930183411,False,sampled_upper_bound,4347
34,romainm,3,180,0.9364607930183411,False,sampled_upper_bound,6429
34,romainm,3,240,0.43042670777835407,True,exact_final,8315
34,romainm,4,15,4.178837299346924,False,sampled_upper_bound,579
34,romainm,4,30,4.155289649963379,False,sampled_upper_bound,1198
34,romainm,4,60,4.154961109161377,False,sampled_upper_bound,2600
34,romainm,4,120,4.154961109161377,False,sampled_upper_bound,5201
34,romainm,4,180,0.5557958862274582,True,exact_final_best_already_reached,7769
34,romainm,4,240,0.5557958862274582,True,exact_final,10308
34,romainm,5,15,3.6229259967803955,False,sampled_upper_bound,540
34,romainm,5,30,2.7388322353363037,False,sampled_upper_bound,1087
34,romainm,5,60,0.7018285989761353,False,sampled_upper_bound,2255
34,romainm,5,120,0.41203701208457183,True,exact_final_best_already_reached,4461
34,romainm,5,180,0.41203701208457183,True,exact_final_best_already_reached,6611
34,romainm,5,240,0.41203701208457183,True,exact_final,9166
34,romainm,6,15,1.6575678586959839,False,sampled_upper_bound,462
34,romainm,6,30,1.6471893787384033,False,sampled_upper_bound,894
34,romainm,6,60,0.9542204141616821,False,sampled_upper_bound,1933
34,romainm,6,120,0.4233694527638069,True,exact_final_best_already_reached,4674
34,romainm,6,180,0.4233694527638069,True,exact_final_best_already_reached,7171
34,romainm,6,240,0.4233694527638069,True,exact_final,9977
34,romainm,7,15,4.103722095489502,False,sampled_upper_bound,395
34,romainm,7,30,4.035776615142822,False,sampled_upper_bound,743
34,romainm,7,60,1.1287200450897217,False,sampled_upper_bound,1440
34,romainm,7,120,0.7246734499931335,False,sampled_upper_bound,3724
34,romainm,7,180,0.4253342396301236,True,exact_final_best_already_reached,6319
34,romainm,7,240,0.4253342396301236,True,exact_final,8205
34,romainm,8,15,0.7687354683876038,False,sampled_upper_bound,450
34,romainm,8,30,0.5940229892730713,False,sampled_upper_bound,1139
34,romainm,8,60,0.560214638710022,False,sampled_upper_bound,1994
34,romainm,8,120,0.4601063000529653,True,exact_final_best_already_reached,3473
34,romainm,8,180,0.4601063000529653,True,exact_final_best_already_reached,5751
34,romainm,8,240,0.4601063000529653,True,exact_final,7862
34,romainm,9,15,0.849326491355896,False,sampled_upper_bound,489
34,romainm,9,30,0.6307182312011719,False,sampled_upper_bound,1099
34,romainm,9,60,0.5370264053344727,False,sampled_upper_bound,2289
34,romainm,9,120,0.5370264053344727,False,sampled_upper_bound,4218
34,romainm,9,180,0.4685366749763489,False,sampled_upper_bound,6502
34,romainm,9,240,0.43860840809334095,True,exact_final,9160
34,romainm,10,15,0.6077300906181335,False,sampled_upper_bound,456
34,romainm,10,30,0.5789169669151306,False,sampled_upper_bound,1191
34,romainm,10,60,0.4941789874028568,True,exact_final_best_already_reached,2489
34,romainm,10,120,0.4941789874028568,True,exact_final_best_already_reached,5009
34,romainm,10,180,0.4941789874028568,True,exact_final_best_already_reached,7542
34,romainm,10,240,0.4941789874028568,True,exact_final,9090
35,danielenggaard,1,15,0.6962023527587892,True,exact_final_best_already_reached,267
35,danielenggaard,1,30,0.6962023527587892,True,exact_final_best_already_reached,514
35,danielenggaard,1,60,0.6962023527587892,True,exact_final_best_already_reached,900
35,danielenggaard,1,120,0.6962023527587892,True,exact_final_best_already_reached,1814
35,danielenggaard,1,180,0.6962023527587892,True,exact_final_best_already_reached,2668
35,danielenggaard,1,240,0.6962023527587892,True,exact_final,3545
35,danielenggaard,2,15,1.767697811126709,False,sampled_upper_bound,188
35,danielenggaard,2,30,1.1217384338378906,False,sampled_upper_bound,370
35,danielenggaard,2,60,0.7314233779907227,False,sampled_upper_bound,881
35,danielenggaard,2,120,0.5447297096252441,False,sampled_upper_bound,1784
35,danielenggaard,2,180,0.4791332483291626,False,sampled_upper_bound,2828
35,danielenggaard,2,240,0.3826970346275324,True,exact_final,3803
35,danielenggaard,3,15,3.852893352508545,False,sampled_upper_bound,250
35,danielenggaard,3,30,1.231772780418396,False,sampled_upper_bound,494
35,danielenggaard,3,60,1.231772780418396,False,sampled_upper_bound,908
35,danielenggaard,3,120,1.231772780418396,False,sampled_upper_bound,1807
35,danielenggaard,3,180,0.5337828122733531,True,exact_final_best_already_reached,2719
35,danielenggaard,3,240,0.5337828122733531,True,exact_final,3542
35,danielenggaard,4,15,2.2576184272766113,False,sampled_upper_bound,181
35,danielenggaard,4,30,1.6394411325454712,False,sampled_upper_bound,402
35,danielenggaard,4,60,1.6394411325454712,False,sampled_upper_bound,834
35,danielenggaard,4,120,1.6394411325454712,False,sampled_upper_bound,1856
35,danielenggaard,4,180,0.7196286392422048,True,exact_final_best_already_reached,2821
35,danielenggaard,4,240,0.7196286392422048,True,exact_final,3784
35,danielenggaard,5,15,2.5716145038604736,False,sampled_upper_bound,227
35,danielenggaard,5,30,0.5648436546325684,False,sampled_upper_bound,525
35,danielenggaard,5,60,0.5648436546325684,False,sampled_upper_bound,1024
35,danielenggaard,5,120,0.5290902256965637,False,sampled_upper_bound,2119
35,danielenggaard,5,180,0.4981471451807111,True,exact_final_best_already_reached,3356
35,danielenggaard,5,240,0.4981471451807111,True,exact_final,4405
35,danielenggaard,6,15,1.5302257537841797,False,sampled_upper_bound,268
35,danielenggaard,6,30,1.026341438293457,False,sampled_upper_bound,538
35,danielenggaard,6,60,1.026341438293457,False,sampled_upper_bound,1030
35,danielenggaard,6,120,0.4264947327088844,True,exact_final_best_already_reached,2194
35,danielenggaard,6,180,0.4264947327088844,True,exact_final_best_already_reached,3328
35,danielenggaard,6,240,0.4264947327088844,True,exact_final,4493
35,danielenggaard,7,15,0.4704893075911808,True,exact_final_best_already_reached,279
35,danielenggaard,7,30,0.4704893075911808,True,exact_final_best_already_reached,544
35,danielenggaard,7,60,0.4704893075911808,True,exact_final_best_already_reached,1053
35,danielenggaard,7,120,0.4704893075911808,True,exact_final_best_already_reached,2156
35,danielenggaard,7,180,0.4704893075911808,True,exact_final_best_already_reached,3195
35,danielenggaard,7,240,0.4704893075911808,True,exact_final,4257
35,danielenggaard,8,15,4.145120620727539,False,sampled_upper_bound,244
35,danielenggaard,8,30,0.5018162131309509,False,sampled_upper_bound,510
35,danielenggaard,8,60,0.5018162131309509,False,sampled_upper_bound,894
35,danielenggaard,8,120,0.5018162131309509,False,sampled_upper_bound,1841
35,danielenggaard,8,180,0.4627347170433443,True,exact_final_best_already_reached,2691
35,danielenggaard,8,240,0.4627347170433443,True,exact_final,3645
35,danielenggaard,9,15,1.6727215051651,False,sampled_upper_bound,241
35,danielenggaard,9,30,0.4340747465773825,True,exact_final_best_already_reached,517
35,danielenggaard,9,60,0.4340747465773825,True,exact_final_best_already_reached,995
35,danielenggaard,9,120,0.4340747465773825,True,exact_final_best_already_reached,2075
35,danielenggaard,9,180,0.4340747465773825,True,exact_final_best_already_reached,2950
35,danielenggaard,9,240,0.4340747465773825,True,exact_final,3912
35,danielenggaard,10,15,1.8939281702041626,False,sampled_upper_bound,246
35,danielenggaard,10,30,1.796887755393982,False,sampled_upper_bound,441
35,danielenggaard,10,60,1.796887755393982,False,sampled_upper_bound,954
35,danielenggaard,10,120,0.5065165162086487,False,sampled_upper_bound,1965
35,danielenggaard,10,180,0.5065165162086487,False,sampled_upper_bound,3016
35,danielenggaard,10,240,0.4033570366885894,True,exact_final,4141
36,kiashenry,1,15,2.1950736045837402,False,sampled_upper_bound,502
36,kiashenry,1,30,0.4096146523952484,False,sampled_upper_bound,1198
36,kiashenry,1,60,0.3685947060585022,False,sampled_upper_bound,2593
36,kiashenry,1,120,0.23510222136974335,False,sampled_upper_bound,5476
36,kiashenry,1,180,0.23069024085998535,False,sampled_upper_bound,8316
36,kiashenry,1,240,0.22082822868687513,True,exact_final,11065
36,kiashenry,2,15,1.5464577674865723,False,sampled_upper_bound,460
36,kiashenry,2,30,0.4698900878429413,False,sampled_upper_bound,1112
36,kiashenry,2,60,0.4698900878429413,False,sampled_upper_bound,2491
36,kiashenry,2,120,0.4302095447168056,True,exact_final_best_already_reached,5284
36,kiashenry,2,180,0.4302095447168056,True,exact_final_best_already_reached,8026
36,kiashenry,2,240,0.4302095447168056,True,exact_final,10802
36,kiashenry,3,15,1.2066489458084106,False,sampled_upper_bound,522
36,kiashenry,3,30,0.4634459912776947,False,sampled_upper_bound,1177
36,kiashenry,3,60,0.4633156359195709,False,sampled_upper_bound,2463
36,kiashenry,3,120,0.4633156359195709,False,sampled_upper_bound,5091
36,kiashenry,3,180,0.4583853014127175,True,exact_final_best_already_reached,7690
36,kiashenry,3,240,0.4583853014127175,True,exact_final,10225
36,kiashenry,4,15,2.7794294357299805,False,sampled_upper_bound,588
36,kiashenry,4,30,0.46639251708984375,False,sampled_upper_bound,1269
36,kiashenry,4,60,0.43934038281440735,False,sampled_upper_bound,2671
36,kiashenry,4,120,0.4293908476829529,False,sampled_upper_bound,5562
36,kiashenry,4,180,0.4145868122577667,False,sampled_upper_bound,8380
36,kiashenry,4,240,0.4139188915141838,True,exact_final,11121
36,kiashenry,5,15,0.5996410846710205,False,sampled_upper_bound,567
36,kiashenry,5,30,0.44784969091415405,False,sampled_upper_bound,1403
36,kiashenry,5,60,0.4457239508628845,False,sampled_upper_bound,2939
36,kiashenry,5,120,0.44149914383888245,False,sampled_upper_bound,6087
36,kiashenry,5,180,0.43806150555610657,False,sampled_upper_bound,9205
36,kiashenry,5,240,0.43484761515704945,True,exact_final,12383
36,kiashenry,6,15,1.902183175086975,False,sampled_upper_bound,526
36,kiashenry,6,30,0.572188138961792,False,sampled_upper_bound,1233
36,kiashenry,6,60,0.41211986541748047,False,sampled_upper_bound,2740
36,kiashenry,6,120,0.41211986541748047,False,sampled_upper_bound,5609
36,kiashenry,6,180,0.41074061393737793,False,sampled_upper_bound,8547
36,kiashenry,6,240,0.40961425895196557,True,exact_final,11505
36,kiashenry,7,15,0.684259831905365,False,sampled_upper_bound,576
36,kiashenry,7,30,0.43951714038848877,False,sampled_upper_bound,1329
36,kiashenry,7,60,0.43951714038848877,False,sampled_upper_bound,2871
36,kiashenry,7,120,0.43951714038848877,False,sampled_upper_bound,5975
36,kiashenry,7,180,0.432468056678772,False,sampled_upper_bound,9033
36,kiashenry,7,240,0.42310387811299477,True,exact_final,12057
36,kiashenry,8,15,1.7011388540267944,False,sampled_upper_bound,514
36,kiashenry,8,30,1.4984524250030518,False,sampled_upper_bound,1155
36,kiashenry,8,60,1.4984524250030518,False,sampled_upper_bound,2312
36,kiashenry,8,120,1.4946513175964355,False,sampled_upper_bound,4681
36,kiashenry,8,180,1.4946513175964355,False,sampled_upper_bound,7170
36,kiashenry,8,240,1.3072019692740426,True,exact_final,9909
36,kiashenry,9,15,2.2089478969573975,False,sampled_upper_bound,478
36,kiashenry,9,30,1.0602810382843018,False,sampled_upper_bound,979
36,kiashenry,9,60,0.6918495893478394,False,sampled_upper_bound,2263
36,kiashenry,9,120,0.6918495893478394,False,sampled_upper_bound,5177
36,kiashenry,9,180,0.6918495893478394,False,sampled_upper_bound,8063
36,kiashenry,9,240,0.6721789980497306,True,exact_final,10947
36,kiashenry,10,15,0.5385990738868713,False,sampled_upper_bound,504
36,kiashenry,10,30,0.4584120213985443,False,sampled_upper_bound,1223
36,kiashenry,10,60,0.4584120213985443,False,sampled_upper_bound,2677
36,kiashenry,10,120,0.4584120213985443,False,sampled_upper_bound,5558
36,kiashenry,10,180,0.4533790946006775,False,sampled_upper_bound,8454
36,kiashenry,10,240,0.4138512269350886,True,exact_final,11312
37,thegrifffather,1,15,2.5542306900024414,False,sampled_upper_bound,456
37,thegrifffather,1,30,1.7390929460525513,False,sampled_upper_bound,905
37,thegrifffather,1,60,1.167318344116211,False,sampled_upper_bound,1982
37,thegrifffather,1,120,1.139796257019043,False,sampled_upper_bound,4243
37,thegrifffather,1,180,1.139796257019043,False,sampled_upper_bound,6512
37,thegrifffather,1,240,0.5059783431116643,True,exact_final,8971
37,thegrifffather,2,15,0.7853537201881409,False,sampled_upper_bound,466
37,thegrifffather,2,30,0.4350239038467407,False,sampled_upper_bound,998
37,thegrifffather,2,60,0.42961546778678894,False,sampled_upper_bound,2232
37,thegrifffather,2,120,0.4262818694114685,False,sampled_upper_bound,4805
37,thegrifffather,2,180,0.42545759677886963,False,sampled_upper_bound,7336
37,thegrifffather,2,240,0.422461285082872,True,exact_final,9659
37,thegrifffather,3,15,0.9319339990615845,False,sampled_upper_bound,530
37,thegrifffather,3,30,0.45737865567207336,False,sampled_upper_bound,1193
37,thegrifffather,3,60,0.4228711426258087,False,sampled_upper_bound,2568
37,thegrifffather,3,120,0.41327551007270813,False,sampled_upper_bound,5305
37,thegrifffather,3,180,0.4108383059501648,False,sampled_upper_bound,7984
37,thegrifffather,3,240,0.40329647816467357,True,exact_final,10572
37,thegrifffather,4,15,3.664259910583496,False,sampled_upper_bound,427
37,thegrifffather,4,30,3.5835437774658203,False,sampled_upper_bound,806
37,thegrifffather,4,60,0.9600490927696228,False,sampled_upper_bound,1627
37,thegrifffather,4,120,0.7487436532974243,False,sampled_upper_bound,4508
37,thegrifffather,4,180,0.7158117294311523,False,sampled_upper_bound,7242
37,thegrifffather,4,240,0.7062632494814903,True,exact_final,9701
37,thegrifffather,5,15,2.6441171169281006,False,sampled_upper_bound,653
37,thegrifffather,5,30,1.0465835332870483,False,sampled_upper_bound,1047
37,thegrifffather,5,60,0.7805467247962952,False,sampled_upper_bound,2243
37,thegrifffather,5,120,0.7571775913238525,False,sampled_upper_bound,4449
37,thegrifffather,5,180,0.6473554372787476,False,sampled_upper_bound,6975
37,thegrifffather,5,240,0.5563509867169291,True,exact_final,9977
37,thegrifffather,6,15,2.1588096618652344,False,sampled_upper_bound,522
37,thegrifffather,6,30,1.1212464570999146,False,sampled_upper_bound,809
37,thegrifffather,6,60,0.6122755408287048,False,sampled_upper_bound,2258
37,thegrifffather,6,120,0.5295378565788269,False,sampled_upper_bound,5265
37,thegrifffather,6,180,0.47384828329086304,False,sampled_upper_bound,8157
37,thegrifffather,6,240,0.4357447439563727,True,exact_final,10982
37,thegrifffather,7,15,2.844681739807129,False,sampled_upper_bound,556
37,thegrifffather,7,30,1.3137867450714111,False,sampled_upper_bound,912
37,thegrifffather,7,60,0.38712894916534424,False,sampled_upper_bound,2412
37,thegrifffather,7,120,0.3040687143802643,False,sampled_upper_bound,5421
37,thegrifffather,7,180,0.2727297246456146,False,sampled_upper_bound,8409
37,thegrifffather,7,240,0.2530706342879354,True,exact_final,11264
37,thegrifffather,8,15,2.4449007511138916,False,sampled_upper_bound,564
37,thegrifffather,8,30,1.6766602993011475,False,sampled_upper_bound,1112
37,thegrifffather,8,60,0.42723336815834045,False,sampled_upper_bound,2338
37,thegrifffather,8,120,0.20949169993400574,False,sampled_upper_bound,5001
37,thegrifffather,8,180,0.17854805290699005,False,sampled_upper_bound,7642
37,thegrifffather,8,240,0.16449706176705092,True,exact_final,10184
37,thegrifffather,9,15,2.5780820846557617,False,sampled_upper_bound,507
37,thegrifffather,9,30,0.4981064200401306,False,sampled_upper_bound,1045
37,thegrifffather,9,60,0.25410354137420654,False,sampled_upper_bound,2319
37,thegrifffather,9,120,0.1724417805671692,False,sampled_upper_bound,5076
37,thegrifffather,9,180,0.1724417805671692,False,sampled_upper_bound,7787
37,thegrifffather,9,240,0.16337556522578,True,exact_final,10439
37,thegrifffather,10,15,3.7897603511810303,False,sampled_upper_bound,518
37,thegrifffather,10,30,3.162395477294922,False,sampled_upper_bound,1008
37,thegrifffather,10,60,2.513774871826172,False,sampled_upper_bound,2007
37,thegrifffather,10,120,2.513774871826172,False,sampled_upper_bound,3602
37,thegrifffather,10,180,2.1442198753356934,False,sampled_upper_bound,5255
37,thegrifffather,10,240,1.841445556891564,True,exact_final,7045
38,boundedaccord,1,15,0.5447487831115723,False,sampled_upper_bound,300
38,boundedaccord,1,30,0.5447487831115723,False,sampled_upper_bound,598
38,boundedaccord,1,60,0.5277694463729858,False,sampled_upper_bound,1210
38,boundedaccord,1,120,0.48726439476013184,False,sampled_upper_bound,2416
38,boundedaccord,1,180,0.458645224571228,False,sampled_upper_bound,3616
38,boundedaccord,1,240,0.3157257238668038,True,exact_final,4805
38,boundedaccord,2,15,0.523727297782898,False,sampled_upper_bound,306
38,boundedaccord,2,30,0.49817681312561035,False,sampled_upper_bound,620
38,boundedaccord,2,60,0.49439969658851624,False,sampled_upper_bound,1245
38,boundedaccord,2,120,0.4774054288864136,False,sampled_upper_bound,2483
38,boundedaccord,2,180,0.4774054288864136,False,sampled_upper_bound,3745
38,boundedaccord,2,240,0.4282616916717159,True,exact_final,4991
38,boundedaccord,3,15,2.963684558868408,False,sampled_upper_bound,186
38,boundedaccord,3,30,2.963684558868408,False,sampled_upper_bound,392
38,boundedaccord,3,60,2.961141347885132,False,sampled_upper_bound,802
38,boundedaccord,3,120,2.957671880722046,False,sampled_upper_bound,1613
38,boundedaccord,3,180,2.9572408199310303,False,sampled_upper_bound,2440
38,boundedaccord,3,240,2.94769695765116,True,exact_final,3311
38,boundedaccord,4,15,2.999349355697632,False,sampled_upper_bound,12
38,boundedaccord,4,30,2.999349355697632,False,sampled_upper_bound,12
38,boundedaccord,4,60,0.7480590343475342,False,sampled_upper_bound,430
38,boundedaccord,4,120,0.7419896721839905,False,sampled_upper_bound,1153
38,boundedaccord,4,180,0.7350690364837646,False,sampled_upper_bound,2043
38,boundedaccord,4,240,0.7305938811421343,True,exact_final,2904
38,boundedaccord,5,15,0.9346628785133362,False,sampled_upper_bound,358
38,boundedaccord,5,30,0.9125558137893677,False,sampled_upper_bound,721
38,boundedaccord,5,60,0.6406323313713074,False,sampled_upper_bound,1433
38,boundedaccord,5,120,0.5853139758110046,False,sampled_upper_bound,2759
38,boundedaccord,5,180,0.40249043703079224,False,sampled_upper_bound,4102
38,boundedaccord,5,240,0.20275542607427194,True,exact_final,5482
38,boundedaccord,6,15,0.4148544669151306,False,sampled_upper_bound,287
38,boundedaccord,6,30,0.41342705488204956,False,sampled_upper_bound,574
38,boundedaccord,6,60,0.41230300068855286,False,sampled_upper_bound,1163
38,boundedaccord,6,120,0.4109918475151062,False,sampled_upper_bound,2356
38,boundedaccord,6,180,0.4109918475151062,False,sampled_upper_bound,3556
38,boundedaccord,6,240,0.40486767099261267,True,exact_final,4806
38,boundedaccord,7,15,1.471532940864563,False,sampled_upper_bound,201
38,boundedaccord,7,30,1.0942109823226929,False,sampled_upper_bound,418
38,boundedaccord,7,60,0.45048394799232483,False,sampled_upper_bound,1047
38,boundedaccord,7,120,0.3984696567058563,False,sampled_upper_bound,2375
38,boundedaccord,7,180,-0.3635694086551666,False,sampled_upper_bound,3654
38,boundedaccord,7,240,-0.4473992939164596,True,exact_final,4964
38,boundedaccord,8,15,0.8321253061294556,False,sampled_upper_bound,271
38,boundedaccord,8,30,0.8171781301498413,False,sampled_upper_bound,584
38,boundedaccord,8,60,0.7955148816108704,False,sampled_upper_bound,1204
38,boundedaccord,8,120,0.4557057321071625,False,sampled_upper_bound,2418
38,boundedaccord,8,180,0.45196422934532166,False,sampled_upper_bound,3653
38,boundedaccord,8,240,0.4134565864916155,True,exact_final,4849
38,boundedaccord,9,15,0.42033037543296814,False,sampled_upper_bound,291
38,boundedaccord,9,30,0.42033037543296814,False,sampled_upper_bound,586
38,boundedaccord,9,60,0.4186224937438965,False,sampled_upper_bound,1177
38,boundedaccord,9,120,0.4156164228916168,False,sampled_upper_bound,2402
38,boundedaccord,9,180,0.41537266969680786,False,sampled_upper_bound,3605
38,boundedaccord,9,240,0.41292077505779234,True,exact_final,4779
38,boundedaccord,10,15,0.43334391713142395,False,sampled_upper_bound,264
38,boundedaccord,10,30,0.3559854328632355,False,sampled_upper_bound,581
38,boundedaccord,10,60,0.3401564657688141,False,sampled_upper_bound,1222
38,boundedaccord,10,120,0.3401041328907013,False,sampled_upper_bound,2493
38,boundedaccord,10,180,0.3401041328907013,False,sampled_upper_bound,3773
38,boundedaccord,10,240,0.31479005256321574,True,exact_final,5030
39,tintim,1,15,3.143740653991699,False,sampled_upper_bound,579
39,tintim,1,30,2.780855178833008,False,sampled_upper_bound,1168
39,tintim,1,60,2.780855178833008,False,sampled_upper_bound,2314
39,tintim,1,120,0.8825235962867737,False,sampled_upper_bound,3981
39,tintim,1,180,0.8395537121826265,True,exact_final_best_already_reached,5478
39,tintim,1,240,0.8395537121826265,True,exact_final,6782
39,tintim,2,15,2.237044334411621,False,sampled_upper_bound,455
39,tintim,2,30,2.237044334411621,False,sampled_upper_bound,915
39,tintim,2,60,1.628121256828308,False,sampled_upper_bound,1856
39,tintim,2,120,0.7501939566282974,True,exact_final_best_already_reached,4186
39,tintim,2,180,0.7501939566282974,True,exact_final_best_already_reached,6525
39,tintim,2,240,0.7501939566282974,True,exact_final,9109
39,tintim,3,15,2.8115274906158447,False,sampled_upper_bound,482
39,tintim,3,30,2.8115274906158447,False,sampled_upper_bound,997
39,tintim,3,60,2.777289628982544,False,sampled_upper_bound,1946
39,tintim,3,120,0.5148782134056091,False,sampled_upper_bound,4674
39,tintim,3,180,0.5148782134056091,False,sampled_upper_bound,7435
39,tintim,3,240,0.5148568112984802,True,exact_final,9988
39,tintim,4,15,2.7870571613311768,False,sampled_upper_bound,345
39,tintim,4,30,2.156531572341919,False,sampled_upper_bound,697
39,tintim,4,60,1.4833701848983765,False,sampled_upper_bound,1483
39,tintim,4,120,0.9734967350959778,False,sampled_upper_bound,3884
39,tintim,4,180,0.9595291018486023,False,sampled_upper_bound,6373
39,tintim,4,240,0.7311844454533806,True,exact_final,9292
39,tintim,5,15,1.8098043203353882,False,sampled_upper_bound,421
39,tintim,5,30,1.8098043203353882,False,sampled_upper_bound,843
39,tintim,5,60,0.9457479119300842,False,sampled_upper_bound,2003
39,tintim,5,120,0.6074251532554626,False,sampled_upper_bound,5696
39,tintim,5,180,0.4980458617210388,False,sampled_upper_bound,9435
39,tintim,5,240,0.4815152380874123,True,exact_final,12360
39,tintim,6,15,2.4437203407287598,False,sampled_upper_bound,338
39,tintim,6,30,1.5171966552734375,False,sampled_upper_bound,681
39,tintim,6,60,0.615185558795929,False,sampled_upper_bound,1587
39,tintim,6,120,0.6142457127571106,False,sampled_upper_bound,4793
39,tintim,6,180,0.4071682218227282,True,exact_final_best_already_reached,7951
39,tintim,6,240,0.4071682218227282,True,exact_final,10905
39,tintim,7,15,2.819300889968872,False,sampled_upper_bound,755
39,tintim,7,30,1.6826173067092896,False,sampled_upper_bound,1545
39,tintim,7,60,0.6877665519714355,False,sampled_upper_bound,3216
39,tintim,7,120,0.685958743095398,False,sampled_upper_bound,6869
39,tintim,7,180,0.6853630093309501,True,exact_final_best_already_reached,10494
39,tintim,7,240,0.6853630093309501,True,exact_final,13522
39,tintim,8,15,1.305160403251648,False,sampled_upper_bound,392
39,tintim,8,30,1.305160403251648,False,sampled_upper_bound,792
39,tintim,8,60,1.305160403251648,False,sampled_upper_bound,1573
39,tintim,8,120,0.44914777447150583,True,exact_final_best_already_reached,3159
39,tintim,8,180,0.44914777447150583,True,exact_final_best_already_reached,4649
39,tintim,8,240,0.44914777447150583,True,exact_final,7193
39,tintim,9,15,2.4078774452209473,False,sampled_upper_bound,324
39,tintim,9,30,1.522079348564148,False,sampled_upper_bound,690
39,tintim,9,60,0.9441621899604797,False,sampled_upper_bound,1423
39,tintim,9,120,0.9312686324119568,False,sampled_upper_bound,3669
39,tintim,9,180,0.925140917301178,False,sampled_upper_bound,5884
39,tintim,9,240,0.8445048146267613,True,exact_final,8488
39,tintim,10,15,2.769615888595581,False,sampled_upper_bound,618
39,tintim,10,30,1.9611636400222778,False,sampled_upper_bound,1246
39,tintim,10,60,0.8221811056137085,False,sampled_upper_bound,2516
39,tintim,10,120,0.6419090628623962,False,sampled_upper_bound,5283
39,tintim,10,180,0.6410630621250653,True,exact_final_best_already_reached,8123
39,tintim,10,240,0.6410630621250653,True,exact_final,10874
40,cornlover23,1,15,2.1763975620269775,False,sampled_upper_bound,109
40,cornlover23,1,30,1.8079299926757812,False,sampled_upper_bound,330
40,cornlover23,1,60,0.4876426160335541,False,sampled_upper_bound,810
40,cornlover23,1,120,0.4423443377017975,False,sampled_upper_bound,2041
40,cornlover23,1,180,0.43758993016458403,True,exact_final_best_already_reached,3281
40,cornlover23,1,240,0.43758993016458403,True,exact_final,4500
40,cornlover23,2,15,3.338676929473877,False,sampled_upper_bound,79
40,cornlover23,2,30,2.261605978012085,False,sampled_upper_bound,83
40,cornlover23,2,60,1.8111293315887451,False,sampled_upper_bound,379
40,cornlover23,2,120,0.44563454389572144,False,sampled_upper_bound,1504
40,cornlover23,2,180,0.43817952275276184,False,sampled_upper_bound,2726
40,cornlover23,2,240,0.43481593792024187,True,exact_final,3959
40,cornlover23,3,15,4.575789451599121,False,sampled_upper_bound,175
40,cornlover23,3,30,0.894778847694397,False,sampled_upper_bound,443
40,cornlover23,3,60,0.41001760959625244,False,sampled_upper_bound,1083
40,cornlover23,3,120,0.3029123842716217,False,sampled_upper_bound,2306
40,cornlover23,3,180,0.23365253771545202,True,exact_final_best_already_reached,3528
40,cornlover23,3,240,0.23365253771545202,True,exact_final,4744
40,cornlover23,4,15,4.454474449157715,False,sampled_upper_bound,205
40,cornlover23,4,30,4.35296106338501,False,sampled_upper_bound,391
40,cornlover23,4,60,2.2087361812591553,False,sampled_upper_bound,878
40,cornlover23,4,120,0.5350103974342346,False,sampled_upper_bound,2097
40,cornlover23,4,180,0.5160320997238159,False,sampled_upper_bound,3378
40,cornlover23,4,240,0.47812474971296015,True,exact_final,4546
40,cornlover23,5,15,0.5370593667030334,False,sampled_upper_bound,237
40,cornlover23,5,30,0.4349841773509979,False,sampled_upper_bound,561
40,cornlover23,5,60,0.4349841773509979,False,sampled_upper_bound,1198
40,cornlover23,5,120,0.4113336503505707,False,sampled_upper_bound,2501
40,cornlover23,5,180,0.41090473532676697,False,sampled_upper_bound,3849
40,cornlover23,5,240,0.3874896476072007,True,exact_final,5184
40,cornlover23,6,15,2.7058818340301514,False,sampled_upper_bound,138
40,cornlover23,6,30,2.430389642715454,False,sampled_upper_bound,458
40,cornlover23,6,60,2.429011583328247,False,sampled_upper_bound,1138
40,cornlover23,6,120,1.805088895839138,True,exact_final_best_already_reached,2497
40,cornlover23,6,180,1.805088895839138,True,exact_final_best_already_reached,3805
40,cornlover23,6,240,1.805088895839138,True,exact_final,5123
40,cornlover23,7,15,2.233278512954712,False,sampled_upper_bound,207
40,cornlover23,7,30,2.0337915420532227,False,sampled_upper_bound,503
40,cornlover23,7,60,1.9659079313278198,False,sampled_upper_bound,1131
40,cornlover23,7,120,1.3438748121261597,False,sampled_upper_bound,2456
40,cornlover23,7,180,1.2609615325927734,False,sampled_upper_bound,3835
40,cornlover23,7,240,1.1925321441943029,True,exact_final,5213
40,cornlover23,8,15,0.6917537450790405,False,sampled_upper_bound,229
40,cornlover23,8,30,0.4687255620956421,False,sampled_upper_bound,541
40,cornlover23,8,60,0.4465191960334778,False,sampled_upper_bound,1126
40,cornlover23,8,120,0.4465191960334778,False,sampled_upper_bound,2296
40,cornlover23,8,180,0.3705917305043468,True,exact_final_best_already_reached,3495
40,cornlover23,8,240,0.3705917305043468,True,exact_final,4689
40,cornlover23,9,15,4.481034755706787,False,sampled_upper_bound,172
40,cornlover23,9,30,4.4804463386535645,False,sampled_upper_bound,489
40,cornlover23,9,60,4.478757858276367,False,sampled_upper_bound,1127
40,cornlover23,9,120,4.477461338043213,False,sampled_upper_bound,2406
40,cornlover23,9,180,0.5393616655131217,True,exact_final_best_already_reached,3687
40,cornlover23,9,240,0.5393616655131217,True,exact_final,4992
40,cornlover23,10,15,2.348262310028076,False,sampled_upper_bound,141
40,cornlover23,10,30,0.7405573725700378,False,sampled_upper_bound,180
40,cornlover23,10,60,0.5541825294494629,False,sampled_upper_bound,278
40,cornlover23,10,120,0.5505328178405762,False,sampled_upper_bound,1283
40,cornlover23,10,180,0.5469655696156394,True,exact_final_best_already_reached,2276
40,cornlover23,10,240,0.5469655696156394,True,exact_final,3313
41,marchematics,1,15,1.74626624584198,False,sampled_upper_bound,442
41,marchematics,1,30,1.379254937171936,False,sampled_upper_bound,758
41,marchematics,1,60,1.019019365310669,False,sampled_upper_bound,1311
41,marchematics,1,120,0.876639187335968,False,sampled_upper_bound,2489
41,marchematics,1,180,0.7900981307029724,False,sampled_upper_bound,4078
41,marchematics,1,240,0.5834601922973573,True,exact_final,4935
41,marchematics,2,15,1.7093620300292969,False,sampled_upper_bound,308
41,marchematics,2,30,1.591259241104126,False,sampled_upper_bound,651
41,marchematics,2,60,1.2471193075180054,False,sampled_upper_bound,1069
41,marchematics,2,120,1.0997809171676636,False,sampled_upper_bound,2205
41,marchematics,2,180,0.853072464466095,False,sampled_upper_bound,3456
41,marchematics,2,240,0.699040696039265,True,exact_final,4418
41,marchematics,3,15,2.344332695007324,False,sampled_upper_bound,450
41,marchematics,3,30,2.1812551021575928,False,sampled_upper_bound,882
41,marchematics,3,60,1.5965524911880493,False,sampled_upper_bound,1590
41,marchematics,3,120,1.418135643005371,False,sampled_upper_bound,3051
41,marchematics,3,180,1.1928421258926392,False,sampled_upper_bound,4446
41,marchematics,3,240,1.0106812713987114,True,exact_final,5782
41,marchematics,4,15,0.5871354937553406,False,sampled_upper_bound,396
41,marchematics,4,30,0.43835461139678955,False,sampled_upper_bound,1173
41,marchematics,4,60,0.3977159559726715,False,sampled_upper_bound,2852
41,marchematics,4,120,0.3892817497253418,False,sampled_upper_bound,6177
41,marchematics,4,180,0.37402841448783875,False,sampled_upper_bound,9416
41,marchematics,4,240,0.362866386870597,True,exact_final,12235
41,marchematics,5,15,2.0021309852600098,False,sampled_upper_bound,490
41,marchematics,5,30,1.778685450553894,False,sampled_upper_bound,968
41,marchematics,5,60,1.7207889556884766,False,sampled_upper_bound,1775
41,marchematics,5,120,1.5179574489593506,False,sampled_upper_bound,3235
41,marchematics,5,180,1.1329656839370728,False,sampled_upper_bound,4493
41,marchematics,5,240,0.9579142329737097,True,exact_final,5887
41,marchematics,6,15,1.49989652633667,False,sampled_upper_bound,412
41,marchematics,6,30,1.2374200820922852,False,sampled_upper_bound,694
41,marchematics,6,60,1.1306240558624268,False,sampled_upper_bound,1291
41,marchematics,6,120,0.9292079210281372,False,sampled_upper_bound,2550
41,marchematics,6,180,0.8352454304695129,False,sampled_upper_bound,4391
41,marchematics,6,240,0.6033152372381672,True,exact_final,6849
41,marchematics,7,15,1.4510927200317383,False,sampled_upper_bound,667
41,marchematics,7,30,1.2253224849700928,False,sampled_upper_bound,1352
41,marchematics,7,60,1.0072945356369019,False,sampled_upper_bound,2871
41,marchematics,7,120,0.7609854340553284,False,sampled_upper_bound,5669
41,marchematics,7,180,0.6580133438110352,False,sampled_upper_bound,8583
41,marchematics,7,240,0.5514368444631765,True,exact_final,11311
41,marchematics,8,15,1.1749483346939087,False,sampled_upper_bound,446
41,marchematics,8,30,0.8657029867172241,False,sampled_upper_bound,842
41,marchematics,8,60,0.7710859775543213,False,sampled_upper_bound,1636
41,marchematics,8,120,0.4415760040283203,False,sampled_upper_bound,3380
41,marchematics,8,180,0.29157060384750366,False,sampled_upper_bound,6352
41,marchematics,8,240,0.19285579788164722,True,exact_final,9485
41,marchematics,9,15,1.995961308479309,False,sampled_upper_bound,370
41,marchematics,9,30,1.8003917932510376,False,sampled_upper_bound,614
41,marchematics,9,60,1.7945634126663208,False,sampled_upper_bound,1164
41,marchematics,9,120,1.469992756843567,False,sampled_upper_bound,1803
41,marchematics,9,180,1.4240998029708862,False,sampled_upper_bound,2212
41,marchematics,9,240,1.1325649000202287,True,exact_final,3331
41,marchematics,10,15,1.6901743412017822,False,sampled_upper_bound,494
41,marchematics,10,30,1.4738832712173462,False,sampled_upper_bound,957
41,marchematics,10,60,1.3007398843765259,False,sampled_upper_bound,1880
41,marchematics,10,120,1.053952693939209,False,sampled_upper_bound,3816
41,marchematics,10,180,0.704071581363678,False,sampled_upper_bound,5935
41,marchematics,10,240,0.4729319582203215,True,exact_final,8206
42,maxhe,1,15,2.32965350151062,False,sampled_upper_bound,523
42,maxhe,1,30,1.6743967533111572,False,sampled_upper_bound,970
42,maxhe,1,60,1.3762387037277222,False,sampled_upper_bound,1958
42,maxhe,1,120,1.3762387037277222,False,sampled_upper_bound,3902
42,maxhe,1,180,0.8318639397621155,False,sampled_upper_bound,5913
42,maxhe,1,240,0.5772485460020965,True,exact_final,7661
42,maxhe,2,15,2.800612211227417,False,sampled_upper_bound,478
42,maxhe,2,30,1.6798464059829712,False,sampled_upper_bound,933
42,maxhe,2,60,1.0982235670089722,False,sampled_upper_bound,1772
42,maxhe,2,120,0.9855693578720093,False,sampled_upper_bound,3655
42,maxhe,2,180,0.9855693578720093,False,sampled_upper_bound,5595
42,maxhe,2,240,0.5538201900362717,True,exact_final,7193
42,maxhe,3,15,2.5777997970581055,False,sampled_upper_bound,512
42,maxhe,3,30,2.5777997970581055,False,sampled_upper_bound,1028
42,maxhe,3,60,2.5713746547698975,False,sampled_upper_bound,1981
42,maxhe,3,120,2.096923589706421,False,sampled_upper_bound,3728
42,maxhe,3,180,1.8296582698822021,False,sampled_upper_bound,5610
42,maxhe,3,240,1.507657451598331,True,exact_final,7584
42,maxhe,4,15,2.538062334060669,False,sampled_upper_bound,493
42,maxhe,4,30,2.197134017944336,False,sampled_upper_bound,951
42,maxhe,4,60,1.0453208684921265,False,sampled_upper_bound,1854
42,maxhe,4,120,0.6535272598266602,False,sampled_upper_bound,3689
42,maxhe,4,180,0.6535272598266602,False,sampled_upper_bound,5620
42,maxhe,4,240,0.5577084394012447,True,exact_final,7426
42,maxhe,5,15,3.9663174152374268,False,sampled_upper_bound,586
42,maxhe,5,30,3.413585901260376,False,sampled_upper_bound,1154
42,maxhe,5,60,1.6297765970230103,False,sampled_upper_bound,2313
42,maxhe,5,120,1.4084432125091553,False,sampled_upper_bound,4662
42,maxhe,5,180,1.3726835250854492,False,sampled_upper_bound,7109
42,maxhe,5,240,1.0199547332496726,True,exact_final,9048
42,maxhe,6,15,2.5551929473876953,False,sampled_upper_bound,518
42,maxhe,6,30,1.6922839879989624,False,sampled_upper_bound,1060
42,maxhe,6,60,0.8400284647941589,False,sampled_upper_bound,2195
42,maxhe,6,120,0.6268873810768127,False,sampled_upper_bound,4464
42,maxhe,6,180,0.6268873810768127,False,sampled_upper_bound,6812
42,maxhe,6,240,0.4550796306477537,True,exact_final,8930
42,maxhe,7,15,2.019897222518921,False,sampled_upper_bound,586
42,maxhe,7,30,1.155754804611206,False,sampled_upper_bound,1160
42,maxhe,7,60,0.8185794353485107,False,sampled_upper_bound,2324
42,maxhe,7,120,0.8185794353485107,False,sampled_upper_bound,4728
42,maxhe,7,180,0.8185794353485107,False,sampled_upper_bound,7183
42,maxhe,7,240,0.47920171330846856,True,exact_final,9129
42,maxhe,8,15,1.6642796993255615,False,sampled_upper_bound,481
42,maxhe,8,30,1.1287767887115479,False,sampled_upper_bound,958
42,maxhe,8,60,0.8627720475196838,False,sampled_upper_bound,1888
42,maxhe,8,120,0.8627720475196838,False,sampled_upper_bound,3826
42,maxhe,8,180,0.8627720475196838,False,sampled_upper_bound,5674
42,maxhe,8,240,0.49501822634126796,True,exact_final,7644
42,maxhe,9,15,2.0923280715942383,False,sampled_upper_bound,498
42,maxhe,9,30,1.3698804378509521,False,sampled_upper_bound,985
42,maxhe,9,60,1.1916813850402832,False,sampled_upper_bound,1989
42,maxhe,9,120,1.1916813850402832,False,sampled_upper_bound,3990
42,maxhe,9,180,1.1916813850402832,False,sampled_upper_bound,6046
42,maxhe,9,240,0.7916022681487904,True,exact_final,7922
42,maxhe,10,15,3.8744804859161377,False,sampled_upper_bound,564
42,maxhe,10,30,2.967615842819214,False,sampled_upper_bound,1079
42,maxhe,10,60,1.9165959358215332,False,sampled_upper_bound,2061
42,maxhe,10,120,1.0260863304138184,False,sampled_upper_bound,4074
42,maxhe,10,180,0.8416301608085632,False,sampled_upper_bound,6156
42,maxhe,10,240,0.7287077892629548,True,exact_final,8223
43,emilh,1,15,2.167187452316284,False,sampled_upper_bound,216
43,emilh,1,30,2.167187452316284,False,sampled_upper_bound,394
43,emilh,1,60,0.49557266034665703,True,exact_final_best_already_reached,827
43,emilh,1,120,0.49557266034665703,True,exact_final_best_already_reached,1611
43,emilh,1,180,0.49557266034665703,True,exact_final_best_already_reached,2369
43,emilh,1,240,0.49557266034665703,True,exact_final,3017
43,emilh,2,15,3.592761278152466,False,sampled_upper_bound,151
43,emilh,2,30,2.483748435974121,False,sampled_upper_bound,361
43,emilh,2,60,1.8438209295272827,False,sampled_upper_bound,777
43,emilh,2,120,1.6632862091064453,False,sampled_upper_bound,1316
43,emilh,2,180,0.43562071423940757,True,exact_final_best_already_reached,2037
43,emilh,2,240,0.43562071423940757,True,exact_final,2595
43,emilh,3,15,4.28741455078125,False,sampled_upper_bound,183
43,emilh,3,30,4.28741455078125,False,sampled_upper_bound,370
43,emilh,3,60,1.7042701244354248,False,sampled_upper_bound,785
43,emilh,3,120,1.7042701244354248,False,sampled_upper_bound,1422
43,emilh,3,180,0.8309920071808488,True,exact_final_best_already_reached,2146
43,emilh,3,240,0.8309920071808488,True,exact_final,2872
43,emilh,4,15,4.445911407470703,False,sampled_upper_bound,201
43,emilh,4,30,3.964001178741455,False,sampled_upper_bound,474
43,emilh,4,60,1.5654968516428318,True,exact_final_best_already_reached,741
43,emilh,4,120,1.5654968516428318,True,exact_final_best_already_reached,1352
43,emilh,4,180,1.5654968516428318,True,exact_final_best_already_reached,1880
43,emilh,4,240,1.5654968516428318,True,exact_final,2480
43,emilh,5,15,4.248529434204102,False,sampled_upper_bound,177
43,emilh,5,30,4.213685512542725,False,sampled_upper_bound,368
43,emilh,5,60,4.141985893249512,False,sampled_upper_bound,776
43,emilh,5,120,2.3853394985198975,False,sampled_upper_bound,1472
43,emilh,5,180,2.2320613861083984,False,sampled_upper_bound,2285
43,emilh,5,240,1.5049367290540536,True,exact_final,3028
43,emilh,6,15,3.604904890060425,False,sampled_upper_bound,176
43,emilh,6,30,3.604904890060425,False,sampled_upper_bound,389
43,emilh,6,60,0.8494275212287903,False,sampled_upper_bound,862
43,emilh,6,120,0.43668301660637165,True,exact_final_best_already_reached,1753
43,emilh,6,180,0.43668301660637165,True,exact_final_best_already_reached,2542
43,emilh,6,240,0.43668301660637165,True,exact_final,3429
43,emilh,7,15,3.0054023265838623,False,sampled_upper_bound,183
43,emilh,7,30,2.07595157623291,False,sampled_upper_bound,388
43,emilh,7,60,0.6134347319602966,False,sampled_upper_bound,864
43,emilh,7,120,0.6134347319602966,False,sampled_upper_bound,1697
43,emilh,7,180,0.6134347319602966,False,sampled_upper_bound,2522
43,emilh,7,240,0.5611931481161809,True,exact_final,3427
43,emilh,8,15,3.989285945892334,False,sampled_upper_bound,171
43,emilh,8,30,0.6730884313583374,False,sampled_upper_bound,407
43,emilh,8,60,0.46058621648088394,True,exact_final_best_already_reached,800
43,emilh,8,120,0.46058621648088394,True,exact_final_best_already_reached,1452
43,emilh,8,180,0.46058621648088394,True,exact_final_best_already_reached,2087
43,emilh,8,240,0.46058621648088394,True,exact_final,2714
43,emilh,9,15,4.266706466674805,False,sampled_upper_bound,179
43,emilh,9,30,3.2088863849639893,False,sampled_upper_bound,380
43,emilh,9,60,1.0365291833877563,False,sampled_upper_bound,641
43,emilh,9,120,1.0365291833877563,False,sampled_upper_bound,1296
43,emilh,9,180,0.5055515604724782,True,exact_final_best_already_reached,2050
43,emilh,9,240,0.5055515604724782,True,exact_final,2702
43,emilh,10,15,1.9617120027542114,False,sampled_upper_bound,206
43,emilh,10,30,1.9617120027542114,False,sampled_upper_bound,439
43,emilh,10,60,0.9001269340515137,False,sampled_upper_bound,866
43,emilh,10,120,0.6977516789447177,True,exact_final_best_already_reached,1789
43,emilh,10,180,0.6977516789447177,True,exact_final_best_already_reached,2350
43,emilh,10,240,0.6977516789447177,True,exact_final,2955
44,jiabao,1,15,1.8007503747940063,False,sampled_upper_bound,211
44,jiabao,1,30,1.8000750541687012,False,sampled_upper_bound,634
44,jiabao,1,60,1.7732664346694946,False,sampled_upper_bound,1825
44,jiabao,1,120,1.7710665464401245,False,sampled_upper_bound,4208
44,jiabao,1,180,1.761938214302063,False,sampled_upper_bound,6563
44,jiabao,1,240,0.3066289600164553,True,exact_final,8916
44,jiabao,2,15,0.43653151392936707,False,sampled_upper_bound,211
44,jiabao,2,30,0.43653151392936707,False,sampled_upper_bound,537
44,jiabao,2,60,0.43653151392936707,False,sampled_upper_bound,1981
44,jiabao,2,120,0.4344656765460968,False,sampled_upper_bound,4836
44,jiabao,2,180,0.42460387293370405,True,exact_final_best_already_reached,7657
44,jiabao,2,240,0.42460387293370405,True,exact_final,10438
44,jiabao,3,15,4.480148792266846,False,sampled_upper_bound,255
44,jiabao,3,30,4.479469299316406,False,sampled_upper_bound,729
44,jiabao,3,60,4.478531837463379,False,sampled_upper_bound,2223
44,jiabao,3,120,4.478500843048096,False,sampled_upper_bound,5226
44,jiabao,3,180,4.478481292724609,False,sampled_upper_bound,8236
44,jiabao,3,240,3.7262724246858387,True,exact_final,11242
44,jiabao,4,15,0.8216325640678406,False,sampled_upper_bound,98
44,jiabao,4,30,0.6835706830024719,False,sampled_upper_bound,282
44,jiabao,4,60,0.6471930742263794,False,sampled_upper_bound,766
44,jiabao,4,120,0.6457834839820862,False,sampled_upper_bound,3227
44,jiabao,4,180,0.6457834839820862,False,sampled_upper_bound,6248
44,jiabao,4,240,0.16462577547014726,True,exact_final,9277
44,jiabao,5,15,3.876322031021118,False,sampled_upper_bound,176
44,jiabao,5,30,3.8604252338409424,False,sampled_upper_bound,634
44,jiabao,5,60,3.85534930229187,False,sampled_upper_bound,1545
44,jiabao,5,120,2.1604902744293213,False,sampled_upper_bound,3481
44,jiabao,5,180,0.4661107512002586,True,exact_final_best_already_reached,6534
44,jiabao,5,240,0.4661107512002586,True,exact_final,9619
44,jiabao,6,15,0.7050085067749023,False,sampled_upper_bound,266
44,jiabao,6,30,0.5727155804634094,False,sampled_upper_bound,547
44,jiabao,6,60,0.5727155804634094,False,sampled_upper_bound,1713
44,jiabao,6,120,0.5727155804634094,False,sampled_upper_bound,4621
44,jiabao,6,180,0.5727155804634094,False,sampled_upper_bound,7673
44,jiabao,6,240,0.49639162371297374,True,exact_final,10729
44,jiabao,7,15,0.4376409649848938,False,sampled_upper_bound,268
44,jiabao,7,30,0.43678373098373413,False,sampled_upper_bound,782
44,jiabao,7,60,0.4330733046277922,True,exact_final_best_already_reached,2333
44,jiabao,7,120,0.4330733046277922,True,exact_final_best_already_reached,5409
44,jiabao,7,180,0.4330733046277922,True,exact_final_best_already_reached,8476
44,jiabao,7,240,0.4330733046277922,True,exact_final,11535
44,jiabao,8,15,0.5347946882247925,False,sampled_upper_bound,239
44,jiabao,8,30,0.29660433530807495,False,sampled_upper_bound,534
44,jiabao,8,60,0.20747129619121552,False,sampled_upper_bound,1419
44,jiabao,8,120,0.2017068862915039,False,sampled_upper_bound,4496
44,jiabao,8,180,0.19526706635951996,False,sampled_upper_bound,7555
44,jiabao,8,240,0.19075596096843284,True,exact_final,10571
44,jiabao,9,15,3.35135817527771,False,sampled_upper_bound,113
44,jiabao,9,30,3.35135817527771,False,sampled_upper_bound,279
44,jiabao,9,60,3.35135817527771,False,sampled_upper_bound,600
44,jiabao,9,120,0.9515010118484497,False,sampled_upper_bound,2212
44,jiabao,9,180,0.7030055522918701,False,sampled_upper_bound,5353
44,jiabao,9,240,0.5869255960137004,True,exact_final,8671
44,jiabao,10,15,4.4789628982543945,False,sampled_upper_bound,257
44,jiabao,10,30,4.4789628982543945,False,sampled_upper_bound,924
44,jiabao,10,60,4.3513360023498535,False,sampled_upper_bound,2257
44,jiabao,10,120,1.8587201833724976,False,sampled_upper_bound,4356
44,jiabao,10,180,1.4221916198730469,False,sampled_upper_bound,6610
44,jiabao,10,240,0.7617494470084334,True,exact_final,8846
45,syurenuko,1,15,5.068047523498535,False,sampled_upper_bound,240
45,syurenuko,1,30,2.3893778324127197,False,sampled_upper_bound,531
45,syurenuko,1,60,0.7190920114517212,False,sampled_upper_bound,1917
45,syurenuko,1,120,0.7097664475440979,False,sampled_upper_bound,4692
45,syurenuko,1,180,0.709202229976654,False,sampled_upper_bound,7478
45,syurenuko,1,240,0.6848549817720369,True,exact_final,10170
45,syurenuko,2,15,5.2835469245910645,False,sampled_upper_bound,72
45,syurenuko,2,30,4.243063449859619,False,sampled_upper_bound,298
45,syurenuko,2,60,0.4399036765098572,False,sampled_upper_bound,1667
45,syurenuko,2,120,0.43909668922424316,False,sampled_upper_bound,4476
45,syurenuko,2,180,0.43909668922424316,False,sampled_upper_bound,7249
45,syurenuko,2,240,0.4011865590313903,True,exact_final,9993
45,syurenuko,3,15,5.100532531738281,False,sampled_upper_bound,137
45,syurenuko,3,30,1.8166640996932983,False,sampled_upper_bound,375
45,syurenuko,3,60,0.5542740821838379,False,sampled_upper_bound,1261
45,syurenuko,3,120,0.4175843596458435,False,sampled_upper_bound,4084
45,syurenuko,3,180,0.41460323333740234,False,sampled_upper_bound,6930
45,syurenuko,3,240,0.4107369195384179,True,exact_final,9763
45,syurenuko,4,15,5.381258487701416,False,sampled_upper_bound,15
45,syurenuko,4,30,4.20505952835083,False,sampled_upper_bound,199
45,syurenuko,4,60,4.139955997467041,False,sampled_upper_bound,631
45,syurenuko,4,120,4.137632846832275,False,sampled_upper_bound,1096
45,syurenuko,4,180,4.137632846832275,False,sampled_upper_bound,1577
45,syurenuko,4,240,4.132377252645208,True,exact_final,2877
45,syurenuko,5,15,4.852287769317627,False,sampled_upper_bound,128
45,syurenuko,5,30,1.056504726409912,False,sampled_upper_bound,419
45,syurenuko,5,60,0.43872538208961487,False,sampled_upper_bound,2090
45,syurenuko,5,120,0.4278410077095032,False,sampled_upper_bound,5382
45,syurenuko,5,180,0.425898015499115,False,sampled_upper_bound,8644
45,syurenuko,5,240,0.4133359792962859,True,exact_final,11779
45,syurenuko,6,15,5.393424034118652,False,sampled_upper_bound,26
45,syurenuko,6,30,0.7738618850708008,False,sampled_upper_bound,258
45,syurenuko,6,60,0.416940838098526,False,sampled_upper_bound,1816
45,syurenuko,6,120,0.4116690456867218,False,sampled_upper_bound,4992
45,syurenuko,6,180,0.4110919237136841,False,sampled_upper_bound,8127
45,syurenuko,6,240,0.3996966983460265,True,exact_final,11305
45,syurenuko,7,15,4.913782596588135,False,sampled_upper_bound,143
45,syurenuko,7,30,0.9718626737594604,False,sampled_upper_bound,349
45,syurenuko,7,60,0.5980985760688782,False,sampled_upper_bound,1743
45,syurenuko,7,120,0.5588788986206055,False,sampled_upper_bound,4498
45,syurenuko,7,180,0.5588788986206055,False,sampled_upper_bound,7302
45,syurenuko,7,240,0.4526950162133816,True,exact_final,10456
45,syurenuko,8,15,5.223642349243164,False,sampled_upper_bound,70
45,syurenuko,8,30,2.0275871753692627,False,sampled_upper_bound,319
45,syurenuko,8,60,0.5811267495155334,False,sampled_upper_bound,1708
45,syurenuko,8,120,0.5579136610031128,False,sampled_upper_bound,4705
45,syurenuko,8,180,0.46967607736587524,False,sampled_upper_bound,7517
45,syurenuko,8,240,0.4385082900853926,True,exact_final,10152
45,syurenuko,9,15,5.0525665283203125,False,sampled_upper_bound,27
45,syurenuko,9,30,3.9602208137512207,False,sampled_upper_bound,231
45,syurenuko,9,60,0.420888751745224,False,sampled_upper_bound,1607
45,syurenuko,9,120,0.42011919617652893,False,sampled_upper_bound,4434
45,syurenuko,9,180,0.4188160002231598,False,sampled_upper_bound,7247
45,syurenuko,9,240,0.4124160475303218,True,exact_final,10050
45,syurenuko,10,15,5.056659698486328,False,sampled_upper_bound,249
45,syurenuko,10,30,1.8021961450576782,False,sampled_upper_bound,549
45,syurenuko,10,60,0.6703360676765442,False,sampled_upper_bound,2108
45,syurenuko,10,120,0.6482883095741272,False,sampled_upper_bound,5250
45,syurenuko,10,180,0.6454933881759644,False,sampled_upper_bound,8361
45,syurenuko,10,240,0.6353926482104203,True,exact_final,11321
46,azhang81,1,15,1.2618197202682495,False,sampled_upper_bound,129
46,azhang81,1,30,0.4268791675567627,False,sampled_upper_bound,286
46,azhang81,1,60,0.416000097990036,False,sampled_upper_bound,874
46,azhang81,1,120,0.416000097990036,False,sampled_upper_bound,2078
46,azhang81,1,180,0.4137029124747332,True,exact_final_best_already_reached,3273
46,azhang81,1,240,0.4137029124747332,True,exact_final,4449
46,azhang81,2,15,2.0014560222625732,False,sampled_upper_bound,110
46,azhang81,2,30,1.7985395193099976,False,sampled_upper_bound,145
46,azhang81,2,60,0.8699342608451843,False,sampled_upper_bound,432
46,azhang81,2,120,0.473541270507575,True,exact_final_best_already_reached,1676
46,azhang81,2,180,0.473541270507575,True,exact_final_best_already_reached,2797
46,azhang81,2,240,0.473541270507575,True,exact_final,3939
46,azhang81,3,15,4.033454418182373,False,sampled_upper_bound,96
46,azhang81,3,30,3.8851144313812256,False,sampled_upper_bound,173
46,azhang81,3,60,3.2937064170837402,False,sampled_upper_bound,328
46,azhang81,3,120,2.914268970489502,False,sampled_upper_bound,1275
46,azhang81,3,180,0.8505833745002747,False,sampled_upper_bound,2321
46,azhang81,3,240,0.8034954073437309,True,exact_final,3463
46,azhang81,4,15,4.345798969268799,False,sampled_upper_bound,153
46,azhang81,4,30,2.4327239990234375,False,sampled_upper_bound,256
46,azhang81,4,60,1.5615874528884888,False,sampled_upper_bound,257
46,azhang81,4,120,0.43066051602363586,False,sampled_upper_bound,1227
46,azhang81,4,180,0.42140987515449524,False,sampled_upper_bound,2366
46,azhang81,4,240,0.41871841519172615,True,exact_final,3533
46,azhang81,5,15,4.297414779663086,False,sampled_upper_bound,184
46,azhang81,5,30,4.203728199005127,False,sampled_upper_bound,386
46,azhang81,5,60,4.042531490325928,False,sampled_upper_bound,425
46,azhang81,5,120,1.8744897842407227,False,sampled_upper_bound,430
46,azhang81,5,180,0.4259861707687378,False,sampled_upper_bound,1494
46,azhang81,5,240,0.4228355339932477,True,exact_final,2795
46,azhang81,6,15,2.9337780475616455,False,sampled_upper_bound,126
46,azhang81,6,30,2.2140510082244873,False,sampled_upper_bound,143
46,azhang81,6,60,1.9582798480987549,False,sampled_upper_bound,153
46,azhang81,6,120,0.6360214352607727,False,sampled_upper_bound,315
46,azhang81,6,180,0.4217654815667367,True,exact_final_best_already_reached,1664
46,azhang81,6,240,0.4217654815667367,True,exact_final,2993
46,azhang81,7,15,4.017600059509277,False,sampled_upper_bound,194
46,azhang81,7,30,3.9991605281829834,False,sampled_upper_bound,411
46,azhang81,7,60,3.9869909286499023,False,sampled_upper_bound,881
46,azhang81,7,120,3.985562801361084,False,sampled_upper_bound,1838
46,azhang81,7,180,3.985562801361084,False,sampled_upper_bound,2786
46,azhang81,7,240,3.9819614940727046,True,exact_final,3742
46,azhang81,8,15,2.5594468116760254,False,sampled_upper_bound,161
46,azhang81,8,30,0.8724245429039001,False,sampled_upper_bound,337
46,azhang81,8,60,0.6114852428436279,False,sampled_upper_bound,963
46,azhang81,8,120,0.5517629981040955,False,sampled_upper_bound,2243
46,azhang81,8,180,0.5426248908042908,False,sampled_upper_bound,3519
46,azhang81,8,240,0.5383058196443787,True,exact_final,4789
46,azhang81,9,15,3.688328504562378,False,sampled_upper_bound,93
46,azhang81,9,30,3.688328504562378,False,sampled_upper_bound,166
46,azhang81,9,60,2.5506508350372314,False,sampled_upper_bound,404
46,azhang81,9,120,1.1477015018463135,False,sampled_upper_bound,1559
46,azhang81,9,180,0.8452600836753845,False,sampled_upper_bound,2030
46,azhang81,9,240,0.826482731537973,True,exact_final,2475
46,azhang81,10,15,3.2167246341705322,False,sampled_upper_bound,91
46,azhang81,10,30,1.4642876386642456,False,sampled_upper_bound,101
46,azhang81,10,60,1.051336407661438,False,sampled_upper_bound,271
46,azhang81,10,120,0.431182861328125,False,sampled_upper_bound,1350
46,azhang81,10,180,0.41208916902542114,False,sampled_upper_bound,2562
46,azhang81,10,240,0.3084151405356791,True,exact_final,3724
47,abdoul27,1,15,4.334472179412842,False,sampled_upper_bound,344
47,abdoul27,1,30,4.105521202087402,False,sampled_upper_bound,598
47,abdoul27,1,60,3.493398427963257,False,sampled_upper_bound,1197
47,abdoul27,1,120,3.2444818019866943,False,sampled_upper_bound,2296
47,abdoul27,1,180,3.2444818019866943,False,sampled_upper_bound,3239
47,abdoul27,1,240,1.3456873400878706,True,exact_final,4524
47,abdoul27,2,15,1.9779530763626099,False,sampled_upper_bound,304
47,abdoul27,2,30,1.9779530763626099,False,sampled_upper_bound,545
47,abdoul27,2,60,1.9779530763626099,False,sampled_upper_bound,1111
47,abdoul27,2,120,1.9779530763626099,False,sampled_upper_bound,2164
47,abdoul27,2,180,1.9779530763626099,False,sampled_upper_bound,3128
47,abdoul27,2,240,0.41243150721114996,True,exact_final,4669
47,abdoul27,3,15,3.905362606048584,False,sampled_upper_bound,238
47,abdoul27,3,30,3.7006616592407227,False,sampled_upper_bound,526
47,abdoul27,3,60,3.7006616592407227,False,sampled_upper_bound,1093
47,abdoul27,3,120,3.1439578533172607,False,sampled_upper_bound,2142
47,abdoul27,3,180,3.1439578533172607,False,sampled_upper_bound,3255
47,abdoul27,3,240,0.37501624233250824,True,exact_final,4889
47,abdoul27,4,15,3.8511157035827637,False,sampled_upper_bound,312
47,abdoul27,4,30,3.8511157035827637,False,sampled_upper_bound,612
47,abdoul27,4,60,3.8511157035827637,False,sampled_upper_bound,1161
47,abdoul27,4,120,3.8511157035827637,False,sampled_upper_bound,2304
47,abdoul27,4,180,3.8511157035827637,False,sampled_upper_bound,3404
47,abdoul27,4,240,2.5338100074540977,True,exact_final,5104
47,abdoul27,5,15,2.800708055496216,False,sampled_upper_bound,296
47,abdoul27,5,30,2.800708055496216,False,sampled_upper_bound,628
47,abdoul27,5,60,2.800708055496216,False,sampled_upper_bound,1230
47,abdoul27,5,120,2.36120867729187,False,sampled_upper_bound,2487
47,abdoul27,5,180,2.36120867729187,False,sampled_upper_bound,3828
47,abdoul27,5,240,0.4235346056474842,True,exact_final,5640
47,abdoul27,6,15,4.174182891845703,False,sampled_upper_bound,309
47,abdoul27,6,30,4.174182891845703,False,sampled_upper_bound,651
47,abdoul27,6,60,3.7288222312927246,False,sampled_upper_bound,1357
47,abdoul27,6,120,2.4589672088623047,False,sampled_upper_bound,2760
47,abdoul27,6,180,2.4589672088623047,False,sampled_upper_bound,4006
47,abdoul27,6,240,0.46906958851963615,True,exact_final,5907
47,abdoul27,7,15,2.7516870498657227,False,sampled_upper_bound,359
47,abdoul27,7,30,2.7516870498657227,False,sampled_upper_bound,677
47,abdoul27,7,60,2.7516870498657227,False,sampled_upper_bound,1384
47,abdoul27,7,120,2.7516870498657227,False,sampled_upper_bound,2650
47,abdoul27,7,180,2.440770387649536,False,sampled_upper_bound,4159
47,abdoul27,7,240,0.2962069425608803,True,exact_final,5981
47,abdoul27,8,15,3.890328884124756,False,sampled_upper_bound,276
47,abdoul27,8,30,3.6295855045318604,False,sampled_upper_bound,517
47,abdoul27,8,60,3.6295855045318604,False,sampled_upper_bound,1026
47,abdoul27,8,120,3.6295855045318604,False,sampled_upper_bound,2022
47,abdoul27,8,180,1.7625707387924194,False,sampled_upper_bound,3161
47,abdoul27,8,240,0.3941340182665157,True,exact_final,4569
47,abdoul27,9,15,2.5930203796275224,True,exact_final_best_already_reached,294
47,abdoul27,9,30,2.5930203796275224,True,exact_final_best_already_reached,530
47,abdoul27,9,60,2.5930203796275224,True,exact_final_best_already_reached,1067
47,abdoul27,9,120,2.5930203796275224,True,exact_final_best_already_reached,2222
47,abdoul27,9,180,2.5930203796275224,True,exact_final_best_already_reached,3239
47,abdoul27,9,240,2.5930203796275224,True,exact_final,3718
47,abdoul27,10,15,3.468845844268799,False,sampled_upper_bound,261
47,abdoul27,10,30,3.1027190685272217,False,sampled_upper_bound,542
47,abdoul27,10,60,3.1027190685272217,False,sampled_upper_bound,1095
47,abdoul27,10,120,3.1027190685272217,False,sampled_upper_bound,2178
47,abdoul27,10,180,2.748835802078247,False,sampled_upper_bound,3412
47,abdoul27,10,240,0.16021089366746163,True,exact_final,5139
48,ke_yang,1,15,4.235523700714111,False,sampled_upper_bound,177
48,ke_yang,1,30,2.774407386779785,False,sampled_upper_bound,275
48,ke_yang,1,60,0.9206578731536865,False,sampled_upper_bound,457
48,ke_yang,1,120,0.4047810733318329,False,sampled_upper_bound,1474
48,ke_yang,1,180,0.40031537413597107,False,sampled_upper_bound,2648
48,ke_yang,1,240,0.3971419480798142,True,exact_final,3808
48,ke_yang,2,15,3.9675896167755127,False,sampled_upper_bound,169
48,ke_yang,2,30,2.130324602127075,False,sampled_upper_bound,356
48,ke_yang,2,60,1.0201048851013184,False,sampled_upper_bound,770
48,ke_yang,2,120,0.4934994876384735,False,sampled_upper_bound,1895
48,ke_yang,2,180,0.4788531959056854,False,sampled_upper_bound,3151
48,ke_yang,2,240,0.425113533683582,True,exact_final,4407
48,ke_yang,3,15,4.035201549530029,False,sampled_upper_bound,151
48,ke_yang,3,30,3.414966344833374,False,sampled_upper_bound,266
48,ke_yang,3,60,3.414966344833374,False,sampled_upper_bound,583
48,ke_yang,3,120,2.3456223011016846,False,sampled_upper_bound,1053
48,ke_yang,3,180,2.3456223011016846,False,sampled_upper_bound,1232
48,ke_yang,3,240,2.305032129065927,True,exact_final,1579
48,ke_yang,4,15,3.9950270652770996,False,sampled_upper_bound,146
48,ke_yang,4,30,3.965996742248535,False,sampled_upper_bound,291
48,ke_yang,4,60,3.965996742248535,False,sampled_upper_bound,524
48,ke_yang,4,120,1.7149482895533696,True,exact_final_best_already_reached,709
48,ke_yang,4,180,1.7149482895533696,True,exact_final_best_already_reached,879
48,ke_yang,4,240,1.7149482895533696,True,exact_final,1382
48,ke_yang,5,15,2.4110236167907715,False,sampled_upper_bound,200
48,ke_yang,5,30,1.3236088752746582,False,sampled_upper_bound,429
48,ke_yang,5,60,1.1857671737670898,False,sampled_upper_bound,908
48,ke_yang,5,120,0.4461814761161804,False,sampled_upper_bound,2232
48,ke_yang,5,180,0.4246091842651367,False,sampled_upper_bound,3484
48,ke_yang,5,240,0.40873273264588006,True,exact_final,4689
48,ke_yang,6,15,3.432344913482666,False,sampled_upper_bound,173
48,ke_yang,6,30,3.432344913482666,False,sampled_upper_bound,320
48,ke_yang,6,60,2.209615707397461,False,sampled_upper_bound,560
48,ke_yang,6,120,1.7406212091445923,False,sampled_upper_bound,679
48,ke_yang,6,180,1.7406212091445923,False,sampled_upper_bound,695
48,ke_yang,6,240,1.701507419967419,True,exact_final,845
48,ke_yang,7,15,4.068203926086426,False,sampled_upper_bound,203
48,ke_yang,7,30,2.7914788722991943,False,sampled_upper_bound,383
48,ke_yang,7,60,2.6835412979125977,False,sampled_upper_bound,736
48,ke_yang,7,120,1.235922415864205,True,exact_final_best_already_reached,957
48,ke_yang,7,180,1.235922415864205,True,exact_final_best_already_reached,957
48,ke_yang,7,240,1.235922415864205,True,exact_final,957
48,ke_yang,8,15,3.891451835632324,False,sampled_upper_bound,203
48,ke_yang,8,30,2.2374236583709717,False,sampled_upper_bound,347
48,ke_yang,8,60,0.8435396552085876,False,sampled_upper_bound,658
48,ke_yang,8,120,0.16531522572040558,False,sampled_upper_bound,1849
48,ke_yang,8,180,0.1593492180109024,False,sampled_upper_bound,3121
48,ke_yang,8,240,0.14754770593424013,True,exact_final,4351
48,ke_yang,9,15,3.7698678970336914,False,sampled_upper_bound,144
48,ke_yang,9,30,3.5648138523101807,False,sampled_upper_bound,253
48,ke_yang,9,60,1.8794331550598145,False,sampled_upper_bound,494
48,ke_yang,9,120,0.5662838816642761,False,sampled_upper_bound,1535
48,ke_yang,9,180,0.5155337799835342,True,exact_final_best_already_reached,2726
48,ke_yang,9,240,0.5155337799835342,True,exact_final,3851
48,ke_yang,10,15,4.2862162590026855,False,sampled_upper_bound,151
48,ke_yang,10,30,2.5194578170776367,False,sampled_upper_bound,361
48,ke_yang,10,60,1.135744571685791,False,sampled_upper_bound,775
48,ke_yang,10,120,0.5349238514900208,False,sampled_upper_bound,1962
48,ke_yang,10,180,0.5066613554954529,False,sampled_upper_bound,3253
48,ke_yang,10,240,0.4296036094148378,True,exact_final,4492
49,tricombinator,1,15,3.5232772827148438,False,sampled_upper_bound,438
49,tricombinator,1,30,2.2076001167297363,False,sampled_upper_bound,1013
49,tricombinator,1,60,1.6607427597045898,False,sampled_upper_bound,2213
49,tricombinator,1,120,1.134395956993103,False,sampled_upper_bound,4329
49,tricombinator,1,180,0.9425085186958313,False,sampled_upper_bound,6200
49,tricombinator,1,240,0.798363658460365,True,exact_final,8243
49,tricombinator,2,15,3.3278443813323975,False,sampled_upper_bound,373
49,tricombinator,2,30,2.2499494552612305,False,sampled_upper_bound,453
49,tricombinator,2,60,1.9417238235473633,False,sampled_upper_bound,483
49,tricombinator,2,120,0.6740462779998779,False,sampled_upper_bound,2054
49,tricombinator,2,180,0.4556835702955148,True,exact_final_best_already_reached,4369
49,tricombinator,2,240,0.4556835702955148,True,exact_final,6327
49,tricombinator,3,15,3.414551019668579,False,sampled_upper_bound,365
49,tricombinator,3,30,3.3144736289978027,False,sampled_upper_bound,728
49,tricombinator,3,60,1.7847352027893066,False,sampled_upper_bound,1551
49,tricombinator,3,120,1.7810790538787842,False,sampled_upper_bound,3462
49,tricombinator,3,180,1.7810790538787842,False,sampled_upper_bound,5290
49,tricombinator,3,240,1.7800910864084307,True,exact_final,7154
49,tricombinator,4,15,4.1264214515686035,False,sampled_upper_bound,335
49,tricombinator,4,30,1.8616684675216675,False,sampled_upper_bound,626
49,tricombinator,4,60,0.9782326221466064,False,sampled_upper_bound,660
49,tricombinator,4,120,0.8318944272871514,True,exact_final_best_already_reached,736
49,tricombinator,4,180,0.8318944272871514,True,exact_final_best_already_reached,804
49,tricombinator,4,240,0.8318944272871514,True,exact_final,843
49,tricombinator,5,15,3.8651089668273926,False,sampled_upper_bound,459
49,tricombinator,5,30,1.3789162635803223,False,sampled_upper_bound,696
49,tricombinator,5,60,0.9898337721824646,False,sampled_upper_bound,963
49,tricombinator,5,120,0.48724380135536194,False,sampled_upper_bound,1714
49,tricombinator,5,180,0.48724380135536194,False,sampled_upper_bound,2346
49,tricombinator,5,240,0.42338945934458083,True,exact_final,4509
49,tricombinator,6,15,3.1066434383392334,False,sampled_upper_bound,361
49,tricombinator,6,30,2.496169090270996,False,sampled_upper_bound,705
49,tricombinator,6,60,2.496169090270996,False,sampled_upper_bound,1438
49,tricombinator,6,120,2.374563694000244,False,sampled_upper_bound,3176
49,tricombinator,6,180,2.2827095985412598,False,sampled_upper_bound,5018
49,tricombinator,6,240,2.244184982637041,True,exact_final,6834
49,tricombinator,7,15,1.9085829257965088,False,sampled_upper_bound,620
49,tricombinator,7,30,0.8585931658744812,False,sampled_upper_bound,1138
49,tricombinator,7,60,0.5052133202552795,False,sampled_upper_bound,2361
49,tricombinator,7,120,0.44618135690689087,False,sampled_upper_bound,5063
49,tricombinator,7,180,0.42794981598854065,False,sampled_upper_bound,7495
49,tricombinator,7,240,0.4195037637132024,True,exact_final,9815
49,tricombinator,8,15,3.8074214458465576,False,sampled_upper_bound,232
49,tricombinator,8,30,3.460846185684204,False,sampled_upper_bound,401
49,tricombinator,8,60,3.36482310295105,False,sampled_upper_bound,750
49,tricombinator,8,120,1.899113416671753,False,sampled_upper_bound,1667
49,tricombinator,8,180,1.0216161012649536,False,sampled_upper_bound,3183
49,tricombinator,8,240,0.5483583830081703,True,exact_final,5321
49,tricombinator,9,15,4.203350067138672,False,sampled_upper_bound,355
49,tricombinator,9,30,3.655151128768921,False,sampled_upper_bound,569
49,tricombinator,9,60,3.2922866344451904,False,sampled_upper_bound,1003
49,tricombinator,9,120,2.80751371383667,False,sampled_upper_bound,1733
49,tricombinator,9,180,2.7375710010528564,False,sampled_upper_bound,2301
49,tricombinator,9,240,2.6370594636053113,True,exact_final,2772
49,tricombinator,10,15,2.1860010623931885,False,sampled_upper_bound,294
49,tricombinator,10,30,1.9971259832382202,False,sampled_upper_bound,332
49,tricombinator,10,60,1.9920189380645752,False,sampled_upper_bound,391
49,tricombinator,10,120,1.4113751649856567,False,sampled_upper_bound,540
49,tricombinator,10,180,0.5115601420402527,False,sampled_upper_bound,2088
49,tricombinator,10,240,0.4005859185737144,True,exact_final,4700
50,hangglider5,1,15,4.480172157287598,False,sampled_upper_bound,279
50,hangglider5,1,30,4.47885274887085,False,sampled_upper_bound,605
50,hangglider5,1,60,4.47802734375,False,sampled_upper_bound,1246
50,hangglider5,1,120,4.211898369442219,True,exact_final_best_already_reached,2417
50,hangglider5,1,180,4.211898369442219,True,exact_final_best_already_reached,3462
50,hangglider5,1,240,4.211898369442219,True,exact_final,4528
50,hangglider5,2,15,1.8795465230941772,False,sampled_upper_bound,181
50,hangglider5,2,30,1.6927063465118408,False,sampled_upper_bound,419
50,hangglider5,2,60,0.4665268659591675,False,sampled_upper_bound,964
50,hangglider5,2,120,0.42825639247894287,False,sampled_upper_bound,2175
50,hangglider5,2,180,0.42825639247894287,False,sampled_upper_bound,3378
50,hangglider5,2,240,0.426572934790042,True,exact_final,4581
50,hangglider5,3,15,1.077982783317566,False,sampled_upper_bound,209
50,hangglider5,3,30,1.0430271625518799,False,sampled_upper_bound,225
50,hangglider5,3,60,0.8301167488098145,False,sampled_upper_bound,229
50,hangglider5,3,120,0.7292590141296387,False,sampled_upper_bound,1321
50,hangglider5,3,180,0.7261946201324463,False,sampled_upper_bound,2469
50,hangglider5,3,240,0.7195631277517521,True,exact_final,3617
50,hangglider5,4,15,4.472349166870117,False,sampled_upper_bound,277
50,hangglider5,4,30,4.472349166870117,False,sampled_upper_bound,581
50,hangglider5,4,60,4.472349166870117,False,sampled_upper_bound,1181
50,hangglider5,4,120,1.058046579360962,False,sampled_upper_bound,2318
50,hangglider5,4,180,0.8218892216682434,False,sampled_upper_bound,3501
50,hangglider5,4,240,0.8041157884594636,True,exact_final,4469
50,hangglider5,5,15,0.9607409238815308,False,sampled_upper_bound,55
50,hangglider5,5,30,0.44053539633750916,False,sampled_upper_bound,363
50,hangglider5,5,60,0.43753525614738464,False,sampled_upper_bound,999
50,hangglider5,5,120,0.4270360767841339,False,sampled_upper_bound,2331
50,hangglider5,5,180,0.4239709986363197,True,exact_final_best_already_reached,3618
50,hangglider5,5,240,0.4239709986363197,True,exact_final,4910
50,hangglider5,6,15,1.0132869482040405,False,sampled_upper_bound,214
50,hangglider5,6,30,0.896878719329834,False,sampled_upper_bound,495
50,hangglider5,6,60,0.8611242771148682,False,sampled_upper_bound,1057
50,hangglider5,6,120,0.8428892094926604,True,exact_final_best_already_reached,2144
50,hangglider5,6,180,0.8428892094926604,True,exact_final_best_already_reached,3277
50,hangglider5,6,240,0.8428892094926604,True,exact_final,4390
50,hangglider5,7,15,0.7956095337867737,False,sampled_upper_bound,79
50,hangglider5,7,30,0.7305196523666382,False,sampled_upper_bound,420
50,hangglider5,7,60,0.7147719264030457,False,sampled_upper_bound,1114
50,hangglider5,7,120,0.7105953693389893,False,sampled_upper_bound,2514
50,hangglider5,7,180,0.6775534152984619,False,sampled_upper_bound,3911
50,hangglider5,7,240,0.6697948526662725,True,exact_final,5274
50,hangglider5,8,15,2.026346206665039,False,sampled_upper_bound,59
50,hangglider5,8,30,2.026346206665039,False,sampled_upper_bound,59
50,hangglider5,8,60,0.6801071166992188,False,sampled_upper_bound,429
50,hangglider5,8,120,0.40076181292533875,False,sampled_upper_bound,1628
50,hangglider5,8,180,0.40076181292533875,False,sampled_upper_bound,2877
50,hangglider5,8,240,0.3917933594534988,True,exact_final,4125
50,hangglider5,9,15,4.484495639801025,False,sampled_upper_bound,294
50,hangglider5,9,30,4.484495639801025,False,sampled_upper_bound,601
50,hangglider5,9,60,4.484495639801025,False,sampled_upper_bound,1223
50,hangglider5,9,120,4.483522891998291,False,sampled_upper_bound,2330
50,hangglider5,9,180,4.479860305786133,False,sampled_upper_bound,3613
50,hangglider5,9,240,4.478312385397339,True,exact_final,4918
50,hangglider5,10,15,0.47045600414276123,False,sampled_upper_bound,306
50,hangglider5,10,30,0.264180988073349,False,sampled_upper_bound,634
50,hangglider5,10,60,0.2083825320005417,False,sampled_upper_bound,1250
50,hangglider5,10,120,0.19680252181209262,True,exact_final_best_already_reached,2504
50,hangglider5,10,180,0.19680252181209262,True,exact_final_best_already_reached,3741
50,hangglider5,10,240,0.19680252181209262,True,exact_final,4976
51,thelight,1,15,2.6214230060577393,False,sampled_upper_bound,179
51,thelight,1,30,1.8897567987442017,False,sampled_upper_bound,408
51,thelight,1,60,1.5158523321151733,False,sampled_upper_bound,848
51,thelight,1,120,1.444972038269043,False,sampled_upper_bound,1334
51,thelight,1,180,0.8529728055000305,False,sampled_upper_bound,2268
51,thelight,1,240,0.6853068628371015,True,exact_final,3520
51,thelight,2,15,2.3273630142211914,False,sampled_upper_bound,108
51,thelight,2,30,1.82187020778656,False,sampled_upper_bound,165
51,thelight,2,60,1.7464778423309326,False,sampled_upper_bound,313
51,thelight,2,120,0.43309855461120605,False,sampled_upper_bound,1250
51,thelight,2,180,0.43269163370132446,False,sampled_upper_bound,2456
51,thelight,2,240,0.4308326312534939,True,exact_final,3665
51,thelight,3,15,3.3980560302734375,False,sampled_upper_bound,137
51,thelight,3,30,3.2556867599487305,False,sampled_upper_bound,244
51,thelight,3,60,1.6490167379379272,False,sampled_upper_bound,823
51,thelight,3,120,0.4153329133987427,False,sampled_upper_bound,1941
51,thelight,3,180,0.4116538465023041,False,sampled_upper_bound,3091
51,thelight,3,240,0.4098758088160072,True,exact_final,4262
51,thelight,4,15,4.621247291564941,False,sampled_upper_bound,188
51,thelight,4,30,4.480611801147461,False,sampled_upper_bound,386
51,thelight,4,60,4.131085395812988,False,sampled_upper_bound,909
51,thelight,4,120,4.127248764038086,False,sampled_upper_bound,1955
51,thelight,4,180,4.115763652601194,True,exact_final_best_already_reached,2945
51,thelight,4,240,4.115763652601194,True,exact_final,3972
51,thelight,5,15,0.8597401976585388,False,sampled_upper_bound,232
51,thelight,5,30,0.6945396661758423,False,sampled_upper_bound,554
51,thelight,5,60,0.6746599078178406,False,sampled_upper_bound,1204
51,thelight,5,120,0.6468868255615234,False,sampled_upper_bound,2509
51,thelight,5,180,0.5471766591072083,False,sampled_upper_bound,3866
51,thelight,5,240,0.49229001790836363,True,exact_final,5243
51,thelight,6,15,2.86505389213562,False,sampled_upper_bound,130
51,thelight,6,30,2.406602382659912,False,sampled_upper_bound,142
51,thelight,6,60,2.0865716169388397,True,exact_final_best_already_reached,144
51,thelight,6,120,2.0865716169388397,True,exact_final_best_already_reached,144
51,thelight,6,180,2.0865716169388397,True,exact_final_best_already_reached,144
51,thelight,6,240,2.0865716169388397,True,exact_final,144
51,thelight,7,15,4.002908433819703,True,exact_final_best_already_reached,82
51,thelight,7,30,4.002908433819703,True,exact_final_best_already_reached,82
51,thelight,7,60,4.002908433819703,True,exact_final_best_already_reached,82
51,thelight,7,120,4.002908433819703,True,exact_final_best_already_reached,82
51,thelight,7,180,4.002908433819703,True,exact_final_best_already_reached,82
51,thelight,7,240,4.002908433819703,True,exact_final,82
51,thelight,8,15,4.483256816864014,False,sampled_upper_bound,176
51,thelight,8,30,4.067723751068115,False,sampled_upper_bound,422
51,thelight,8,60,0.5015770196914673,False,sampled_upper_bound,923
51,thelight,8,120,0.4824824957065122,True,exact_final_best_already_reached,2174
51,thelight,8,180,0.4824824957065122,True,exact_final_best_already_reached,3438
51,thelight,8,240,0.4824824957065122,True,exact_final,4715
51,thelight,9,15,3.8891406059265137,False,sampled_upper_bound,91
51,thelight,9,30,3.877840757369995,False,sampled_upper_bound,216
51,thelight,9,60,0.9066826701164246,False,sampled_upper_bound,450
51,thelight,9,120,0.4294126629829407,False,sampled_upper_bound,1711
51,thelight,9,180,0.4294126629829407,False,sampled_upper_bound,2992
51,thelight,9,240,0.4276587940189653,True,exact_final,4258
51,thelight,10,15,3.7249701023101807,False,sampled_upper_bound,124
51,thelight,10,30,3.7249701023101807,False,sampled_upper_bound,188
51,thelight,10,60,1.3253101110458374,False,sampled_upper_bound,389
51,thelight,10,120,1.308913230895996,False,sampled_upper_bound,1190
51,thelight,10,180,0.9656577110290527,False,sampled_upper_bound,2279
51,thelight,10,240,0.6614145057285045,True,exact_final,3497
52,biszoq,1,15,3.200535535812378,False,sampled_upper_bound,478
52,biszoq,1,30,2.859985828399658,False,sampled_upper_bound,856
52,biszoq,1,60,2.512874126434326,False,sampled_upper_bound,1683
52,biszoq,1,120,2.11686635017395,False,sampled_upper_bound,3311
52,biszoq,1,180,2.048716543483555,True,exact_final_best_already_reached,4792
52,biszoq,1,240,2.048716543483555,True,exact_final,6491
52,biszoq,2,15,3.539644956588745,False,sampled_upper_bound,570
52,biszoq,2,30,3.232450246810913,False,sampled_upper_bound,1333
52,biszoq,2,60,3.004598379135132,False,sampled_upper_bound,2741
52,biszoq,2,120,2.602602005004883,False,sampled_upper_bound,5165
52,biszoq,2,180,1.8040047883987427,False,sampled_upper_bound,6719
52,biszoq,2,240,1.5359724566768898,True,exact_final,6810
52,biszoq,3,15,3.2003893852233887,False,sampled_upper_bound,489
52,biszoq,3,30,2.2507500648498535,False,sampled_upper_bound,988
52,biszoq,3,60,2.1611275672912598,False,sampled_upper_bound,1991
52,biszoq,3,120,2.1127238273620605,False,sampled_upper_bound,3682
52,biszoq,3,180,1.900589942932129,False,sampled_upper_bound,5887
52,biszoq,3,240,1.6986550302060017,True,exact_final,7532
52,biszoq,4,15,3.5256009101867676,False,sampled_upper_bound,610
52,biszoq,4,30,2.8075785636901855,False,sampled_upper_bound,1096
52,biszoq,4,60,2.4987456798553467,False,sampled_upper_bound,1790
52,biszoq,4,120,2.0978291034698486,False,sampled_upper_bound,3079
52,biszoq,4,180,1.975886344909668,False,sampled_upper_bound,4236
52,biszoq,4,240,1.816962310199233,True,exact_final,5341
52,biszoq,5,15,2.9049086570739746,False,sampled_upper_bound,657
52,biszoq,5,30,1.981887936592102,False,sampled_upper_bound,1323
52,biszoq,5,60,1.1886327266693115,False,sampled_upper_bound,2304
52,biszoq,5,120,1.080662488937378,False,sampled_upper_bound,3940
52,biszoq,5,180,0.8347339034080505,False,sampled_upper_bound,5099
52,biszoq,5,240,0.7142607306409074,True,exact_final,6380
52,biszoq,6,15,1.978149652481079,False,sampled_upper_bound,620
52,biszoq,6,30,1.2710745334625244,False,sampled_upper_bound,1088
52,biszoq,6,60,0.9360606074333191,False,sampled_upper_bound,1868
52,biszoq,6,120,0.5646454691886902,False,sampled_upper_bound,4174
52,biszoq,6,180,0.4943181276321411,False,sampled_upper_bound,6779
52,biszoq,6,240,0.44745241736328484,True,exact_final,9429
52,biszoq,7,15,0.8756451606750488,False,sampled_upper_bound,617
52,biszoq,7,30,0.5876709818840027,False,sampled_upper_bound,1474
52,biszoq,7,60,0.48785117268562317,False,sampled_upper_bound,3277
52,biszoq,7,120,0.42338570952415466,False,sampled_upper_bound,6826
52,biszoq,7,180,0.4104154109954834,False,sampled_upper_bound,10438
52,biszoq,7,240,0.4092486123171406,True,exact_final,14086
52,biszoq,8,15,3.426002264022827,False,sampled_upper_bound,503
52,biszoq,8,30,3.0387792587280273,False,sampled_upper_bound,993
52,biszoq,8,60,2.7191922664642334,False,sampled_upper_bound,2053
52,biszoq,8,120,2.3733630180358887,False,sampled_upper_bound,4431
52,biszoq,8,180,2.2323901653289795,False,sampled_upper_bound,7015
52,biszoq,8,240,2.1462912167800194,True,exact_final,9519
52,biszoq,9,15,3.5457146167755127,False,sampled_upper_bound,579
52,biszoq,9,30,3.460062026977539,False,sampled_upper_bound,1016
52,biszoq,9,60,3.03261661529541,False,sampled_upper_bound,2033
52,biszoq,9,120,2.7970356941223145,False,sampled_upper_bound,3501
52,biszoq,9,180,2.6442055702209473,False,sampled_upper_bound,4872
52,biszoq,9,240,2.4932603093618146,True,exact_final,6228
52,biszoq,10,15,3.0196337699890137,False,sampled_upper_bound,544
52,biszoq,10,30,2.629277467727661,False,sampled_upper_bound,1172
52,biszoq,10,60,2.0984947681427,False,sampled_upper_bound,2382
52,biszoq,10,120,1.9194895029067993,False,sampled_upper_bound,4761
52,biszoq,10,180,1.6110825538635254,False,sampled_upper_bound,6916
52,biszoq,10,240,1.5528140910396906,True,exact_final,9094
53,dvolovenko,1,15,4.48472261428833,False,sampled_upper_bound,287
53,dvolovenko,1,30,4.48472261428833,False,sampled_upper_bound,605
53,dvolovenko,1,60,4.4834303855896,False,sampled_upper_bound,1248
53,dvolovenko,1,120,4.482963562011719,False,sampled_upper_bound,2515
53,dvolovenko,1,180,4.482299327850342,False,sampled_upper_bound,3804
53,dvolovenko,1,240,4.480464889497519,True,exact_final,5087
53,dvolovenko,2,15,4.480888366699219,False,sampled_upper_bound,270
53,dvolovenko,2,30,4.477444648742676,False,sampled_upper_bound,584
53,dvolovenko,2,60,4.476790576890716,True,exact_final_best_already_reached,1210
53,dvolovenko,2,120,4.476790576890716,True,exact_final_best_already_reached,2500
53,dvolovenko,2,180,4.476790576890716,True,exact_final_best_already_reached,3765
53,dvolovenko,2,240,4.476790576890716,True,exact_final,5063
53,dvolovenko,3,15,1.263089895248413,False,sampled_upper_bound,154
53,dvolovenko,3,30,0.7519432306289673,False,sampled_upper_bound,400
53,dvolovenko,3,60,0.592338502407074,False,sampled_upper_bound,1073
53,dvolovenko,3,120,0.5834074020385742,False,sampled_upper_bound,2418
53,dvolovenko,3,180,0.5542678900524208,True,exact_final_best_already_reached,3764
53,dvolovenko,3,240,0.5542678900524208,True,exact_final,5106
53,dvolovenko,4,15,4.158236503601074,False,sampled_upper_bound,182
53,dvolovenko,4,30,4.1528231236069635,True,exact_final_best_already_reached,406
53,dvolovenko,4,60,4.1528231236069635,True,exact_final_best_already_reached,862
53,dvolovenko,4,120,4.1528231236069635,True,exact_final_best_already_reached,1718
53,dvolovenko,4,180,4.1528231236069635,True,exact_final_best_already_reached,2608
53,dvolovenko,4,240,4.1528231236069635,True,exact_final,3473
53,dvolovenko,5,15,1.9463756084442139,False,sampled_upper_bound,264
53,dvolovenko,5,30,1.9066920280456543,False,sampled_upper_bound,568
53,dvolovenko,5,60,1.9066920280456543,False,sampled_upper_bound,1181
53,dvolovenko,5,120,0.47041425108909607,False,sampled_upper_bound,2471
53,dvolovenko,5,180,0.4478733448755712,True,exact_final_best_already_reached,3787
53,dvolovenko,5,240,0.4478733448755712,True,exact_final,5111
53,dvolovenko,6,15,4.315428256988525,False,sampled_upper_bound,195
53,dvolovenko,6,30,4.315428256988525,False,sampled_upper_bound,399
53,dvolovenko,6,60,0.562972366809845,False,sampled_upper_bound,960
53,dvolovenko,6,120,0.4794381558895111,False,sampled_upper_bound,2297
53,dvolovenko,6,180,0.45158830147858675,True,exact_final_best_already_reached,3639
53,dvolovenko,6,240,0.45158830147858675,True,exact_final,5008
53,dvolovenko,7,15,0.4247724413871765,False,sampled_upper_bound,256
53,dvolovenko,7,30,0.42284825444221497,False,sampled_upper_bound,576
53,dvolovenko,7,60,0.421771377325058,False,sampled_upper_bound,1221
53,dvolovenko,7,120,0.4208473563194275,False,sampled_upper_bound,2504
53,dvolovenko,7,180,0.41859580328586826,True,exact_final_best_already_reached,3779
53,dvolovenko,7,240,0.41859580328586826,True,exact_final,5034
53,dvolovenko,8,15,1.9560999870300293,False,sampled_upper_bound,106
53,dvolovenko,8,30,0.6235163807868958,False,sampled_upper_bound,314
53,dvolovenko,8,60,0.490762859582901,False,sampled_upper_bound,894
53,dvolovenko,8,120,0.4863264858722687,False,sampled_upper_bound,2092
53,dvolovenko,8,180,0.4863264858722687,False,sampled_upper_bound,3287
53,dvolovenko,8,240,0.485662459693195,True,exact_final,4463
53,dvolovenko,9,15,1.5490005016326904,False,sampled_upper_bound,124
53,dvolovenko,9,30,1.0095114707946777,False,sampled_upper_bound,394
53,dvolovenko,9,60,0.700499951839447,False,sampled_upper_bound,942
53,dvolovenko,9,120,0.640360414981842,False,sampled_upper_bound,2057
53,dvolovenko,9,180,0.63725745677948,False,sampled_upper_bound,3237
53,dvolovenko,9,240,0.6338835339539844,True,exact_final,4412
53,dvolovenko,10,15,3.795290946960449,False,sampled_upper_bound,286
53,dvolovenko,10,30,3.754136562347412,False,sampled_upper_bound,551
53,dvolovenko,10,60,3.7192413806915283,False,sampled_upper_bound,1099
53,dvolovenko,10,120,3.7077625679414257,True,exact_final_best_already_reached,2213
53,dvolovenko,10,180,3.7077625679414257,True,exact_final_best_already_reached,3343
53,dvolovenko,10,240,3.7077625679414257,True,exact_final,4468
54,thatdaveguy,1,15,4.312960147857666,False,sampled_upper_bound,79
54,thatdaveguy,1,30,2.793834924697876,False,sampled_upper_bound,206
54,thatdaveguy,1,60,2.580012145664445,True,exact_final_best_already_reached,456
54,thatdaveguy,1,120,2.580012145664445,True,exact_final_best_already_reached,871
54,thatdaveguy,1,180,2.580012145664445,True,exact_final_best_already_reached,1284
54,thatdaveguy,1,240,2.580012145664445,True,exact_final,1683
54,thatdaveguy,2,15,4.278412342071533,False,sampled_upper_bound,131
54,thatdaveguy,2,30,3.3162906169891357,False,sampled_upper_bound,258
54,thatdaveguy,2,60,2.483231896018249,True,exact_final_best_already_reached,591
54,thatdaveguy,2,120,2.483231896018249,True,exact_final_best_already_reached,1010
54,thatdaveguy,2,180,2.483231896018249,True,exact_final_best_already_reached,1392
54,thatdaveguy,2,240,2.483231896018249,True,exact_final,1762
54,thatdaveguy,3,15,3.2620925903320312,False,sampled_upper_bound,125
54,thatdaveguy,3,30,3.2620925903320312,False,sampled_upper_bound,203
54,thatdaveguy,3,60,3.2620925903320312,False,sampled_upper_bound,352
54,thatdaveguy,3,120,3.2620925903320312,False,sampled_upper_bound,635
54,thatdaveguy,3,180,2.2041072845458984,False,sampled_upper_bound,1060
54,thatdaveguy,3,240,2.005237729724878,True,exact_final,1345
54,thatdaveguy,4,15,4.402993679046631,False,sampled_upper_bound,151
54,thatdaveguy,4,30,4.402993679046631,False,sampled_upper_bound,304
54,thatdaveguy,4,60,4.231582164764404,False,sampled_upper_bound,460
54,thatdaveguy,4,120,3.910076379776001,False,sampled_upper_bound,866
54,thatdaveguy,4,180,3.7730987630063066,True,exact_final_best_already_reached,1198
54,thatdaveguy,4,240,3.7730987630063066,True,exact_final,1582
54,thatdaveguy,5,15,3.1889333724975586,False,sampled_upper_bound,177
54,thatdaveguy,5,30,2.6955275535583496,False,sampled_upper_bound,254
54,thatdaveguy,5,60,2.6955275535583496,False,sampled_upper_bound,385
54,thatdaveguy,5,120,2.6955275535583496,False,sampled_upper_bound,644
54,thatdaveguy,5,180,2.433222532272339,False,sampled_upper_bound,816
54,thatdaveguy,5,240,2.3223347921544057,True,exact_final,1014
54,thatdaveguy,6,15,2.1679940868863863,True,exact_final_best_already_reached,152
54,thatdaveguy,6,30,2.1679940868863863,True,exact_final_best_already_reached,277
54,thatdaveguy,6,60,2.1679940868863863,True,exact_final_best_already_reached,500
54,thatdaveguy,6,120,2.1679940868863863,True,exact_final_best_already_reached,951
54,thatdaveguy,6,180,2.1679940868863863,True,exact_final_best_already_reached,1353
54,thatdaveguy,6,240,2.1679940868863863,True,exact_final,1759
54,thatdaveguy,7,15,2.694639923616938,True,exact_final_best_already_reached,235
54,thatdaveguy,7,30,2.694639923616938,True,exact_final_best_already_reached,430
54,thatdaveguy,7,60,2.694639923616938,True,exact_final_best_already_reached,824
54,thatdaveguy,7,120,2.694639923616938,True,exact_final_best_already_reached,1630
54,thatdaveguy,7,180,2.694639923616938,True,exact_final_best_already_reached,2442
54,thatdaveguy,7,240,2.694639923616938,True,exact_final,3285
54,thatdaveguy,8,15,2.758542060852051,False,sampled_upper_bound,169
54,thatdaveguy,8,30,2.357893943786621,False,sampled_upper_bound,350
54,thatdaveguy,8,60,2.1059001052810986,True,exact_final_best_already_reached,613
54,thatdaveguy,8,120,2.1059001052810986,True,exact_final_best_already_reached,1053
54,thatdaveguy,8,180,2.1059001052810986,True,exact_final_best_already_reached,1404
54,thatdaveguy,8,240,2.1059001052810986,True,exact_final,1797
54,thatdaveguy,9,15,3.222350835800171,False,sampled_upper_bound,216
54,thatdaveguy,9,30,2.5490221977233887,False,sampled_upper_bound,387
54,thatdaveguy,9,60,2.4007544433988675,True,exact_final_best_already_reached,760
54,thatdaveguy,9,120,2.4007544433988675,True,exact_final_best_already_reached,1659
54,thatdaveguy,9,180,2.4007544433988675,True,exact_final_best_already_reached,2558
54,thatdaveguy,9,240,2.4007544433988675,True,exact_final,3516
54,thatdaveguy,10,15,3.809542179107666,False,sampled_upper_bound,91
54,thatdaveguy,10,30,2.5124571323394775,False,sampled_upper_bound,213
54,thatdaveguy,10,60,2.5124571323394775,False,sampled_upper_bound,471
54,thatdaveguy,10,120,2.5124571323394775,False,sampled_upper_bound,994
54,thatdaveguy,10,180,2.370330333709717,False,sampled_upper_bound,1348
54,thatdaveguy,10,240,2.249480510425619,True,exact_final,1568
55,jnapoles,1,15,4.227057456970215,False,sampled_upper_bound,292
55,jnapoles,1,30,3.8738620281219482,False,sampled_upper_bound,558
55,jnapoles,1,60,3.811427354812622,False,sampled_upper_bound,1089
55,jnapoles,1,120,3.806267738342285,False,sampled_upper_bound,2147
55,jnapoles,1,180,3.801038821966049,True,exact_final_best_already_reached,3202
55,jnapoles,1,240,3.801038821966049,True,exact_final,4298
55,jnapoles,2,15,4.095303058624268,False,sampled_upper_bound,226
55,jnapoles,2,30,4.046911716461182,False,sampled_upper_bound,441
55,jnapoles,2,60,4.046911716461182,False,sampled_upper_bound,869
55,jnapoles,2,120,3.9385745525360107,False,sampled_upper_bound,1699
55,jnapoles,2,180,3.8675732612609863,False,sampled_upper_bound,2474
55,jnapoles,2,240,3.842984411011784,True,exact_final,3237
55,jnapoles,3,15,1.9407275915145874,False,sampled_upper_bound,220
55,jnapoles,3,30,1.4686049222946167,False,sampled_upper_bound,346
55,jnapoles,3,60,1.1859222650527954,False,sampled_upper_bound,719
55,jnapoles,3,120,1.1083132028579712,False,sampled_upper_bound,1752
55,jnapoles,3,180,1.1083132028579712,False,sampled_upper_bound,2754
55,jnapoles,3,240,0.9807792188452037,True,exact_final,3763
55,jnapoles,4,15,4.477566242218018,False,sampled_upper_bound,305
55,jnapoles,4,30,4.4769110679626465,False,sampled_upper_bound,633
55,jnapoles,4,60,4.4762654304504395,False,sampled_upper_bound,1289
55,jnapoles,4,120,4.47624397277832,False,sampled_upper_bound,2603
55,jnapoles,4,180,4.476161003112793,False,sampled_upper_bound,3927
55,jnapoles,4,240,4.476157322579038,True,exact_final,5241
55,jnapoles,5,15,4.402544943738272,True,exact_final_best_already_reached,27
55,jnapoles,5,30,4.402544943738272,True,exact_final_best_already_reached,27
55,jnapoles,5,60,4.402544943738272,True,exact_final_best_already_reached,27
55,jnapoles,5,120,4.402544943738272,True,exact_final_best_already_reached,27
55,jnapoles,5,180,4.402544943738272,True,exact_final_best_already_reached,27
55,jnapoles,5,240,4.402544943738272,True,exact_final,27
55,jnapoles,6,15,3.9840004444122314,False,sampled_upper_bound,295
55,jnapoles,6,30,3.273137331008911,False,sampled_upper_bound,645
55,jnapoles,6,60,0.9981130361557007,False,sampled_upper_bound,1365
55,jnapoles,6,120,0.8798307660143888,True,exact_final_best_already_reached,2820
55,jnapoles,6,180,0.8798307660143888,True,exact_final_best_already_reached,4278
55,jnapoles,6,240,0.8798307660143888,True,exact_final,5733
55,jnapoles,7,15,0.622626543045044,False,sampled_upper_bound,52
55,jnapoles,7,30,0.5673386454582214,False,sampled_upper_bound,408
55,jnapoles,7,60,0.5432382156083545,True,exact_final_best_already_reached,1125
55,jnapoles,7,120,0.5432382156083545,True,exact_final_best_already_reached,2555
55,jnapoles,7,180,0.5432382156083545,True,exact_final_best_already_reached,3983
55,jnapoles,7,240,0.5432382156083545,True,exact_final,5422
55,jnapoles,8,15,1.9047292470932007,False,sampled_upper_bound,151
55,jnapoles,8,30,0.9306260943412781,False,sampled_upper_bound,181
55,jnapoles,8,60,0.9021284580230713,False,sampled_upper_bound,390
55,jnapoles,8,120,0.8894708752632141,False,sampled_upper_bound,981
55,jnapoles,8,180,0.82158666989337,True,exact_final_best_already_reached,1512
55,jnapoles,8,240,0.82158666989337,True,exact_final,1952
55,jnapoles,9,15,4.483221849299619,True,exact_final_best_already_reached,274
55,jnapoles,9,30,4.483221849299619,True,exact_final_best_already_reached,593
55,jnapoles,9,60,4.483221849299619,True,exact_final_best_already_reached,1245
55,jnapoles,9,120,4.483221849299619,True,exact_final_best_already_reached,2261
55,jnapoles,9,180,4.483221849299619,True,exact_final_best_already_reached,3545
55,jnapoles,9,240,4.483221849299619,True,exact_final,4932
55,jnapoles,10,15,1.9553580284118652,False,sampled_upper_bound,181
55,jnapoles,10,30,1.526566505432129,False,sampled_upper_bound,424
55,jnapoles,10,60,1.4732067584991455,False,sampled_upper_bound,997
55,jnapoles,10,120,1.3984156847000122,False,sampled_upper_bound,2144
55,jnapoles,10,180,0.7962374091148376,False,sampled_upper_bound,3378
55,jnapoles,10,240,0.671592548634963,True,exact_final,4653
56,riskywindow,1,15,3.6041159629821777,False,sampled_upper_bound,201
56,riskywindow,1,30,3.493595838546753,False,sampled_upper_bound,411
56,riskywindow,1,60,2.5480434894561768,False,sampled_upper_bound,761
56,riskywindow,1,120,2.4069132804870605,False,sampled_upper_bound,1487
56,riskywindow,1,180,2.4069132804870605,False,sampled_upper_bound,2137
56,riskywindow,1,240,2.3801036612479787,True,exact_final,2838
56,riskywindow,2,15,4.442938327789307,False,sampled_upper_bound,190
56,riskywindow,2,30,4.375019073486328,False,sampled_upper_bound,358
56,riskywindow,2,60,2.803326368331909,False,sampled_upper_bound,727
56,riskywindow,2,120,2.6908953189849854,False,sampled_upper_bound,1540
56,riskywindow,2,180,2.3991689682006836,False,sampled_upper_bound,2281
56,riskywindow,2,240,2.2463922198037287,True,exact_final,3066
56,riskywindow,3,15,4.447648525238037,False,sampled_upper_bound,183
56,riskywindow,3,30,4.434086799621582,False,sampled_upper_bound,364
56,riskywindow,3,60,2.972435235977173,False,sampled_upper_bound,739
56,riskywindow,3,120,2.899463415145874,False,sampled_upper_bound,1487
56,riskywindow,3,180,2.683290094238006,True,exact_final_best_already_reached,2263
56,riskywindow,3,240,2.683290094238006,True,exact_final,2998
56,riskywindow,4,15,3.285007953643799,False,sampled_upper_bound,182
56,riskywindow,4,30,3.285007953643799,False,sampled_upper_bound,367
56,riskywindow,4,60,3.008143784097407,True,exact_final_best_already_reached,768
56,riskywindow,4,120,3.008143784097407,True,exact_final_best_already_reached,1557
56,riskywindow,4,180,3.008143784097407,True,exact_final_best_already_reached,2336
56,riskywindow,4,240,3.008143784097407,True,exact_final,3162
56,riskywindow,5,15,4.345644950866699,False,sampled_upper_bound,211
56,riskywindow,5,30,3.9575893878936768,False,sampled_upper_bound,397
56,riskywindow,5,60,3.9575893878936768,False,sampled_upper_bound,801
56,riskywindow,5,120,3.9575893878936768,False,sampled_upper_bound,1625
56,riskywindow,5,180,3.9575893878936768,False,sampled_upper_bound,2429
56,riskywindow,5,240,2.872507586535553,True,exact_final,3283
56,riskywindow,6,15,3.061443567276001,False,sampled_upper_bound,219
56,riskywindow,6,30,2.8890581130981445,False,sampled_upper_bound,443
56,riskywindow,6,60,2.7217957973480225,False,sampled_upper_bound,943
56,riskywindow,6,120,2.637241820459826,True,exact_final_best_already_reached,1913
56,riskywindow,6,180,2.637241820459826,True,exact_final_best_already_reached,2850
56,riskywindow,6,240,2.637241820459826,True,exact_final,3789
56,riskywindow,7,15,3.2437267303466797,False,sampled_upper_bound,215
56,riskywindow,7,30,3.2437267303466797,False,sampled_upper_bound,420
56,riskywindow,7,60,3.2437267303466797,False,sampled_upper_bound,837
56,riskywindow,7,120,3.178494930267334,False,sampled_upper_bound,1723
56,riskywindow,7,180,3.157118320465088,False,sampled_upper_bound,2601
56,riskywindow,7,240,2.891033294611863,True,exact_final,3472
56,riskywindow,8,15,3.582216501235962,False,sampled_upper_bound,179
56,riskywindow,8,30,2.9650213718414307,False,sampled_upper_bound,363
56,riskywindow,8,60,2.9650213718414307,False,sampled_upper_bound,735
56,riskywindow,8,120,2.9413340091705322,False,sampled_upper_bound,1482
56,riskywindow,8,180,2.9241672783991124,True,exact_final_best_already_reached,2241
56,riskywindow,8,240,2.9241672783991124,True,exact_final,2991
56,riskywindow,9,15,4.359045505523682,False,sampled_upper_bound,190
56,riskywindow,9,30,4.359045505523682,False,sampled_upper_bound,368
56,riskywindow,9,60,3.5458083152770996,False,sampled_upper_bound,747
56,riskywindow,9,120,3.161454916000366,False,sampled_upper_bound,1529
56,riskywindow,9,180,3.1244571208953857,False,sampled_upper_bound,2250
56,riskywindow,9,240,2.5954961250376223,True,exact_final,2974
56,riskywindow,10,15,3.477458953857422,False,sampled_upper_bound,209
56,riskywindow,10,30,3.472736120223999,False,sampled_upper_bound,416
56,riskywindow,10,60,3.3959696292877197,False,sampled_upper_bound,771
56,riskywindow,10,120,3.393492100642334,True,exact_final_best_already_reached,1548
56,riskywindow,10,180,3.393492100642334,True,exact_final_best_already_reached,2335
56,riskywindow,10,240,3.393492100642334,True,exact_final,3110
57,lokwenbin,1,15,3.253162384033203,False,sampled_upper_bound,184
57,lokwenbin,1,30,3.253162384033203,False,sampled_upper_bound,360
57,lokwenbin,1,60,3.0073564070350027,True,exact_final_best_already_reached,748
57,lokwenbin,1,120,3.0073564070350027,True,exact_final_best_already_reached,1534
57,lokwenbin,1,180,3.0073564070350027,True,exact_final_best_already_reached,2204
57,lokwenbin,1,240,3.0073564070350027,True,exact_final,2869
57,lokwenbin,2,15,2.36933970451355,False,sampled_upper_bound,215
57,lokwenbin,2,30,2.180752754211426,False,sampled_upper_bound,383
57,lokwenbin,2,60,2.0717086791992188,False,sampled_upper_bound,763
57,lokwenbin,2,120,2.0717086791992188,False,sampled_upper_bound,1428
57,lokwenbin,2,180,2.0628368854522705,False,sampled_upper_bound,1978
57,lokwenbin,2,240,1.9953905422358935,True,exact_final,2510
57,lokwenbin,3,15,3.2342262268066406,False,sampled_upper_bound,178
57,lokwenbin,3,30,3.2178640365600586,False,sampled_upper_bound,398
57,lokwenbin,3,60,3.115588903427124,False,sampled_upper_bound,840
57,lokwenbin,3,120,2.9403584669788576,True,exact_final_best_already_reached,1581
57,lokwenbin,3,180,2.9403584669788576,True,exact_final_best_already_reached,2356
57,lokwenbin,3,240,2.9403584669788576,True,exact_final,3139
57,lokwenbin,4,15,4.175983428955078,False,sampled_upper_bound,162
57,lokwenbin,4,30,4.175983428955078,False,sampled_upper_bound,374
57,lokwenbin,4,60,4.175983428955078,False,sampled_upper_bound,794
57,lokwenbin,4,120,4.163201332092285,False,sampled_upper_bound,1508
57,lokwenbin,4,180,4.142699241638184,False,sampled_upper_bound,2257
57,lokwenbin,4,240,4.021431966215075,True,exact_final,2907
57,lokwenbin,5,15,2.738255500793457,False,sampled_upper_bound,201
57,lokwenbin,5,30,2.6714603900909424,False,sampled_upper_bound,392
57,lokwenbin,5,60,2.6714603900909424,False,sampled_upper_bound,798
57,lokwenbin,5,120,2.65515398979187,False,sampled_upper_bound,1636
57,lokwenbin,5,180,2.386978660488036,True,exact_final_best_already_reached,2315
57,lokwenbin,5,240,2.386978660488036,True,exact_final,2990
57,lokwenbin,6,15,3.419299840927124,False,sampled_upper_bound,180
57,lokwenbin,6,30,3.24196457862854,False,sampled_upper_bound,392
57,lokwenbin,6,60,3.2017529010772705,False,sampled_upper_bound,804
57,lokwenbin,6,120,3.0833844750548374,True,exact_final_best_already_reached,1601
57,lokwenbin,6,180,3.0833844750548374,True,exact_final_best_already_reached,2345
57,lokwenbin,6,240,3.0833844750548374,True,exact_final,3117
57,lokwenbin,7,15,3.322866916656494,False,sampled_upper_bound,258
57,lokwenbin,7,30,3.2473011016845703,False,sampled_upper_bound,510
57,lokwenbin,7,60,3.2473011016845703,False,sampled_upper_bound,1028
57,lokwenbin,7,120,3.226832866668701,False,sampled_upper_bound,1836
57,lokwenbin,7,180,3.1291208267211914,False,sampled_upper_bound,2683
57,lokwenbin,7,240,3.057484545826282,True,exact_final,3519
57,lokwenbin,8,15,3.390625238418579,False,sampled_upper_bound,169
57,lokwenbin,8,30,3.390625238418579,False,sampled_upper_bound,365
57,lokwenbin,8,60,3.270914077758789,False,sampled_upper_bound,766
57,lokwenbin,8,120,2.405879646759772,True,exact_final_best_already_reached,1509
57,lokwenbin,8,180,2.405879646759772,True,exact_final_best_already_reached,2235
57,lokwenbin,8,240,2.405879646759772,True,exact_final,2975
57,lokwenbin,9,15,3.601454496383667,False,sampled_upper_bound,224
57,lokwenbin,9,30,3.4406206607818604,False,sampled_upper_bound,452
57,lokwenbin,9,60,3.1589145970497623,True,exact_final_best_already_reached,884
57,lokwenbin,9,120,3.1589145970497623,True,exact_final_best_already_reached,1669
57,lokwenbin,9,180,3.1589145970497623,True,exact_final_best_already_reached,2434
57,lokwenbin,9,240,3.1589145970497623,True,exact_final,3173
57,lokwenbin,10,15,3.593195676803589,False,sampled_upper_bound,200
57,lokwenbin,10,30,3.4763896465301514,False,sampled_upper_bound,423
57,lokwenbin,10,60,3.3282419719091703,True,exact_final_best_already_reached,801
57,lokwenbin,10,120,3.3282419719091703,True,exact_final_best_already_reached,1545
57,lokwenbin,10,180,3.3282419719091703,True,exact_final_best_already_reached,2286
57,lokwenbin,10,240,3.3282419719091703,True,exact_final,3051
58,eristic,1,15,4.494147777557373,False,sampled_upper_bound,473
58,eristic,1,30,4.4922742175929,True,exact_final_best_already_reached,758
58,eristic,1,60,4.4922742175929,True,exact_final_best_already_reached,1367
58,eristic,1,120,4.4922742175929,True,exact_final_best_already_reached,2587
58,eristic,1,180,4.4922742175929,True,exact_final_best_already_reached,3800
58,eristic,1,240,4.4922742175929,True,exact_final,5018
58,eristic,2,15,2.9753408432006836,False,sampled_upper_bound,604
58,eristic,2,30,2.843966245651245,False,sampled_upper_bound,1328
58,eristic,2,60,2.5218160152435303,False,sampled_upper_bound,2735
58,eristic,2,120,2.4637380271001907,True,exact_final_best_already_reached,4042
58,eristic,2,180,2.4637380271001907,True,exact_final_best_already_reached,4971
58,eristic,2,240,2.4637380271001907,True,exact_final,5582
58,eristic,3,15,4.578322410583496,False,sampled_upper_bound,402
58,eristic,3,30,4.5466389656066895,False,sampled_upper_bound,877
58,eristic,3,60,4.4991302490234375,False,sampled_upper_bound,1648
58,eristic,3,120,4.49174690246582,False,sampled_upper_bound,3682
58,eristic,3,180,4.3361843386814005,True,exact_final_best_already_reached,5516
58,eristic,3,240,4.3361843386814005,True,exact_final,6938
58,eristic,4,15,4.595259666442871,False,sampled_upper_bound,353
58,eristic,4,30,4.512249946594238,False,sampled_upper_bound,1041
58,eristic,4,60,4.496617794036865,False,sampled_upper_bound,1990
58,eristic,4,120,4.481043338775635,False,sampled_upper_bound,3743
58,eristic,4,180,4.48104190826416,False,sampled_upper_bound,5423
58,eristic,4,240,4.479695628378831,True,exact_final,6669
58,eristic,5,15,4.641777038574219,False,sampled_upper_bound,494
58,eristic,5,30,4.446920394897461,False,sampled_upper_bound,1052
58,eristic,5,60,4.085405349731445,False,sampled_upper_bound,2476
58,eristic,5,120,3.970735549926758,False,sampled_upper_bound,4200
58,eristic,5,180,3.9701054096221924,False,sampled_upper_bound,5781
58,eristic,5,240,3.9280397508553455,True,exact_final,7468
58,eristic,6,15,3.281736135482788,False,sampled_upper_bound,658
58,eristic,6,30,3.281736135482788,False,sampled_upper_bound,1466
58,eristic,6,60,3.281736135482788,False,sampled_upper_bound,3075
58,eristic,6,120,3.281736135482788,False,sampled_upper_bound,6299
58,eristic,6,180,3.281736135482788,False,sampled_upper_bound,9529
58,eristic,6,240,3.1765609461992996,True,exact_final,12821
58,eristic,7,15,3.8920586109161377,False,sampled_upper_bound,404
58,eristic,7,30,3.8620824813842773,False,sampled_upper_bound,771
58,eristic,7,60,3.8451707098770456,True,exact_final_best_already_reached,1378
58,eristic,7,120,3.8451707098770456,True,exact_final_best_already_reached,2695
58,eristic,7,180,3.8451707098770456,True,exact_final_best_already_reached,4022
58,eristic,7,240,3.8451707098770456,True,exact_final,5349
58,eristic,8,15,3.2293288707733154,False,sampled_upper_bound,587
58,eristic,8,30,2.913792371749878,False,sampled_upper_bound,1321
58,eristic,8,60,2.8210934505389664,True,exact_final_best_already_reached,2409
58,eristic,8,120,2.8210934505389664,True,exact_final_best_already_reached,3346
58,eristic,8,180,2.8210934505389664,True,exact_final_best_already_reached,4283
58,eristic,8,240,2.8210934505389664,True,exact_final,4921
58,eristic,9,15,4.518130779266357,False,sampled_upper_bound,413
58,eristic,9,30,4.506899457992678,True,exact_final_best_already_reached,801
58,eristic,9,60,4.506899457992678,True,exact_final_best_already_reached,1482
58,eristic,9,120,4.506899457992678,True,exact_final_best_already_reached,2867
58,eristic,9,180,4.506899457992678,True,exact_final_best_already_reached,4250
58,eristic,9,240,4.506899457992678,True,exact_final,5643
58,eristic,10,15,4.492655277252197,False,sampled_upper_bound,614
58,eristic,10,30,4.491857557437038,True,exact_final_best_already_reached,1024
58,eristic,10,60,4.491857557437038,True,exact_final_best_already_reached,1532
58,eristic,10,120,4.491857557437038,True,exact_final_best_already_reached,2541
58,eristic,10,180,4.491857557437038,True,exact_final_best_already_reached,3556
58,eristic,10,240,4.491857557437038,True,exact_final,4556
59,turabusmani,1,15,5.0397796630859375,False,sampled_upper_bound,35
59,turabusmani,1,30,4.78863525390625,False,sampled_upper_bound,155
59,turabusmani,1,60,4.488691329956055,False,sampled_upper_bound,333
59,turabusmani,1,120,4.022674083709717,False,sampled_upper_bound,808
59,turabusmani,1,180,4.022674083709717,False,sampled_upper_bound,3248
59,turabusmani,1,240,3.1664206152251175,True,exact_final,3870
59,turabusmani,2,15,5.046878814697266,False,sampled_upper_bound,96
59,turabusmani,2,30,4.529758453369141,False,sampled_upper_bound,341
59,turabusmani,2,60,4.0534491539001465,False,sampled_upper_bound,804
59,turabusmani,2,120,3.681825853235145,True,exact_final_best_already_reached,1769
59,turabusmani,2,180,3.681825853235145,True,exact_final_best_already_reached,4051
59,turabusmani,2,240,3.681825853235145,True,exact_final,4643
59,turabusmani,3,15,5.11340856552124,False,sampled_upper_bound,118
59,turabusmani,3,30,4.673574447631836,False,sampled_upper_bound,282
59,turabusmani,3,60,3.9981563091278076,False,sampled_upper_bound,597
59,turabusmani,3,120,3.7580667128514005,True,exact_final_best_already_reached,1149
59,turabusmani,3,180,3.7580667128514005,True,exact_final_best_already_reached,3404
59,turabusmani,3,240,3.7580667128514005,True,exact_final,3984
59,turabusmani,4,15,6.102828025817871,False,sampled_upper_bound,14
59,turabusmani,4,30,5.106051445007324,False,sampled_upper_bound,49
59,turabusmani,4,60,4.457761423994684,True,exact_final_best_already_reached,155
59,turabusmani,4,120,4.457761423994684,True,exact_final_best_already_reached,271
59,turabusmani,4,180,4.457761423994684,True,exact_final_best_already_reached,2454
59,turabusmani,4,240,4.457761423994684,True,exact_final,2969
59,turabusmani,5,15,18.594482421875,False,sampled_upper_bound,3
59,turabusmani,5,30,18.594482421875,False,sampled_upper_bound,3
59,turabusmani,5,60,18.594482421875,False,sampled_upper_bound,3
59,turabusmani,5,120,18.594482421875,False,sampled_upper_bound,3
59,turabusmani,5,180,4.791783809661865,False,sampled_upper_bound,3003
59,turabusmani,5,240,4.068683650754785,True,exact_final,3770
59,turabusmani,6,15,7.109414577484131,False,sampled_upper_bound,3
59,turabusmani,6,30,4.565826892852783,False,sampled_upper_bound,4
59,turabusmani,6,60,4.565826892852783,False,sampled_upper_bound,5
59,turabusmani,6,120,4.565826892852783,False,sampled_upper_bound,5
59,turabusmani,6,180,4.565826892852783,False,sampled_upper_bound,2771
59,turabusmani,6,240,4.150739211334396,True,exact_final,3349
59,turabusmani,7,15,5.089048862457275,False,sampled_upper_bound,187
59,turabusmani,7,30,4.798121452331543,False,sampled_upper_bound,373
59,turabusmani,7,60,4.670914173126221,False,sampled_upper_bound,767
59,turabusmani,7,120,4.584306240081787,False,sampled_upper_bound,1746
59,turabusmani,7,180,4.584306240081787,False,sampled_upper_bound,4668
59,turabusmani,7,240,3.869253936639136,True,exact_final,5483
59,turabusmani,8,15,5.532924175262451,False,sampled_upper_bound,30
59,turabusmani,8,30,5.532924175262451,False,sampled_upper_bound,39
59,turabusmani,8,60,4.628751277923584,False,sampled_upper_bound,103
59,turabusmani,8,120,3.6742049620913417,True,exact_final_best_already_reached,726
59,turabusmani,8,180,3.6742049620913417,True,exact_final_best_already_reached,2741
59,turabusmani,8,240,3.6742049620913417,True,exact_final,3358
59,turabusmani,9,15,5.505791187286377,False,sampled_upper_bound,27
59,turabusmani,9,30,5.156388282775879,False,sampled_upper_bound,77
59,turabusmani,9,60,4.643028259277344,False,sampled_upper_bound,247
59,turabusmani,9,120,3.935910771760102,True,exact_final_best_already_reached,574
59,turabusmani,9,180,3.935910771760102,True,exact_final_best_already_reached,2491
59,turabusmani,9,240,3.935910771760102,True,exact_final,3085
59,turabusmani,10,15,5.591152191162109,False,sampled_upper_bound,42
59,turabusmani,10,30,4.881314277648926,False,sampled_upper_bound,85
59,turabusmani,10,60,4.546001434326172,False,sampled_upper_bound,405
59,turabusmani,10,120,3.989213337059646,True,exact_final_best_already_reached,1426
59,turabusmani,10,180,3.989213337059646,True,exact_final_best_already_reached,3810
59,turabusmani,10,240,3.989213337059646,True,exact_final,4479
60,adityakumar,1,15,4.770421504974365,False,sampled_upper_bound,510
60,adityakumar,1,30,4.243361658723822,True,exact_final_best_already_reached,1060
60,adityakumar,1,60,4.243361658723822,True,exact_final_best_already_reached,2154
60,adityakumar,1,120,4.243361658723822,True,exact_final_best_already_reached,4594
60,adityakumar,1,180,4.243361658723822,True,exact_final_best_already_reached,5685
60,adityakumar,1,240,4.243361658723822,True,exact_final,5685
60,adityakumar,2,15,4.992696285247803,False,sampled_upper_bound,443
60,adityakumar,2,30,4.940849304199219,False,sampled_upper_bound,933
60,adityakumar,2,60,4.507094383239746,False,sampled_upper_bound,2087
60,adityakumar,2,120,4.476056886032054,True,exact_final_best_already_reached,4602
60,adityakumar,2,180,4.476056886032054,True,exact_final_best_already_reached,5630
60,adityakumar,2,240,4.476056886032054,True,exact_final,5630
60,adityakumar,3,15,4.4322052001953125,False,sampled_upper_bound,431
60,adityakumar,3,30,4.124095916748047,False,sampled_upper_bound,1014
60,adityakumar,3,60,3.6921238899230957,False,sampled_upper_bound,2079
60,adityakumar,3,120,2.9028685092926025,False,sampled_upper_bound,4088
60,adityakumar,3,180,2.836088456773425,True,exact_final_best_already_reached,4736
60,adityakumar,3,240,2.836088456773425,True,exact_final,4736
60,adityakumar,4,15,5.042745113372803,False,sampled_upper_bound,416
60,adityakumar,4,30,5.021821022033691,False,sampled_upper_bound,901
60,adityakumar,4,60,4.776182651519775,False,sampled_upper_bound,1771
60,adityakumar,4,120,4.671323776245117,False,sampled_upper_bound,4007
60,adityakumar,4,180,4.556924216936202,True,exact_final_best_already_reached,5062
60,adityakumar,4,240,4.556924216936202,True,exact_final,5062
60,adityakumar,5,15,4.6529083251953125,False,sampled_upper_bound,624
60,adityakumar,5,30,4.558444023132324,False,sampled_upper_bound,1298
60,adityakumar,5,60,4.1851582527160645,False,sampled_upper_bound,2958
60,adityakumar,5,120,4.121523857116699,False,sampled_upper_bound,7061
60,adityakumar,5,180,4.0804865775007295,True,exact_final_best_already_reached,8668
60,adityakumar,5,240,4.0804865775007295,True,exact_final,8668
60,adityakumar,6,15,4.524557113647461,False,sampled_upper_bound,668
60,adityakumar,6,30,4.524557113647461,False,sampled_upper_bound,1264
60,adityakumar,6,60,4.522050380706787,False,sampled_upper_bound,2621
60,adityakumar,6,120,4.0916924476623535,False,sampled_upper_bound,5789
60,adityakumar,6,180,3.9357451203405516,True,exact_final_best_already_reached,6820
60,adityakumar,6,240,3.9357451203405516,True,exact_final,6820
60,adityakumar,7,15,4.586437702178955,False,sampled_upper_bound,686
60,adityakumar,7,30,4.586437702178955,False,sampled_upper_bound,1399
60,adityakumar,7,60,4.586437702178955,False,sampled_upper_bound,2797
60,adityakumar,7,120,4.464370226859954,True,exact_final_best_already_reached,5349
60,adityakumar,7,180,4.464370226859954,True,exact_final_best_already_reached,6328
60,adityakumar,7,240,4.464370226859954,True,exact_final,6328
60,adityakumar,8,15,4.768917560577393,False,sampled_upper_bound,508
60,adityakumar,8,30,4.688250541687012,False,sampled_upper_bound,1068
60,adityakumar,8,60,4.565713882446289,False,sampled_upper_bound,2067
60,adityakumar,8,120,3.618705987930298,False,sampled_upper_bound,3565
60,adityakumar,8,180,2.8297685649834965,True,exact_final_best_already_reached,4130
60,adityakumar,8,240,2.8297685649834965,True,exact_final,4130
60,adityakumar,9,15,4.835518836975098,False,sampled_upper_bound,482
60,adityakumar,9,30,4.471957206726074,False,sampled_upper_bound,1060
60,adityakumar,9,60,4.191808700561523,False,sampled_upper_bound,1864
60,adityakumar,9,120,3.6571667194366455,False,sampled_upper_bound,3435
60,adityakumar,9,180,3.241844915843888,True,exact_final_best_already_reached,4196
60,adityakumar,9,240,3.241844915843888,True,exact_final,4196
60,adityakumar,10,15,4.845879077911377,False,sampled_upper_bound,605
60,adityakumar,10,30,4.68202018737793,False,sampled_upper_bound,1307
60,adityakumar,10,60,4.5209879875183105,False,sampled_upper_bound,2770
60,adityakumar,10,120,4.502038955688477,False,sampled_upper_bound,5640
60,adityakumar,10,180,4.48525436981407,True,exact_final_best_already_reached,6742
60,adityakumar,10,240,4.48525436981407,True,exact_final,6742
