rank,participant_id,run_number,elapsed_minutes,best_feasible_loss,is_exact,status,feasible_samples_considered
1,jagarwal,1,15,-0.07622814923524857,False,sampled_upper_bound,226
1,jagarwal,1,30,-0.1461791769022722,True,exact_final_best_already_reached,470
1,jagarwal,1,60,-0.1461791769022722,True,exact_final_best_already_reached,1007
1,jagarwal,1,120,-0.1461791769022722,True,exact_final_best_already_reached,2099
1,jagarwal,1,180,-0.1461791769022722,True,exact_final_best_already_reached,3343
1,jagarwal,1,240,-0.1461791769022722,True,exact_final,4332
1,jagarwal,2,15,0.5140013694763184,False,sampled_upper_bound,210
1,jagarwal,2,30,0.06529649492243135,True,exact_final_best_already_reached,463
1,jagarwal,2,60,0.06529649492243135,True,exact_final_best_already_reached,831
1,jagarwal,2,120,0.06529649492243135,True,exact_final_best_already_reached,1822
1,jagarwal,2,180,0.06529649492243135,True,exact_final_best_already_reached,2759
1,jagarwal,2,240,0.06529649492243135,True,exact_final,3634
1,jagarwal,3,15,0.419649213552475,False,sampled_upper_bound,219
1,jagarwal,3,30,0.32410162687301636,False,sampled_upper_bound,498
1,jagarwal,3,60,-0.17870308458805084,False,sampled_upper_bound,1092
1,jagarwal,3,120,-0.17870308458805084,False,sampled_upper_bound,2292
1,jagarwal,3,180,-0.20845415368662187,True,exact_final_best_already_reached,3519
1,jagarwal,3,240,-0.20845415368662187,True,exact_final,4686
1,jagarwal,4,15,0.4987735152244568,False,sampled_upper_bound,259
1,jagarwal,4,30,0.43513208627700806,False,sampled_upper_bound,513
1,jagarwal,4,60,0.38846832513809204,False,sampled_upper_bound,1032
1,jagarwal,4,120,0.38347244544922093,True,exact_final_best_already_reached,1848
1,jagarwal,4,180,0.38347244544922093,True,exact_final_best_already_reached,2734
1,jagarwal,4,240,0.38347244544922093,True,exact_final,3525
1,jagarwal,5,15,0.4143335521221161,False,sampled_upper_bound,246
1,jagarwal,5,30,0.26935672760009766,False,sampled_upper_bound,495
1,jagarwal,5,60,0.13470487296581268,False,sampled_upper_bound,1009
1,jagarwal,5,120,0.09472337365150452,False,sampled_upper_bound,2009
1,jagarwal,5,180,0.06076089106296847,True,exact_final_best_already_reached,3054
1,jagarwal,5,240,0.06076089106296847,True,exact_final,4149
1,jagarwal,6,15,0.20728206634521484,False,sampled_upper_bound,252
1,jagarwal,6,30,0.059072053892521924,True,exact_final_best_already_reached,486
1,jagarwal,6,60,0.059072053892521924,True,exact_final_best_already_reached,1038
1,jagarwal,6,120,0.059072053892521924,True,exact_final_best_already_reached,2120
1,jagarwal,6,180,0.059072053892521924,True,exact_final_best_already_reached,3110
1,jagarwal,6,240,0.059072053892521924,True,exact_final,3923
1,jagarwal,7,15,0.7335315346717834,False,sampled_upper_bound,242
1,jagarwal,7,30,0.6598013043403625,False,sampled_upper_bound,522
1,jagarwal,7,60,0.4578489363193512,False,sampled_upper_bound,1004
1,jagarwal,7,120,0.444509893655777,False,sampled_upper_bound,2059
1,jagarwal,7,180,0.3296615779399872,False,sampled_upper_bound,3106
1,jagarwal,7,240,0.14190888288973508,True,exact_final,3976
1,jagarwal,8,15,-0.07183976471424103,False,sampled_upper_bound,255
1,jagarwal,8,30,-0.0929752772686868,True,exact_final_best_already_reached,545
1,jagarwal,8,60,-0.0929752772686868,True,exact_final_best_already_reached,1027
1,jagarwal,8,120,-0.0929752772686868,True,exact_final_best_already_reached,2168
1,jagarwal,8,180,-0.0929752772686868,True,exact_final_best_already_reached,3283
1,jagarwal,8,240,-0.0929752772686868,True,exact_final,4433
1,jagarwal,9,15,0.40658676624298096,False,sampled_upper_bound,251
1,jagarwal,9,30,0.3858262002468109,False,sampled_upper_bound,534
1,jagarwal,9,60,0.38243645429611206,False,sampled_upper_bound,1151
1,jagarwal,9,120,0.38243645429611206,False,sampled_upper_bound,2188
1,jagarwal,9,180,-0.2614739033502797,True,exact_final_best_already_reached,2874
1,jagarwal,9,240,-0.2614739033502797,True,exact_final,3326
1,jagarwal,10,15,0.19531543832926246,True,exact_final_best_already_reached,232
1,jagarwal,10,30,0.19531543832926246,True,exact_final_best_already_reached,556
1,jagarwal,10,60,0.19531543832926246,True,exact_final_best_already_reached,1127
1,jagarwal,10,120,0.19531543832926246,True,exact_final_best_already_reached,2202
1,jagarwal,10,180,0.19531543832926246,True,exact_final_best_already_reached,3011
1,jagarwal,10,240,0.19531543832926246,True,exact_final,3621
2,giannischalk,1,15,0.5038414597511292,False,sampled_upper_bound,195
2,giannischalk,1,30,0.5038414597511292,False,sampled_upper_bound,465
2,giannischalk,1,60,0.45495250821113586,False,sampled_upper_bound,1020
2,giannischalk,1,120,0.42926180362701416,False,sampled_upper_bound,2096
2,giannischalk,1,180,0.3525000810623169,False,sampled_upper_bound,3204
2,giannischalk,1,240,0.2722177800577272,True,exact_final,4257
2,giannischalk,2,15,0.4178573787212372,False,sampled_upper_bound,200
2,giannischalk,2,30,0.4178573787212372,False,sampled_upper_bound,482
2,giannischalk,2,60,0.4178573787212372,False,sampled_upper_bound,1013
2,giannischalk,2,120,0.19529177248477936,False,sampled_upper_bound,2113
2,giannischalk,2,180,0.19442510604858398,False,sampled_upper_bound,3234
2,giannischalk,2,240,0.17718601155828737,True,exact_final,4396
2,giannischalk,3,15,0.5306736826896667,False,sampled_upper_bound,256
2,giannischalk,3,30,0.4690248966217041,False,sampled_upper_bound,536
2,giannischalk,3,60,0.4502984285354614,False,sampled_upper_bound,1082
2,giannischalk,3,120,0.4025862216949463,False,sampled_upper_bound,2194
2,giannischalk,3,180,0.40231993794441223,False,sampled_upper_bound,3328
2,giannischalk,3,240,0.16888073781670465,True,exact_final,4470
2,giannischalk,4,15,0.5068894624710083,False,sampled_upper_bound,205
2,giannischalk,4,30,0.4520442485809326,False,sampled_upper_bound,509
2,giannischalk,4,60,0.4520442485809326,False,sampled_upper_bound,1062
2,giannischalk,4,120,0.1894475370645523,False,sampled_upper_bound,2236
2,giannischalk,4,180,0.1652214378118515,False,sampled_upper_bound,3453
2,giannischalk,4,240,0.1562143421893922,True,exact_final,4575
2,giannischalk,5,15,0.4796684980392456,False,sampled_upper_bound,188
2,giannischalk,5,30,0.050558075308799744,False,sampled_upper_bound,439
2,giannischalk,5,60,0.050558075308799744,False,sampled_upper_bound,932
2,giannischalk,5,120,-0.11997251957654953,False,sampled_upper_bound,1945
2,giannischalk,5,180,-0.2116421266200587,True,exact_final_best_already_reached,3022
2,giannischalk,5,240,-0.2116421266200587,True,exact_final,4119
2,giannischalk,6,15,0.5069074034690857,False,sampled_upper_bound,199
2,giannischalk,6,30,0.49608367681503296,False,sampled_upper_bound,488
2,giannischalk,6,60,0.4402849078178406,False,sampled_upper_bound,1026
2,giannischalk,6,120,0.39279595017433167,False,sampled_upper_bound,2170
2,giannischalk,6,180,0.11954399198293686,False,sampled_upper_bound,3250
2,giannischalk,6,240,0.09170466273102998,True,exact_final,4366
2,giannischalk,7,15,0.4917871952056885,False,sampled_upper_bound,227
2,giannischalk,7,30,0.33963361382484436,False,sampled_upper_bound,500
2,giannischalk,7,60,0.33963361382484436,False,sampled_upper_bound,1034
2,giannischalk,7,120,0.20720577239990234,False,sampled_upper_bound,2184
2,giannischalk,7,180,0.18553833137501038,True,exact_final_best_already_reached,3319
2,giannischalk,7,240,0.18553833137501038,True,exact_final,4452
2,giannischalk,8,15,0.5994904041290283,False,sampled_upper_bound,218
2,giannischalk,8,30,0.5415306091308594,False,sampled_upper_bound,472
2,giannischalk,8,60,0.258544921875,False,sampled_upper_bound,1016
2,giannischalk,8,120,0.1308060735464096,False,sampled_upper_bound,2176
2,giannischalk,8,180,0.04463617503643036,False,sampled_upper_bound,3349
2,giannischalk,8,240,0.023474582028516038,True,exact_final,4551
2,giannischalk,9,15,0.3731261193752289,False,sampled_upper_bound,281
2,giannischalk,9,30,0.1873818039894104,False,sampled_upper_bound,587
2,giannischalk,9,60,0.1873818039894104,False,sampled_upper_bound,1152
2,giannischalk,9,120,0.16835401952266693,False,sampled_upper_bound,2340
2,giannischalk,9,180,0.16333328187465668,False,sampled_upper_bound,3566
2,giannischalk,9,240,-0.09351819001975116,True,exact_final,4761
2,giannischalk,10,15,0.49724194407463074,False,sampled_upper_bound,201
2,giannischalk,10,30,0.4620121717453003,False,sampled_upper_bound,478
2,giannischalk,10,60,0.45336660742759705,False,sampled_upper_bound,1008
2,giannischalk,10,120,0.027357276529073715,False,sampled_upper_bound,2116
2,giannischalk,10,180,-0.06134659723210612,True,exact_final_best_already_reached,3236
2,giannischalk,10,240,-0.06134659723210612,True,exact_final,4335
3,seament,1,15,0.407449871301651,False,sampled_upper_bound,77
3,seament,1,30,0.3801617920398712,False,sampled_upper_bound,168
3,seament,1,60,0.3627398908138275,False,sampled_upper_bound,319
3,seament,1,120,0.359781950712204,False,sampled_upper_bound,636
3,seament,1,180,0.3593953549861908,False,sampled_upper_bound,1000
3,seament,1,240,0.3592384196007179,True,exact_final,1279
3,seament,2,15,0.1594155877828598,False,sampled_upper_bound,75
3,seament,2,30,0.1016993448138237,False,sampled_upper_bound,181
3,seament,2,60,0.026340564712882042,False,sampled_upper_bound,366
3,seament,2,120,-0.08527667820453644,False,sampled_upper_bound,729
3,seament,2,180,-0.10557770729064941,False,sampled_upper_bound,1041
3,seament,2,240,-0.11589343577451251,True,exact_final,1308
3,seament,3,15,0.47112295031547546,False,sampled_upper_bound,87
3,seament,3,30,0.19338290393352509,False,sampled_upper_bound,211
3,seament,3,60,0.15906740725040436,False,sampled_upper_bound,436
3,seament,3,120,0.15287432074546814,False,sampled_upper_bound,891
3,seament,3,180,0.14971992373466492,False,sampled_upper_bound,1366
3,seament,3,240,0.1494143068926371,True,exact_final,1710
3,seament,4,15,0.4042745530605316,False,sampled_upper_bound,93
3,seament,4,30,0.2919289767742157,False,sampled_upper_bound,210
3,seament,4,60,0.16191256046295166,False,sampled_upper_bound,422
3,seament,4,120,0.15587663975194396,True,exact_final_best_already_reached,772
3,seament,4,180,0.15587663975194396,True,exact_final_best_already_reached,1103
3,seament,4,240,0.15587663975194396,True,exact_final,1377
3,seament,5,15,0.40962710976600647,False,sampled_upper_bound,77
3,seament,5,30,0.2670232653617859,False,sampled_upper_bound,175
3,seament,5,60,0.22925451397895813,False,sampled_upper_bound,374
3,seament,5,120,0.22223636507987976,False,sampled_upper_bound,711
3,seament,5,180,0.22104153037071228,False,sampled_upper_bound,1059
3,seament,5,240,0.2195394146841274,True,exact_final,1372
3,seament,6,15,0.9987908005714417,False,sampled_upper_bound,44
3,seament,6,30,0.3554041385650635,False,sampled_upper_bound,129
3,seament,6,60,0.31315478682518005,False,sampled_upper_bound,397
3,seament,6,120,0.31020671129226685,False,sampled_upper_bound,1032
3,seament,6,180,0.31020671129226685,False,sampled_upper_bound,1663
3,seament,6,240,0.30892072742623383,True,exact_final,2139
3,seament,7,15,0.17400047183036804,False,sampled_upper_bound,90
3,seament,7,30,0.14944258332252502,False,sampled_upper_bound,172
3,seament,7,60,-0.01431285310536623,False,sampled_upper_bound,345
3,seament,7,120,-0.07470414787530899,False,sampled_upper_bound,701
3,seament,7,180,-0.07968985289335251,False,sampled_upper_bound,1113
3,seament,7,240,-0.0807164302990913,True,exact_final,1462
3,seament,8,15,0.6707060933113098,False,sampled_upper_bound,78
3,seament,8,30,0.4697270691394806,False,sampled_upper_bound,158
3,seament,8,60,0.4117472469806671,False,sampled_upper_bound,319
3,seament,8,120,0.3796243369579315,False,sampled_upper_bound,641
3,seament,8,180,0.35683324933052063,False,sampled_upper_bound,958
3,seament,8,240,0.3551202583753,True,exact_final,1198
3,seament,9,15,0.16817472875118256,False,sampled_upper_bound,85
3,seament,9,30,0.1553722321987152,False,sampled_upper_bound,218
3,seament,9,60,0.13968195021152496,False,sampled_upper_bound,433
3,seament,9,120,0.11553679406642914,False,sampled_upper_bound,876
3,seament,9,180,0.05446702241897583,False,sampled_upper_bound,1343
3,seament,9,240,0.04071652414748836,True,exact_final,1786
3,seament,10,15,0.4210672080516815,False,sampled_upper_bound,54
3,seament,10,30,0.4203368127346039,False,sampled_upper_bound,134
3,seament,10,60,0.42031073570251465,False,sampled_upper_bound,300
3,seament,10,120,0.3234458565711975,False,sampled_upper_bound,642
3,seament,10,180,0.3222537636756897,False,sampled_upper_bound,968
3,seament,10,240,0.3219112634211628,True,exact_final,1216
4,bohanlyu,1,15,0.5829771757125854,False,sampled_upper_bound,222
4,bohanlyu,1,30,0.44238102436065674,False,sampled_upper_bound,479
4,bohanlyu,1,60,0.4386475086212158,False,sampled_upper_bound,1009
4,bohanlyu,1,120,0.41686123609542847,False,sampled_upper_bound,2128
4,bohanlyu,1,180,0.38605067133903503,False,sampled_upper_bound,3288
4,bohanlyu,1,240,0.37364936609429406,True,exact_final,4535
4,bohanlyu,2,15,0.30059197545051575,False,sampled_upper_bound,249
4,bohanlyu,2,30,0.24793179333209991,False,sampled_upper_bound,528
4,bohanlyu,2,60,0.191364124417305,False,sampled_upper_bound,1117
4,bohanlyu,2,120,0.19020609557628632,False,sampled_upper_bound,2298
4,bohanlyu,2,180,0.16454389691352844,False,sampled_upper_bound,3479
4,bohanlyu,2,240,0.15082384169936552,True,exact_final,4763
4,bohanlyu,3,15,0.46290162205696106,False,sampled_upper_bound,271
4,bohanlyu,3,30,0.4443835914134979,False,sampled_upper_bound,548
4,bohanlyu,3,60,0.4443835914134979,False,sampled_upper_bound,1083
4,bohanlyu,3,120,0.19028368592262268,False,sampled_upper_bound,2252
4,bohanlyu,3,180,-0.025611374527215958,False,sampled_upper_bound,3441
4,bohanlyu,3,240,-0.04235343139599822,True,exact_final,4651
4,bohanlyu,4,15,0.4413357675075531,False,sampled_upper_bound,255
4,bohanlyu,4,30,0.4360601603984833,False,sampled_upper_bound,535
4,bohanlyu,4,60,0.4343043863773346,False,sampled_upper_bound,1072
4,bohanlyu,4,120,0.4289689362049103,False,sampled_upper_bound,2222
4,bohanlyu,4,180,0.427109956741333,False,sampled_upper_bound,3421
4,bohanlyu,4,240,0.4177483991549748,True,exact_final,4667
4,bohanlyu,5,15,0.45705366134643555,False,sampled_upper_bound,229
4,bohanlyu,5,30,0.45705366134643555,False,sampled_upper_bound,455
4,bohanlyu,5,60,0.44477954506874084,False,sampled_upper_bound,945
4,bohanlyu,5,120,0.3901413381099701,False,sampled_upper_bound,2083
4,bohanlyu,5,180,0.38065358996391296,False,sampled_upper_bound,3201
4,bohanlyu,5,240,0.3655575026602527,True,exact_final,4349
4,bohanlyu,6,15,0.5353628993034363,False,sampled_upper_bound,220
4,bohanlyu,6,30,0.45144492387771606,False,sampled_upper_bound,472
4,bohanlyu,6,60,0.41845694184303284,False,sampled_upper_bound,992
4,bohanlyu,6,120,0.4011753797531128,False,sampled_upper_bound,2144
4,bohanlyu,6,180,0.3818192481994629,False,sampled_upper_bound,3384
4,bohanlyu,6,240,0.3477953015522155,True,exact_final,4668
4,bohanlyu,7,15,0.31199172139167786,False,sampled_upper_bound,219
4,bohanlyu,7,30,0.31199172139167786,False,sampled_upper_bound,480
4,bohanlyu,7,60,0.276103675365448,False,sampled_upper_bound,1051
4,bohanlyu,7,120,0.24435175955295563,False,sampled_upper_bound,2229
4,bohanlyu,7,180,0.19993305206298828,False,sampled_upper_bound,3351
4,bohanlyu,7,240,0.17660370181747972,True,exact_final,4549
4,bohanlyu,8,15,0.3679965138435364,False,sampled_upper_bound,266
4,bohanlyu,8,30,0.30389463901519775,False,sampled_upper_bound,573
4,bohanlyu,8,60,0.23135733604431152,False,sampled_upper_bound,1199
4,bohanlyu,8,120,0.0731503814458847,False,sampled_upper_bound,2461
4,bohanlyu,8,180,0.04294312000274658,False,sampled_upper_bound,3757
4,bohanlyu,8,240,-0.010158781682546051,True,exact_final,5049
4,bohanlyu,9,15,0.10987178236246109,False,sampled_upper_bound,332
4,bohanlyu,9,30,0.02468462474644184,False,sampled_upper_bound,655
4,bohanlyu,9,60,0.02468462474644184,False,sampled_upper_bound,1250
4,bohanlyu,9,120,0.015742897987365723,False,sampled_upper_bound,2495
4,bohanlyu,9,180,-0.08023681491613388,False,sampled_upper_bound,3733
4,bohanlyu,9,240,-0.12547446378990584,True,exact_final,5045
4,bohanlyu,10,15,0.4671251177787781,False,sampled_upper_bound,224
4,bohanlyu,10,30,0.4671251177787781,False,sampled_upper_bound,478
4,bohanlyu,10,60,0.43764641880989075,False,sampled_upper_bound,1060
4,bohanlyu,10,120,0.18478402495384216,False,sampled_upper_bound,2240
4,bohanlyu,10,180,0.156455397605896,False,sampled_upper_bound,3345
4,bohanlyu,10,240,0.14340081532168228,True,exact_final,4579
5,rishivg,1,15,0.929000198841095,False,sampled_upper_bound,180
5,rishivg,1,30,0.5756554007530212,False,sampled_upper_bound,335
5,rishivg,1,60,0.43056172132492065,False,sampled_upper_bound,808
5,rishivg,1,120,0.4224643111228943,False,sampled_upper_bound,1736
5,rishivg,1,180,0.3739081621170044,False,sampled_upper_bound,2543
5,rishivg,1,240,0.18123351691895523,True,exact_final,3579
5,rishivg,2,15,0.8451341986656189,False,sampled_upper_bound,216
5,rishivg,2,30,0.4152839481830597,False,sampled_upper_bound,475
5,rishivg,2,60,0.172103613615036,False,sampled_upper_bound,995
5,rishivg,2,120,0.172103613615036,False,sampled_upper_bound,1971
5,rishivg,2,180,0.172103613615036,False,sampled_upper_bound,2960
5,rishivg,2,240,0.15767953798285572,True,exact_final,4123
5,rishivg,3,15,0.6376562118530273,False,sampled_upper_bound,256
5,rishivg,3,30,0.4717375338077545,False,sampled_upper_bound,491
5,rishivg,3,60,0.3929467499256134,False,sampled_upper_bound,939
5,rishivg,3,120,0.3759499788284302,False,sampled_upper_bound,1873
5,rishivg,3,180,0.3701460063457489,False,sampled_upper_bound,2816
5,rishivg,3,240,0.36485845640269987,True,exact_final,3863
5,rishivg,4,15,0.6725547313690186,False,sampled_upper_bound,222
5,rishivg,4,30,0.38730737566947937,False,sampled_upper_bound,390
5,rishivg,4,60,0.38730737566947937,False,sampled_upper_bound,835
5,rishivg,4,120,0.38730737566947937,False,sampled_upper_bound,1657
5,rishivg,4,180,0.38730737566947937,False,sampled_upper_bound,2686
5,rishivg,4,240,0.27462052528493175,True,exact_final,3785
5,rishivg,5,15,0.884243905544281,False,sampled_upper_bound,208
5,rishivg,5,30,0.4783352017402649,False,sampled_upper_bound,427
5,rishivg,5,60,0.19082990288734436,False,sampled_upper_bound,913
5,rishivg,5,120,0.18142803013324738,False,sampled_upper_bound,1786
5,rishivg,5,180,0.1789354681968689,False,sampled_upper_bound,2656
5,rishivg,5,240,0.15506213693805662,True,exact_final,3724
5,rishivg,6,15,0.6246328353881836,False,sampled_upper_bound,230
5,rishivg,6,30,0.45584505796432495,False,sampled_upper_bound,464
5,rishivg,6,60,0.4463479220867157,False,sampled_upper_bound,961
5,rishivg,6,120,0.3992840051651001,False,sampled_upper_bound,1855
5,rishivg,6,180,0.3992840051651001,False,sampled_upper_bound,2687
5,rishivg,6,240,0.3775388389377837,True,exact_final,3745
5,rishivg,7,15,0.363108366727829,False,sampled_upper_bound,235
5,rishivg,7,30,0.1075643002986908,False,sampled_upper_bound,482
5,rishivg,7,60,0.06074381247162819,False,sampled_upper_bound,1006
5,rishivg,7,120,0.06074381247162819,False,sampled_upper_bound,1966
5,rishivg,7,180,0.04137172922492027,False,sampled_upper_bound,2983
5,rishivg,7,240,-0.015279108129510933,True,exact_final,4115
5,rishivg,8,15,0.5585007667541504,False,sampled_upper_bound,211
5,rishivg,8,30,0.5585007667541504,False,sampled_upper_bound,446
5,rishivg,8,60,0.4583657681941986,False,sampled_upper_bound,975
5,rishivg,8,120,0.37053944166092684,True,exact_final_best_already_reached,1876
5,rishivg,8,180,0.37053944166092684,True,exact_final_best_already_reached,2820
5,rishivg,8,240,0.37053944166092684,True,exact_final,3967
5,rishivg,9,15,0.6835227012634277,False,sampled_upper_bound,231
5,rishivg,9,30,0.43996840715408325,False,sampled_upper_bound,514
5,rishivg,9,60,0.43123796582221985,False,sampled_upper_bound,956
5,rishivg,9,120,0.4296588897705078,False,sampled_upper_bound,1901
5,rishivg,9,180,0.3584410548210144,False,sampled_upper_bound,2865
5,rishivg,9,240,0.19319650464727148,True,exact_final,3912
5,rishivg,10,15,0.5633228421211243,False,sampled_upper_bound,185
5,rishivg,10,30,0.4570576548576355,False,sampled_upper_bound,386
5,rishivg,10,60,0.4350346326828003,False,sampled_upper_bound,900
5,rishivg,10,120,0.17727693915367126,False,sampled_upper_bound,1887
5,rishivg,10,180,0.1425737589597702,False,sampled_upper_bound,2812
5,rishivg,10,240,0.09257941162430214,True,exact_final,3856
6,chengwei_chu,1,15,0.7917832136154175,False,sampled_upper_bound,315
6,chengwei_chu,1,30,0.5055049061775208,False,sampled_upper_bound,646
6,chengwei_chu,1,60,0.4233626127243042,False,sampled_upper_bound,1300
6,chengwei_chu,1,120,0.3318217098712921,False,sampled_upper_bound,2778
6,chengwei_chu,1,180,0.30159589648246765,False,sampled_upper_bound,4244
6,chengwei_chu,1,240,0.2829507123728218,True,exact_final,5696
6,chengwei_chu,2,15,0.4680767357349396,False,sampled_upper_bound,317
6,chengwei_chu,2,30,0.33977991342544556,False,sampled_upper_bound,648
6,chengwei_chu,2,60,0.24186599254608154,False,sampled_upper_bound,1336
6,chengwei_chu,2,120,0.19441793859004974,False,sampled_upper_bound,2777
6,chengwei_chu,2,180,0.17499229311943054,False,sampled_upper_bound,4224
6,chengwei_chu,2,240,0.16955551359060578,True,exact_final,5679
6,chengwei_chu,3,15,0.5007811188697815,False,sampled_upper_bound,303
6,chengwei_chu,3,30,0.44947847723960876,False,sampled_upper_bound,635
6,chengwei_chu,3,60,0.30319541692733765,False,sampled_upper_bound,1351
6,chengwei_chu,3,120,0.24270141124725342,False,sampled_upper_bound,2806
6,chengwei_chu,3,180,0.20026795566082,False,sampled_upper_bound,4267
6,chengwei_chu,3,240,0.17311030605622407,True,exact_final,5712
6,chengwei_chu,4,15,2.6373534202575684,False,sampled_upper_bound,225
6,chengwei_chu,4,30,2.097382068634033,False,sampled_upper_bound,468
6,chengwei_chu,4,60,0.9311887621879578,False,sampled_upper_bound,994
6,chengwei_chu,4,120,0.3964572548866272,False,sampled_upper_bound,2350
6,chengwei_chu,4,180,0.36583274602890015,False,sampled_upper_bound,3904
6,chengwei_chu,4,240,0.33535820676351935,True,exact_final,5427
6,chengwei_chu,5,15,0.9822147488594055,False,sampled_upper_bound,280
6,chengwei_chu,5,30,0.677628755569458,False,sampled_upper_bound,584
6,chengwei_chu,5,60,0.4481008052825928,False,sampled_upper_bound,1209
6,chengwei_chu,5,120,0.42432159185409546,False,sampled_upper_bound,2577
6,chengwei_chu,5,180,0.4144999086856842,False,sampled_upper_bound,3961
6,chengwei_chu,5,240,0.4120277378756333,True,exact_final,5372
6,chengwei_chu,6,15,1.4658182859420776,False,sampled_upper_bound,299
6,chengwei_chu,6,30,0.8266947865486145,False,sampled_upper_bound,618
6,chengwei_chu,6,60,0.4437175989151001,False,sampled_upper_bound,1273
6,chengwei_chu,6,120,0.4301837682723999,False,sampled_upper_bound,2766
6,chengwei_chu,6,180,0.4098988473415375,False,sampled_upper_bound,4240
6,chengwei_chu,6,240,0.3950423236661925,True,exact_final,5710
6,chengwei_chu,7,15,0.7060263156890869,False,sampled_upper_bound,300
6,chengwei_chu,7,30,0.6990437507629395,False,sampled_upper_bound,623
6,chengwei_chu,7,60,0.48911672830581665,False,sampled_upper_bound,1275
6,chengwei_chu,7,120,0.4570114016532898,False,sampled_upper_bound,2626
6,chengwei_chu,7,180,0.44413113594055176,False,sampled_upper_bound,3960
6,chengwei_chu,7,240,0.43511169500625785,True,exact_final,5297
6,chengwei_chu,8,15,0.436029314994812,False,sampled_upper_bound,258
6,chengwei_chu,8,30,0.21952246129512787,False,sampled_upper_bound,601
6,chengwei_chu,8,60,0.15747451782226562,False,sampled_upper_bound,1357
6,chengwei_chu,8,120,-0.027384357526898384,False,sampled_upper_bound,2925
6,chengwei_chu,8,180,-0.06168985366821289,False,sampled_upper_bound,4504
6,chengwei_chu,8,240,-0.1544389855788297,True,exact_final,6050
6,chengwei_chu,9,15,0.5411236882209778,False,sampled_upper_bound,321
6,chengwei_chu,9,30,0.20591555535793304,False,sampled_upper_bound,617
6,chengwei_chu,9,60,0.1714669018983841,False,sampled_upper_bound,1322
6,chengwei_chu,9,120,0.15978574752807617,False,sampled_upper_bound,2855
6,chengwei_chu,9,180,0.15472622215747833,False,sampled_upper_bound,4367
6,chengwei_chu,9,240,0.15159106989867727,True,exact_final,5880
6,chengwei_chu,10,15,1.0796064138412476,False,sampled_upper_bound,291
6,chengwei_chu,10,30,0.7091149091720581,False,sampled_upper_bound,570
6,chengwei_chu,10,60,0.45059576630592346,False,sampled_upper_bound,1219
6,chengwei_chu,10,120,0.4254833161830902,False,sampled_upper_bound,2711
6,chengwei_chu,10,180,0.42275822162628174,False,sampled_upper_bound,4204
6,chengwei_chu,10,240,0.42230130413905287,True,exact_final,5696
7,littlestronomer,1,15,1.5186035633087158,False,sampled_upper_bound,328
7,littlestronomer,1,30,0.7928855419158936,False,sampled_upper_bound,664
7,littlestronomer,1,60,0.6853428483009338,False,sampled_upper_bound,1420
7,littlestronomer,1,120,0.5505454540252686,False,sampled_upper_bound,2910
7,littlestronomer,1,180,0.5110135674476624,False,sampled_upper_bound,4389
7,littlestronomer,1,240,0.4472216396100236,True,exact_final,5866
7,littlestronomer,2,15,4.453176498413086,False,sampled_upper_bound,245
7,littlestronomer,2,30,0.8873656392097473,False,sampled_upper_bound,466
7,littlestronomer,2,60,0.4041120409965515,False,sampled_upper_bound,910
7,littlestronomer,2,120,0.3767404854297638,False,sampled_upper_bound,1825
7,littlestronomer,2,180,0.3018852472305298,False,sampled_upper_bound,2769
7,littlestronomer,2,240,0.250277105238191,True,exact_final,3812
7,littlestronomer,3,15,2.339887857437134,False,sampled_upper_bound,270
7,littlestronomer,3,30,0.6110853552818298,False,sampled_upper_bound,523
7,littlestronomer,3,60,0.4873746931552887,False,sampled_upper_bound,1158
7,littlestronomer,3,120,0.4358352720737457,False,sampled_upper_bound,2509
7,littlestronomer,3,180,0.42642122507095337,False,sampled_upper_bound,3875
7,littlestronomer,3,240,0.4093633820212716,True,exact_final,5155
7,littlestronomer,4,15,2.091428518295288,False,sampled_upper_bound,299
7,littlestronomer,4,30,0.47709858417510986,False,sampled_upper_bound,620
7,littlestronomer,4,60,0.44763126969337463,False,sampled_upper_bound,1360
7,littlestronomer,4,120,0.4423033595085144,False,sampled_upper_bound,2805
7,littlestronomer,4,180,0.4384159743785858,False,sampled_upper_bound,4222
7,littlestronomer,4,240,0.42738957812089545,True,exact_final,5598
7,littlestronomer,5,15,3.247042417526245,False,sampled_upper_bound,241
7,littlestronomer,5,30,0.6707329154014587,False,sampled_upper_bound,535
7,littlestronomer,5,60,0.5396319031715393,False,sampled_upper_bound,1227
7,littlestronomer,5,120,0.41587984561920166,False,sampled_upper_bound,2576
7,littlestronomer,5,180,0.37797313928604126,False,sampled_upper_bound,3866
7,littlestronomer,5,240,0.0027084166928728805,True,exact_final,5222
7,littlestronomer,6,15,2.8143410682678223,False,sampled_upper_bound,275
7,littlestronomer,6,30,0.576797366142273,False,sampled_upper_bound,610
7,littlestronomer,6,60,0.44886812567710876,False,sampled_upper_bound,1296
7,littlestronomer,6,120,0.42458057403564453,False,sampled_upper_bound,2632
7,littlestronomer,6,180,0.4215284287929535,False,sampled_upper_bound,3954
7,littlestronomer,6,240,0.25487980514291525,True,exact_final,5266
7,littlestronomer,7,15,1.6569173336029053,False,sampled_upper_bound,306
7,littlestronomer,7,30,0.2588803172111511,False,sampled_upper_bound,625
7,littlestronomer,7,60,0.20736654102802277,False,sampled_upper_bound,1341
7,littlestronomer,7,120,0.18951979279518127,False,sampled_upper_bound,2754
7,littlestronomer,7,180,0.18397310376167297,False,sampled_upper_bound,4168
7,littlestronomer,7,240,0.1665059472231111,True,exact_final,5586
7,littlestronomer,8,15,3.0581271648406982,False,sampled_upper_bound,333
7,littlestronomer,8,30,0.7418886423110962,False,sampled_upper_bound,715
7,littlestronomer,8,60,0.2987804412841797,False,sampled_upper_bound,1497
7,littlestronomer,8,120,0.17296439409255981,False,sampled_upper_bound,3010
7,littlestronomer,8,180,0.16591066122055054,False,sampled_upper_bound,4552
7,littlestronomer,8,240,0.1479684172757462,True,exact_final,6056
7,littlestronomer,9,15,2.213561534881592,False,sampled_upper_bound,323
7,littlestronomer,9,30,0.42589282989501953,False,sampled_upper_bound,610
7,littlestronomer,9,60,0.4090462327003479,False,sampled_upper_bound,1303
7,littlestronomer,9,120,0.4090462327003479,False,sampled_upper_bound,2720
7,littlestronomer,9,180,0.4090462327003479,False,sampled_upper_bound,4126
7,littlestronomer,9,240,0.3961899541496815,True,exact_final,5521
7,littlestronomer,10,15,2.2678914070129395,False,sampled_upper_bound,275
7,littlestronomer,10,30,0.5231967568397522,False,sampled_upper_bound,554
7,littlestronomer,10,60,0.4488638639450073,False,sampled_upper_bound,1290
7,littlestronomer,10,120,0.4409639537334442,False,sampled_upper_bound,2796
7,littlestronomer,10,180,0.4409639537334442,False,sampled_upper_bound,4338
7,littlestronomer,10,240,0.4225558154498565,True,exact_final,5819
8,jan_vandelden,1,15,0.5440201759338379,False,sampled_upper_bound,219
8,jan_vandelden,1,30,0.5079930424690247,False,sampled_upper_bound,451
8,jan_vandelden,1,60,0.449940949678421,False,sampled_upper_bound,1017
8,jan_vandelden,1,120,0.4262891113758087,False,sampled_upper_bound,2104
8,jan_vandelden,1,180,0.4198026140621187,True,exact_final_best_already_reached,3277
8,jan_vandelden,1,240,0.4198026140621187,True,exact_final,4461
8,jan_vandelden,2,15,0.813157320022583,False,sampled_upper_bound,188
8,jan_vandelden,2,30,0.6543629169464111,False,sampled_upper_bound,425
8,jan_vandelden,2,60,0.6426340937614441,False,sampled_upper_bound,865
8,jan_vandelden,2,120,0.08483763784170151,False,sampled_upper_bound,1809
8,jan_vandelden,2,180,-0.015188388526439667,False,sampled_upper_bound,2882
8,jan_vandelden,2,240,-0.2291539580382926,True,exact_final,3972
8,jan_vandelden,3,15,0.6722303628921509,False,sampled_upper_bound,163
8,jan_vandelden,3,30,0.45400720834732056,False,sampled_upper_bound,368
8,jan_vandelden,3,60,0.419288694858551,False,sampled_upper_bound,778
8,jan_vandelden,3,120,0.38984808325767517,False,sampled_upper_bound,1719
8,jan_vandelden,3,180,0.3737439197262388,True,exact_final_best_already_reached,2737
8,jan_vandelden,3,240,0.3737439197262388,True,exact_final,3768
8,jan_vandelden,4,15,0.6841926574707031,False,sampled_upper_bound,260
8,jan_vandelden,4,30,0.49471473693847656,False,sampled_upper_bound,495
8,jan_vandelden,4,60,0.42108288407325745,False,sampled_upper_bound,939
8,jan_vandelden,4,120,0.41180741786956787,False,sampled_upper_bound,2129
8,jan_vandelden,4,180,0.4110374450683594,False,sampled_upper_bound,3355
8,jan_vandelden,4,240,0.4102912388647056,True,exact_final,4567
8,jan_vandelden,5,15,0.6444624662399292,False,sampled_upper_bound,204
8,jan_vandelden,5,30,0.6444624662399292,False,sampled_upper_bound,451
8,jan_vandelden,5,60,0.47493603825569153,False,sampled_upper_bound,885
8,jan_vandelden,5,120,0.445751816034317,False,sampled_upper_bound,1701
8,jan_vandelden,5,180,0.445751816034317,False,sampled_upper_bound,2595
8,jan_vandelden,5,240,0.32537370176715136,True,exact_final,3623
8,jan_vandelden,6,15,0.4604044556617737,False,sampled_upper_bound,270
8,jan_vandelden,6,30,0.4385359585285187,False,sampled_upper_bound,553
8,jan_vandelden,6,60,0.43025481700897217,False,sampled_upper_bound,1186
8,jan_vandelden,6,120,0.42425301671028137,False,sampled_upper_bound,2417
8,jan_vandelden,6,180,0.36260727047920227,False,sampled_upper_bound,3604
8,jan_vandelden,6,240,0.3566870732316237,True,exact_final,4784
8,jan_vandelden,7,15,0.7658727765083313,False,sampled_upper_bound,182
8,jan_vandelden,7,30,0.7240294218063354,False,sampled_upper_bound,376
8,jan_vandelden,7,60,0.4491864740848541,False,sampled_upper_bound,718
8,jan_vandelden,7,120,0.3563554584980011,False,sampled_upper_bound,1673
8,jan_vandelden,7,180,0.33166573618172207,True,exact_final_best_already_reached,2627
8,jan_vandelden,7,240,0.33166573618172207,True,exact_final,3554
8,jan_vandelden,8,15,0.48387768864631653,False,sampled_upper_bound,191
8,jan_vandelden,8,30,0.48387768864631653,False,sampled_upper_bound,421
8,jan_vandelden,8,60,0.4819771349430084,False,sampled_upper_bound,998
8,jan_vandelden,8,120,0.4819771349430084,False,sampled_upper_bound,2183
8,jan_vandelden,8,180,0.4819771349430084,False,sampled_upper_bound,3363
8,jan_vandelden,8,240,0.47962155514001603,True,exact_final,4562
8,jan_vandelden,9,15,0.6766923666000366,False,sampled_upper_bound,249
8,jan_vandelden,9,30,0.5074141621589661,False,sampled_upper_bound,496
8,jan_vandelden,9,60,0.4882541298866272,False,sampled_upper_bound,1055
8,jan_vandelden,9,120,0.43665575981140137,False,sampled_upper_bound,2271
8,jan_vandelden,9,180,0.4328151047229767,False,sampled_upper_bound,3494
8,jan_vandelden,9,240,0.41960489327729733,True,exact_final,4747
8,jan_vandelden,10,15,0.5330222845077515,False,sampled_upper_bound,262
8,jan_vandelden,10,30,0.43136313557624817,False,sampled_upper_bound,562
8,jan_vandelden,10,60,0.4188390076160431,False,sampled_upper_bound,1146
8,jan_vandelden,10,120,0.4136678123624365,True,exact_final_best_already_reached,2403
8,jan_vandelden,10,180,0.4136678123624365,True,exact_final_best_already_reached,3637
8,jan_vandelden,10,240,0.4136678123624365,True,exact_final,4887
9,bamba,1,15,0.7572779059410095,False,sampled_upper_bound,278
9,bamba,1,30,0.6364800333976746,False,sampled_upper_bound,596
9,bamba,1,60,0.432759140442952,True,exact_final_best_already_reached,1227
9,bamba,1,120,0.432759140442952,True,exact_final_best_already_reached,2122
9,bamba,1,180,0.432759140442952,True,exact_final_best_already_reached,2960
9,bamba,1,240,0.432759140442952,True,exact_final,3826
9,bamba,2,15,0.18592271208763123,False,sampled_upper_bound,280
9,bamba,2,30,0.16392722725868225,False,sampled_upper_bound,593
9,bamba,2,60,0.15746906437559843,True,exact_final_best_already_reached,1238
9,bamba,2,120,0.15746906437559843,True,exact_final_best_already_reached,1971
9,bamba,2,180,0.15746906437559843,True,exact_final_best_already_reached,2682
9,bamba,2,240,0.15746906437559843,True,exact_final,3368
9,bamba,3,15,0.46633899211883545,False,sampled_upper_bound,271
9,bamba,3,30,0.4410678446292877,False,sampled_upper_bound,580
9,bamba,3,60,0.43117488550092375,True,exact_final_best_already_reached,1200
9,bamba,3,120,0.43117488550092375,True,exact_final_best_already_reached,2076
9,bamba,3,180,0.43117488550092375,True,exact_final_best_already_reached,2943
9,bamba,3,240,0.43117488550092375,True,exact_final,3831
9,bamba,4,15,0.5889719128608704,False,sampled_upper_bound,304
9,bamba,4,30,0.4942438006401062,False,sampled_upper_bound,665
9,bamba,4,60,0.45265777212869507,True,exact_final_best_already_reached,1393
9,bamba,4,120,0.45265777212869507,True,exact_final_best_already_reached,2352
9,bamba,4,180,0.45265777212869507,True,exact_final_best_already_reached,3342
9,bamba,4,240,0.45265777212869507,True,exact_final,4299
9,bamba,5,15,0.9632124900817871,False,sampled_upper_bound,202
9,bamba,5,30,0.48016971349716187,False,sampled_upper_bound,509
9,bamba,5,60,0.4601701176461265,True,exact_final_best_already_reached,1081
9,bamba,5,120,0.4601701176461265,True,exact_final_best_already_reached,1832
9,bamba,5,180,0.4601701176461265,True,exact_final_best_already_reached,2572
9,bamba,5,240,0.4601701176461265,True,exact_final,3320
9,bamba,6,15,0.6370488405227661,False,sampled_upper_bound,272
9,bamba,6,30,0.6271488666534424,False,sampled_upper_bound,622
9,bamba,6,60,0.6214542984962463,False,sampled_upper_bound,1315
9,bamba,6,120,0.6214542984962463,False,sampled_upper_bound,2245
9,bamba,6,180,0.6214542984962463,False,sampled_upper_bound,3190
9,bamba,6,240,0.4784266062989565,True,exact_final,4131
9,bamba,7,15,0.6967584490776062,False,sampled_upper_bound,254
9,bamba,7,30,0.6719892621040344,False,sampled_upper_bound,515
9,bamba,7,60,0.6719892621040344,False,sampled_upper_bound,1036
9,bamba,7,120,0.5087614059448242,False,sampled_upper_bound,1846
9,bamba,7,180,0.5087614059448242,False,sampled_upper_bound,2625
9,bamba,7,240,0.2737250061346232,True,exact_final,3447
9,bamba,8,15,0.43864890933036804,False,sampled_upper_bound,247
9,bamba,8,30,0.29599443078041077,False,sampled_upper_bound,592
9,bamba,8,60,0.18264341811724222,True,exact_final_best_already_reached,1288
9,bamba,8,120,0.18264341811724222,True,exact_final_best_already_reached,2014
9,bamba,8,180,0.18264341811724222,True,exact_final_best_already_reached,2730
9,bamba,8,240,0.18264341811724222,True,exact_final,3460
9,bamba,9,15,0.16792669892311096,False,sampled_upper_bound,302
9,bamba,9,30,0.15761850774288177,False,sampled_upper_bound,647
9,bamba,9,60,0.14588982313556428,True,exact_final_best_already_reached,1343
9,bamba,9,120,0.14588982313556428,True,exact_final_best_already_reached,2351
9,bamba,9,180,0.14588982313556428,True,exact_final_best_already_reached,3384
9,bamba,9,240,0.14588982313556428,True,exact_final,4420
9,bamba,10,15,0.6072026491165161,False,sampled_upper_bound,250
9,bamba,10,30,0.6072026491165161,False,sampled_upper_bound,497
9,bamba,10,60,0.6072026491165161,False,sampled_upper_bound,981
9,bamba,10,120,0.49622202517457775,True,exact_final_best_already_reached,1929
9,bamba,10,180,0.49622202517457775,True,exact_final_best_already_reached,2914
9,bamba,10,240,0.49622202517457775,True,exact_final,3903
10,campi,1,15,3.9864909648895264,False,sampled_upper_bound,82
10,campi,1,30,3.585782527923584,False,sampled_upper_bound,165
10,campi,1,60,3.4935388565063477,False,sampled_upper_bound,333
10,campi,1,120,1.094470739364624,False,sampled_upper_bound,766
10,campi,1,180,0.700925350189209,False,sampled_upper_bound,1252
10,campi,1,240,0.5746437790781045,True,exact_final,1753
10,campi,2,15,4.056024074554443,False,sampled_upper_bound,46
10,campi,2,30,4.056024074554443,False,sampled_upper_bound,123
10,campi,2,60,2.227572202682495,False,sampled_upper_bound,139
10,campi,2,120,0.4283878207206726,False,sampled_upper_bound,535
10,campi,2,180,0.4108937978744507,False,sampled_upper_bound,1012
10,campi,2,240,0.2091682701688333,True,exact_final,1509
10,campi,3,15,3.8556878566741943,False,sampled_upper_bound,71
10,campi,3,30,2.448367118835449,False,sampled_upper_bound,108
10,campi,3,60,1.287924885749817,False,sampled_upper_bound,233
10,campi,3,120,0.9302724003791809,False,sampled_upper_bound,701
10,campi,3,180,0.7840607356064925,True,exact_final_best_already_reached,1214
10,campi,3,240,0.7840607356064925,True,exact_final,1717
10,campi,4,15,4.448609352111816,False,sampled_upper_bound,76
10,campi,4,30,0.3160496652126312,False,sampled_upper_bound,215
10,campi,4,60,0.305364727973938,False,sampled_upper_bound,506
10,campi,4,120,0.20751775801181793,False,sampled_upper_bound,1056
10,campi,4,180,0.19686324894428253,False,sampled_upper_bound,1585
10,campi,4,240,0.19492623568198697,True,exact_final,2116
10,campi,5,15,3.6363048553466797,False,sampled_upper_bound,94
10,campi,5,30,3.579622507095337,False,sampled_upper_bound,194
10,campi,5,60,3.4751245975494385,False,sampled_upper_bound,426
10,campi,5,120,1.5148098468780518,False,sampled_upper_bound,736
10,campi,5,180,1.0954129695892334,False,sampled_upper_bound,1225
10,campi,5,240,0.7382981234101508,True,exact_final,1699
10,campi,6,15,4.036064624786377,False,sampled_upper_bound,77
10,campi,6,30,3.4953434467315674,False,sampled_upper_bound,161
10,campi,6,60,0.16886447370052338,False,sampled_upper_bound,424
10,campi,6,120,-0.06907917559146881,False,sampled_upper_bound,959
10,campi,6,180,-0.09322172403335571,False,sampled_upper_bound,1462
10,campi,6,240,-0.09385732030466276,True,exact_final,1965
10,campi,7,15,3.8054440021514893,False,sampled_upper_bound,68
10,campi,7,30,3.751826286315918,False,sampled_upper_bound,152
10,campi,7,60,0.8400442600250244,False,sampled_upper_bound,269
10,campi,7,120,0.17501728236675262,False,sampled_upper_bound,781
10,campi,7,180,0.17501728236675262,False,sampled_upper_bound,1287
10,campi,7,240,0.17297685514474614,True,exact_final,1787
10,campi,8,15,3.506351947784424,False,sampled_upper_bound,52
10,campi,8,30,3.2569775581359863,False,sampled_upper_bound,115
10,campi,8,60,1.5179420709609985,False,sampled_upper_bound,154
10,campi,8,120,0.7626307010650635,False,sampled_upper_bound,397
10,campi,8,180,0.519911852862475,True,exact_final_best_already_reached,937
10,campi,8,240,0.519911852862475,True,exact_final,1468
10,campi,9,15,4.1393256187438965,False,sampled_upper_bound,81
10,campi,9,30,4.101987838745117,False,sampled_upper_bound,167
10,campi,9,60,1.3119271993637085,False,sampled_upper_bound,369
10,campi,9,120,0.13771973550319672,False,sampled_upper_bound,905
10,campi,9,180,0.12010104209184647,False,sampled_upper_bound,1426
10,campi,9,240,0.11550179338622453,True,exact_final,1947
10,campi,10,15,3.880784034729004,False,sampled_upper_bound,95
10,campi,10,30,3.880784034729004,False,sampled_upper_bound,170
10,campi,10,60,0.4751577079296112,False,sampled_upper_bound,395
10,campi,10,120,0.4494869112968445,False,sampled_upper_bound,926
10,campi,10,180,0.4364814393571942,True,exact_final_best_already_reached,1457
10,campi,10,240,0.4364814393571942,True,exact_final,1988
11,anasjn,1,15,2.2403724193573,False,sampled_upper_bound,34
11,anasjn,1,30,0.8285198211669922,False,sampled_upper_bound,67
11,anasjn,1,60,0.8285198211669922,False,sampled_upper_bound,135
11,anasjn,1,120,0.8285198211669922,False,sampled_upper_bound,267
11,anasjn,1,180,0.42589491605758667,False,sampled_upper_bound,405
11,anasjn,1,240,0.397811496342618,True,exact_final,530
11,anasjn,2,15,0.22811331601042972,True,exact_final_best_already_reached,26
11,anasjn,2,30,0.22811331601042972,True,exact_final_best_already_reached,90
11,anasjn,2,60,0.22811331601042972,True,exact_final_best_already_reached,129
11,anasjn,2,120,0.22811331601042972,True,exact_final_best_already_reached,225
11,anasjn,2,180,0.22811331601042972,True,exact_final_best_already_reached,356
11,anasjn,2,240,0.22811331601042972,True,exact_final,391
11,anasjn,3,15,0.4721672534942627,False,sampled_upper_bound,43
11,anasjn,3,30,0.4246828258037567,False,sampled_upper_bound,78
11,anasjn,3,60,0.320922083865198,True,exact_final_best_already_reached,141
11,anasjn,3,120,0.320922083865198,True,exact_final_best_already_reached,207
11,anasjn,3,180,0.320922083865198,True,exact_final_best_already_reached,378
11,anasjn,3,240,0.320922083865198,True,exact_final,472
11,anasjn,4,15,0.18788093950213447,True,exact_final_best_already_reached,16
11,anasjn,4,30,0.18788093950213447,True,exact_final_best_already_reached,17
11,anasjn,4,60,0.18788093950213447,True,exact_final_best_already_reached,17
11,anasjn,4,120,0.18788093950213447,True,exact_final_best_already_reached,217
11,anasjn,4,180,0.18788093950213447,True,exact_final_best_already_reached,224
11,anasjn,4,240,0.18788093950213447,True,exact_final,280
11,anasjn,5,15,0.7435757517814636,False,sampled_upper_bound,52
11,anasjn,5,30,0.7435757517814636,False,sampled_upper_bound,80
11,anasjn,5,60,0.3828659951686859,False,sampled_upper_bound,112
11,anasjn,5,120,0.3766767471627517,True,exact_final_best_already_reached,152
11,anasjn,5,180,0.3766767471627517,True,exact_final_best_already_reached,196
11,anasjn,5,240,0.3766767471627517,True,exact_final,258
11,anasjn,6,15,1.2459520101547241,False,sampled_upper_bound,65
11,anasjn,6,30,1.2459520101547241,False,sampled_upper_bound,65
11,anasjn,6,60,1.2459520101547241,False,sampled_upper_bound,65
11,anasjn,6,120,1.2459520101547241,False,sampled_upper_bound,79
11,anasjn,6,180,0.41517435964493987,True,exact_final_best_already_reached,250
11,anasjn,6,240,0.41517435964493987,True,exact_final,373
11,anasjn,7,15,0.4094998652063789,True,exact_final_best_already_reached,21
11,anasjn,7,30,0.4094998652063789,True,exact_final_best_already_reached,38
11,anasjn,7,60,0.4094998652063789,True,exact_final_best_already_reached,38
11,anasjn,7,120,0.4094998652063789,True,exact_final_best_already_reached,38
11,anasjn,7,180,0.4094998652063789,True,exact_final_best_already_reached,38
11,anasjn,7,240,0.4094998652063789,True,exact_final,38
11,anasjn,8,15,0.9086841940879822,False,sampled_upper_bound,26
11,anasjn,8,30,0.5394643487128257,True,exact_final_best_already_reached,53
11,anasjn,8,60,0.5394643487128257,True,exact_final_best_already_reached,130
11,anasjn,8,120,0.5394643487128257,True,exact_final_best_already_reached,320
11,anasjn,8,180,0.5394643487128257,True,exact_final_best_already_reached,453
11,anasjn,8,240,0.5394643487128257,True,exact_final,586
11,anasjn,9,15,0.5445351004600525,False,sampled_upper_bound,47
11,anasjn,9,30,0.3939269822719303,True,exact_final_best_already_reached,75
11,anasjn,9,60,0.3939269822719303,True,exact_final_best_already_reached,123
11,anasjn,9,120,0.3939269822719303,True,exact_final_best_already_reached,188
11,anasjn,9,180,0.3939269822719303,True,exact_final_best_already_reached,223
11,anasjn,9,240,0.3939269822719303,True,exact_final,249
11,anasjn,10,15,3.077421188354492,False,sampled_upper_bound,11
11,anasjn,10,30,2.084345579147339,False,sampled_upper_bound,46
11,anasjn,10,60,0.7994282245635986,False,sampled_upper_bound,121
11,anasjn,10,120,0.7994282245635986,False,sampled_upper_bound,368
11,anasjn,10,180,0.3904392972550744,True,exact_final_best_already_reached,474
11,anasjn,10,240,0.3904392972550744,True,exact_final,601
12,matin,1,15,2.2158713340759277,False,sampled_upper_bound,240
12,matin,1,30,0.6113159656524658,False,sampled_upper_bound,521
12,matin,1,60,0.5336755514144897,False,sampled_upper_bound,1116
12,matin,1,120,0.5225281715393066,False,sampled_upper_bound,2304
12,matin,1,180,0.52066570520401,False,sampled_upper_bound,3528
12,matin,1,240,0.5177495769733848,True,exact_final,4772
12,matin,2,15,2.0511839389801025,False,sampled_upper_bound,264
12,matin,2,30,1.0494962930679321,False,sampled_upper_bound,535
12,matin,2,60,0.6763418316841125,False,sampled_upper_bound,1117
12,matin,2,120,0.6547682285308838,False,sampled_upper_bound,2321
12,matin,2,180,0.6404341459274292,False,sampled_upper_bound,3523
12,matin,2,240,0.6249232320208379,True,exact_final,4728
12,matin,3,15,1.8980815410614014,False,sampled_upper_bound,265
12,matin,3,30,1.244546890258789,False,sampled_upper_bound,523
12,matin,3,60,0.9309828281402588,False,sampled_upper_bound,1122
12,matin,3,120,0.5698544383049011,False,sampled_upper_bound,2326
12,matin,3,180,0.5578636527061462,False,sampled_upper_bound,3536
12,matin,3,240,0.5001376603326172,True,exact_final,4755
12,matin,4,15,0.7768619656562805,False,sampled_upper_bound,270
12,matin,4,30,0.6311416625976562,False,sampled_upper_bound,573
12,matin,4,60,0.5986642837524414,False,sampled_upper_bound,1237
12,matin,4,120,0.5630835294723511,False,sampled_upper_bound,2544
12,matin,4,180,0.4966804087162018,False,sampled_upper_bound,3879
12,matin,4,240,0.49121939048427243,True,exact_final,5210
12,matin,5,15,2.0676357746124268,False,sampled_upper_bound,261
12,matin,5,30,0.45652633905410767,False,sampled_upper_bound,541
12,matin,5,60,0.28645533323287964,False,sampled_upper_bound,1148
12,matin,5,120,0.22518959641456604,False,sampled_upper_bound,2345
12,matin,5,180,0.21984262764453888,False,sampled_upper_bound,3523
12,matin,5,240,0.20503266352847463,True,exact_final,4715
12,matin,6,15,1.385596752166748,False,sampled_upper_bound,247
12,matin,6,30,0.5315784215927124,False,sampled_upper_bound,454
12,matin,6,60,0.44093048572540283,False,sampled_upper_bound,1065
12,matin,6,120,0.418154922070789,True,exact_final_best_already_reached,2368
12,matin,6,180,0.418154922070789,True,exact_final_best_already_reached,3674
12,matin,6,240,0.418154922070789,True,exact_final,4981
12,matin,7,15,1.647169589996338,False,sampled_upper_bound,267
12,matin,7,30,0.7557325959205627,False,sampled_upper_bound,556
12,matin,7,60,0.6987338662147522,False,sampled_upper_bound,1118
12,matin,7,120,0.6817684769630432,False,sampled_upper_bound,2261
12,matin,7,180,0.44286838705226217,True,exact_final_best_already_reached,3395
12,matin,7,240,0.44286838705226217,True,exact_final,4603
12,matin,8,15,1.9953117370605469,False,sampled_upper_bound,235
12,matin,8,30,0.678978681564331,False,sampled_upper_bound,509
12,matin,8,60,0.2817090153694153,False,sampled_upper_bound,1122
12,matin,8,120,0.24770031869411469,False,sampled_upper_bound,2365
12,matin,8,180,0.24376916885375977,False,sampled_upper_bound,3602
12,matin,8,240,0.23662692431625965,True,exact_final,4861
12,matin,9,15,1.100448727607727,False,sampled_upper_bound,269
12,matin,9,30,0.4894822835922241,False,sampled_upper_bound,533
12,matin,9,60,0.4463929533958435,False,sampled_upper_bound,1194
12,matin,9,120,0.4255543649196625,False,sampled_upper_bound,2503
12,matin,9,180,0.4255543649196625,False,sampled_upper_bound,3812
12,matin,9,240,0.41345412619028665,True,exact_final,5119
12,matin,10,15,1.5352458953857422,False,sampled_upper_bound,218
12,matin,10,30,0.5039399862289429,False,sampled_upper_bound,492
12,matin,10,60,0.474029004573822,False,sampled_upper_bound,1132
12,matin,10,120,0.4737169146537781,False,sampled_upper_bound,2395
12,matin,10,180,0.4637742340564728,False,sampled_upper_bound,3661
12,matin,10,240,0.4447392449689477,True,exact_final,4909
13,exirifard,1,15,3.154026746749878,False,sampled_upper_bound,168
13,exirifard,1,30,3.0088677406311035,False,sampled_upper_bound,349
13,exirifard,1,60,1.5729824304580688,False,sampled_upper_bound,679
13,exirifard,1,120,0.6437450647354126,False,sampled_upper_bound,1463
13,exirifard,1,180,0.6066677145791048,True,exact_final_best_already_reached,2295
13,exirifard,1,240,0.6066677145791048,True,exact_final,3252
13,exirifard,2,15,3.0738441944122314,False,sampled_upper_bound,161
13,exirifard,2,30,2.1058743000030518,False,sampled_upper_bound,314
13,exirifard,2,60,0.8522446751594543,False,sampled_upper_bound,623
13,exirifard,2,120,0.48251333832740784,False,sampled_upper_bound,1555
13,exirifard,2,180,0.47921136021614075,False,sampled_upper_bound,2630
13,exirifard,2,240,0.46852209679676576,True,exact_final,3606
13,exirifard,3,15,3.7986323833465576,False,sampled_upper_bound,168
13,exirifard,3,30,2.4657833576202393,False,sampled_upper_bound,326
13,exirifard,3,60,1.9446455240249634,False,sampled_upper_bound,642
13,exirifard,3,120,0.30219557881355286,False,sampled_upper_bound,1401
13,exirifard,3,180,0.2955474257469177,False,sampled_upper_bound,2248
13,exirifard,3,240,0.17367534498649653,True,exact_final,3168
13,exirifard,4,15,3.413747549057007,False,sampled_upper_bound,190
13,exirifard,4,30,1.393906831741333,False,sampled_upper_bound,388
13,exirifard,4,60,0.6014612317085266,False,sampled_upper_bound,806
13,exirifard,4,120,0.415677934885025,False,sampled_upper_bound,1632
13,exirifard,4,180,0.38646435737609863,False,sampled_upper_bound,2665
13,exirifard,4,240,0.28064816099062895,True,exact_final,3607
13,exirifard,5,15,2.8679990768432617,False,sampled_upper_bound,156
13,exirifard,5,30,1.9689350128173828,False,sampled_upper_bound,303
13,exirifard,5,60,1.5757898092269897,False,sampled_upper_bound,575
13,exirifard,5,120,0.9893410801887512,False,sampled_upper_bound,1203
13,exirifard,5,180,0.7698068022727966,False,sampled_upper_bound,2051
13,exirifard,5,240,0.6106094985225431,True,exact_final,2968
13,exirifard,6,15,3.6267409324645996,False,sampled_upper_bound,169
13,exirifard,6,30,3.3511571884155273,False,sampled_upper_bound,282
13,exirifard,6,60,1.7280466556549072,False,sampled_upper_bound,623
13,exirifard,6,120,0.5614177584648132,False,sampled_upper_bound,1347
13,exirifard,6,180,0.4862042963504791,False,sampled_upper_bound,2237
13,exirifard,6,240,0.4248191198578094,True,exact_final,3190
13,exirifard,7,15,4.023139953613281,False,sampled_upper_bound,187
13,exirifard,7,30,2.4287972450256348,False,sampled_upper_bound,336
13,exirifard,7,60,1.9268232583999634,False,sampled_upper_bound,680
13,exirifard,7,120,1.0948896408081055,False,sampled_upper_bound,1598
13,exirifard,7,180,0.8926051259040833,False,sampled_upper_bound,2651
13,exirifard,7,240,0.741134925386832,True,exact_final,3617
13,exirifard,8,15,2.508527994155884,False,sampled_upper_bound,182
13,exirifard,8,30,2.0271968841552734,False,sampled_upper_bound,346
13,exirifard,8,60,0.6310397386550903,False,sampled_upper_bound,697
13,exirifard,8,120,0.2696227431297302,False,sampled_upper_bound,1400
13,exirifard,8,180,0.2394714206457138,False,sampled_upper_bound,2265
13,exirifard,8,240,0.18455987153119377,True,exact_final,3317
13,exirifard,9,15,2.997346878051758,False,sampled_upper_bound,213
13,exirifard,9,30,2.1411359310150146,False,sampled_upper_bound,407
13,exirifard,9,60,1.1088429689407349,False,sampled_upper_bound,914
13,exirifard,9,120,0.5722839832305908,False,sampled_upper_bound,1953
13,exirifard,9,180,0.5053070783615112,False,sampled_upper_bound,3104
13,exirifard,9,240,0.4437255674442788,True,exact_final,4100
13,exirifard,10,15,3.4504244327545166,False,sampled_upper_bound,190
13,exirifard,10,30,3.3203980922698975,False,sampled_upper_bound,342
13,exirifard,10,60,1.835371494293213,False,sampled_upper_bound,702
13,exirifard,10,120,1.4555684328079224,False,sampled_upper_bound,1464
13,exirifard,10,180,0.5066666007041931,False,sampled_upper_bound,2294
13,exirifard,10,240,0.42250336770818103,True,exact_final,3233
14,alirezaafshan,1,15,3.555044174194336,False,sampled_upper_bound,167
14,alirezaafshan,1,30,2.2193939685821533,False,sampled_upper_bound,345
14,alirezaafshan,1,60,0.6312108635902405,False,sampled_upper_bound,866
14,alirezaafshan,1,120,0.565805971622467,False,sampled_upper_bound,1924
14,alirezaafshan,1,180,0.5353313088417053,False,sampled_upper_bound,2964
14,alirezaafshan,1,240,0.5279998026469,True,exact_final,3981
14,alirezaafshan,2,15,3.085502862930298,False,sampled_upper_bound,164
14,alirezaafshan,2,30,2.093409538269043,False,sampled_upper_bound,343
14,alirezaafshan,2,60,1.1337871551513672,False,sampled_upper_bound,749
14,alirezaafshan,2,120,0.8800097107887268,False,sampled_upper_bound,1599
14,alirezaafshan,2,180,0.8710073232650757,False,sampled_upper_bound,2407
14,alirezaafshan,2,240,0.558339729854107,True,exact_final,3177
14,alirezaafshan,3,15,4.337385654449463,False,sampled_upper_bound,158
14,alirezaafshan,3,30,0.903258740901947,False,sampled_upper_bound,343
14,alirezaafshan,3,60,0.48916855454444885,False,sampled_upper_bound,798
14,alirezaafshan,3,120,0.46849337220191956,False,sampled_upper_bound,1860
14,alirezaafshan,3,180,0.46699631214141846,False,sampled_upper_bound,2767
14,alirezaafshan,3,240,0.4574791037350724,True,exact_final,3690
14,alirezaafshan,4,15,3.6655850410461426,False,sampled_upper_bound,194
14,alirezaafshan,4,30,3.468249797821045,False,sampled_upper_bound,390
14,alirezaafshan,4,60,2.5737454891204834,False,sampled_upper_bound,828
14,alirezaafshan,4,120,2.446554660797119,False,sampled_upper_bound,1728
14,alirezaafshan,4,180,1.239696979522705,False,sampled_upper_bound,2586
14,alirezaafshan,4,240,0.4200391918233619,True,exact_final,3777
14,alirezaafshan,5,15,2.492720365524292,False,sampled_upper_bound,139
14,alirezaafshan,5,30,1.8142848014831543,False,sampled_upper_bound,298
14,alirezaafshan,5,60,1.31651771068573,False,sampled_upper_bound,724
14,alirezaafshan,5,120,1.2338104248046875,False,sampled_upper_bound,1671
14,alirezaafshan,5,180,0.5114105343818665,False,sampled_upper_bound,2647
14,alirezaafshan,5,240,0.3559707552178489,True,exact_final,3770
14,alirezaafshan,6,15,3.181295394897461,False,sampled_upper_bound,198
14,alirezaafshan,6,30,1.6426005363464355,False,sampled_upper_bound,390
14,alirezaafshan,6,60,0.5393599271774292,False,sampled_upper_bound,833
14,alirezaafshan,6,120,0.45363321900367737,False,sampled_upper_bound,1890
14,alirezaafshan,6,180,0.45363321900367737,False,sampled_upper_bound,2727
14,alirezaafshan,6,240,0.4504012715738642,True,exact_final,3746
14,alirezaafshan,7,15,3.7698538303375244,False,sampled_upper_bound,192
14,alirezaafshan,7,30,1.8264130353927612,False,sampled_upper_bound,380
14,alirezaafshan,7,60,1.1566704511642456,False,sampled_upper_bound,839
14,alirezaafshan,7,120,0.8273044228553772,False,sampled_upper_bound,1766
14,alirezaafshan,7,180,0.819594144821167,False,sampled_upper_bound,2668
14,alirezaafshan,7,240,0.7781541672950968,True,exact_final,3517
14,alirezaafshan,8,15,3.7198307514190674,False,sampled_upper_bound,142
14,alirezaafshan,8,30,3.2912046909332275,False,sampled_upper_bound,315
14,alirezaafshan,8,60,0.43426084518432617,False,sampled_upper_bound,688
14,alirezaafshan,8,120,0.41398197412490845,False,sampled_upper_bound,1657
14,alirezaafshan,8,180,0.41398197412490845,False,sampled_upper_bound,2574
14,alirezaafshan,8,240,0.18553667179964997,True,exact_final,3535
14,alirezaafshan,9,15,3.422626256942749,False,sampled_upper_bound,186
14,alirezaafshan,9,30,3.129035711288452,False,sampled_upper_bound,342
14,alirezaafshan,9,60,2.5743680000305176,False,sampled_upper_bound,624
14,alirezaafshan,9,120,0.5821731686592102,False,sampled_upper_bound,995
14,alirezaafshan,9,180,0.3638841509819031,False,sampled_upper_bound,1852
14,alirezaafshan,9,240,0.28050909141974706,True,exact_final,2785
14,alirezaafshan,10,15,1.405679702758789,False,sampled_upper_bound,177
14,alirezaafshan,10,30,0.46482551097869873,False,sampled_upper_bound,395
14,alirezaafshan,10,60,0.46023666858673096,False,sampled_upper_bound,849
14,alirezaafshan,10,120,0.42850280385907275,True,exact_final_best_already_reached,1923
14,alirezaafshan,10,180,0.42850280385907275,True,exact_final_best_already_reached,2955
14,alirezaafshan,10,240,0.42850280385907275,True,exact_final,3892
15,mindsculptor,1,15,3.304028034210205,False,sampled_upper_bound,71
15,mindsculptor,1,30,3.2709062099456787,False,sampled_upper_bound,161
15,mindsculptor,1,60,2.1110293865203857,False,sampled_upper_bound,362
15,mindsculptor,1,120,1.2423230409622192,False,sampled_upper_bound,787
15,mindsculptor,1,180,1.0016079656639372,True,exact_final_best_already_reached,1052
15,mindsculptor,1,240,1.0016079656639372,True,exact_final,1052
15,mindsculptor,2,15,5.176058292388916,False,sampled_upper_bound,67
15,mindsculptor,2,30,4.5869526863098145,False,sampled_upper_bound,160
15,mindsculptor,2,60,1.167549729347229,False,sampled_upper_bound,318
15,mindsculptor,2,120,0.3388454864950966,True,exact_final_best_already_reached,733
15,mindsculptor,2,180,0.3388454864950966,True,exact_final_best_already_reached,1143
15,mindsculptor,2,240,0.3388454864950966,True,exact_final,1624
15,mindsculptor,3,15,4.595754623413086,False,sampled_upper_bound,59
15,mindsculptor,3,30,4.2096099853515625,False,sampled_upper_bound,128
15,mindsculptor,3,60,0.599690854549408,False,sampled_upper_bound,273
15,mindsculptor,3,120,0.5167396068572998,False,sampled_upper_bound,625
15,mindsculptor,3,180,0.42185959219932556,False,sampled_upper_bound,1052
15,mindsculptor,3,240,0.23936165237133275,True,exact_final,1455
15,mindsculptor,4,15,4.524044513702393,False,sampled_upper_bound,73
15,mindsculptor,4,30,3.6049439907073975,False,sampled_upper_bound,144
15,mindsculptor,4,60,0.7622613310813904,False,sampled_upper_bound,293
15,mindsculptor,4,120,0.3894611895084381,False,sampled_upper_bound,703
15,mindsculptor,4,180,0.37884965538978577,False,sampled_upper_bound,1179
15,mindsculptor,4,240,0.2809610747188232,True,exact_final,1703
15,mindsculptor,5,15,4.548130989074707,False,sampled_upper_bound,60
15,mindsculptor,5,30,3.1032919883728027,False,sampled_upper_bound,134
15,mindsculptor,5,60,0.6723079085350037,False,sampled_upper_bound,313
15,mindsculptor,5,120,0.5458316206932068,False,sampled_upper_bound,624
15,mindsculptor,5,180,0.44835054874420166,False,sampled_upper_bound,1098
15,mindsculptor,5,240,0.2515275065369806,True,exact_final,1556
15,mindsculptor,6,15,4.242227554321289,False,sampled_upper_bound,71
15,mindsculptor,6,30,4.205206871032715,False,sampled_upper_bound,113
15,mindsculptor,6,60,0.6990303993225098,False,sampled_upper_bound,277
15,mindsculptor,6,120,0.4514302611351013,False,sampled_upper_bound,735
15,mindsculptor,6,180,0.43764400482177734,False,sampled_upper_bound,1258
15,mindsculptor,6,240,0.42589308574012286,True,exact_final,1753
15,mindsculptor,7,15,5.232588768005371,False,sampled_upper_bound,54
15,mindsculptor,7,30,4.912933349609375,False,sampled_upper_bound,119
15,mindsculptor,7,60,1.1350263357162476,False,sampled_upper_bound,278
15,mindsculptor,7,120,0.7015639543533325,False,sampled_upper_bound,613
15,mindsculptor,7,180,0.674676775932312,False,sampled_upper_bound,963
15,mindsculptor,7,240,0.5803758064854359,True,exact_final,1504
15,mindsculptor,8,15,5.167669296264648,False,sampled_upper_bound,71
15,mindsculptor,8,30,5.1562323570251465,False,sampled_upper_bound,158
15,mindsculptor,8,60,1.7091768980026245,False,sampled_upper_bound,328
15,mindsculptor,8,120,0.46354207396507263,False,sampled_upper_bound,749
15,mindsculptor,8,180,0.4014031802971783,True,exact_final_best_already_reached,1205
15,mindsculptor,8,240,0.4014031802971783,True,exact_final,1681
15,mindsculptor,9,15,3.1946070194244385,False,sampled_upper_bound,65
15,mindsculptor,9,30,2.896484375,False,sampled_upper_bound,112
15,mindsculptor,9,60,0.7811119556427002,False,sampled_upper_bound,268
15,mindsculptor,9,120,0.5207772177546558,True,exact_final_best_already_reached,610
15,mindsculptor,9,180,0.5207772177546558,True,exact_final_best_already_reached,1076
15,mindsculptor,9,240,0.5207772177546558,True,exact_final,1641
15,mindsculptor,10,15,4.474054336547852,False,sampled_upper_bound,87
15,mindsculptor,10,30,3.6743342876434326,False,sampled_upper_bound,172
15,mindsculptor,10,60,1.59682297706604,False,sampled_upper_bound,358
15,mindsculptor,10,120,0.4314810633659363,False,sampled_upper_bound,748
15,mindsculptor,10,180,0.4308837354183197,False,sampled_upper_bound,1238
15,mindsculptor,10,240,0.4108513649227269,True,exact_final,1719
16,romainm,1,15,1.0774577856063843,False,sampled_upper_bound,184
16,romainm,1,30,1.0543601512908936,False,sampled_upper_bound,405
16,romainm,1,60,1.0543601512908936,False,sampled_upper_bound,882
16,romainm,1,120,0.6633630990982056,False,sampled_upper_bound,1723
16,romainm,1,180,0.4132714295989668,True,exact_final_best_already_reached,2674
16,romainm,1,240,0.4132714295989668,True,exact_final,3540
16,romainm,2,15,1.0048707723617554,False,sampled_upper_bound,162
16,romainm,2,30,0.8902925252914429,False,sampled_upper_bound,363
16,romainm,2,60,0.5165088772773743,False,sampled_upper_bound,793
16,romainm,2,120,0.5165088772773743,False,sampled_upper_bound,1621
16,romainm,2,180,0.5165088772773743,False,sampled_upper_bound,2535
16,romainm,2,240,0.4652680644877324,True,exact_final,3484
16,romainm,3,15,2.1931192874908447,False,sampled_upper_bound,215
16,romainm,3,30,0.46528252959251404,False,sampled_upper_bound,429
16,romainm,3,60,0.4522255063056946,False,sampled_upper_bound,894
16,romainm,3,120,0.4522255063056946,False,sampled_upper_bound,1759
16,romainm,3,180,0.4522255063056946,False,sampled_upper_bound,2620
16,romainm,3,240,0.4421833257410221,True,exact_final,3477
16,romainm,4,15,0.6951084136962891,False,sampled_upper_bound,222
16,romainm,4,30,0.6901699900627136,False,sampled_upper_bound,483
16,romainm,4,60,0.5305654010592964,True,exact_final_best_already_reached,961
16,romainm,4,120,0.5305654010592964,True,exact_final_best_already_reached,1896
16,romainm,4,180,0.5305654010592964,True,exact_final_best_already_reached,2831
16,romainm,4,240,0.5305654010592964,True,exact_final,3800
16,romainm,5,15,1.1542887687683105,False,sampled_upper_bound,163
16,romainm,5,30,1.1542887687683105,False,sampled_upper_bound,323
16,romainm,5,60,0.41119958878334983,True,exact_final_best_already_reached,708
16,romainm,5,120,0.41119958878334983,True,exact_final_best_already_reached,1439
16,romainm,5,180,0.41119958878334983,True,exact_final_best_already_reached,2301
16,romainm,5,240,0.41119958878334983,True,exact_final,2999
16,romainm,6,15,1.515832781791687,False,sampled_upper_bound,197
16,romainm,6,30,0.666609525680542,False,sampled_upper_bound,442
16,romainm,6,60,0.40258968781411214,True,exact_final_best_already_reached,940
16,romainm,6,120,0.40258968781411214,True,exact_final_best_already_reached,1887
16,romainm,6,180,0.40258968781411214,True,exact_final_best_already_reached,2694
16,romainm,6,240,0.40258968781411214,True,exact_final,3602
16,romainm,7,15,0.9963384866714478,False,sampled_upper_bound,158
16,romainm,7,30,0.5949129462242126,False,sampled_upper_bound,358
16,romainm,7,60,0.5949129462242126,False,sampled_upper_bound,782
16,romainm,7,120,0.5949129462242126,False,sampled_upper_bound,1609
16,romainm,7,180,0.5038103370298549,True,exact_final_best_already_reached,2475
16,romainm,7,240,0.5038103370298549,True,exact_final,3325
16,romainm,8,15,0.8822565078735352,False,sampled_upper_bound,176
16,romainm,8,30,0.7945274114608765,False,sampled_upper_bound,381
16,romainm,8,60,0.7475867867469788,False,sampled_upper_bound,758
16,romainm,8,120,0.7475867867469788,False,sampled_upper_bound,1528
16,romainm,8,180,0.4866100549697876,False,sampled_upper_bound,2333
16,romainm,8,240,0.44775989513342096,True,exact_final,3140
16,romainm,9,15,0.5862240195274353,False,sampled_upper_bound,219
16,romainm,9,30,0.5621687769889832,False,sampled_upper_bound,485
16,romainm,9,60,0.5621687769889832,False,sampled_upper_bound,894
16,romainm,9,120,0.4493365848208554,True,exact_final_best_already_reached,1798
16,romainm,9,180,0.4493365848208554,True,exact_final_best_already_reached,2783
16,romainm,9,240,0.4493365848208554,True,exact_final,3688
16,romainm,10,15,0.8229686617851257,False,sampled_upper_bound,219
16,romainm,10,30,0.8101754784584045,False,sampled_upper_bound,435
16,romainm,10,60,0.606095016002655,False,sampled_upper_bound,873
16,romainm,10,120,0.6053341031074524,False,sampled_upper_bound,1808
16,romainm,10,180,0.5334676613819008,True,exact_final_best_already_reached,2613
16,romainm,10,240,0.5334676613819008,True,exact_final,3406
17,aekovalenko,1,15,4.065427303314209,False,sampled_upper_bound,216
17,aekovalenko,1,30,1.7493641376495361,False,sampled_upper_bound,463
17,aekovalenko,1,60,0.8216520547866821,False,sampled_upper_bound,1012
17,aekovalenko,1,120,0.792717695236206,False,sampled_upper_bound,2214
17,aekovalenko,1,180,0.5226867510891089,True,exact_final_best_already_reached,3484
17,aekovalenko,1,240,0.5226867510891089,True,exact_final,4753
17,aekovalenko,2,15,2.4500443935394287,False,sampled_upper_bound,211
17,aekovalenko,2,30,0.780590295791626,False,sampled_upper_bound,494
17,aekovalenko,2,60,0.7031246423721313,False,sampled_upper_bound,1090
17,aekovalenko,2,120,0.5755539536476135,False,sampled_upper_bound,2338
17,aekovalenko,2,180,0.4447585642337799,False,sampled_upper_bound,3605
17,aekovalenko,2,240,0.39896411070297105,True,exact_final,4896
17,aekovalenko,3,15,3.4308249950408936,False,sampled_upper_bound,218
17,aekovalenko,3,30,2.228273391723633,False,sampled_upper_bound,444
17,aekovalenko,3,60,0.6015970706939697,False,sampled_upper_bound,892
17,aekovalenko,3,120,0.5379220247268677,False,sampled_upper_bound,1765
17,aekovalenko,3,180,0.49645885825157166,False,sampled_upper_bound,2716
17,aekovalenko,3,240,0.4014188474688588,True,exact_final,3667
17,aekovalenko,4,15,1.0448073148727417,False,sampled_upper_bound,245
17,aekovalenko,4,30,0.758132815361023,False,sampled_upper_bound,564
17,aekovalenko,4,60,0.6645404100418091,False,sampled_upper_bound,1229
17,aekovalenko,4,120,0.6576918363571167,False,sampled_upper_bound,2384
17,aekovalenko,4,180,0.616621196269989,False,sampled_upper_bound,3512
17,aekovalenko,4,240,0.45940396523031396,True,exact_final,4662
17,aekovalenko,5,15,3.9093286991119385,False,sampled_upper_bound,211
17,aekovalenko,5,30,2.587418794631958,False,sampled_upper_bound,447
17,aekovalenko,5,60,0.6885268092155457,False,sampled_upper_bound,797
17,aekovalenko,5,120,0.4880456328392029,False,sampled_upper_bound,1579
17,aekovalenko,5,180,0.46031859517097473,False,sampled_upper_bound,2367
17,aekovalenko,5,240,0.4541303228021523,True,exact_final,3157
17,aekovalenko,6,15,2.171558141708374,False,sampled_upper_bound,230
17,aekovalenko,6,30,1.1982743740081787,False,sampled_upper_bound,471
17,aekovalenko,6,60,0.7889289855957031,False,sampled_upper_bound,965
17,aekovalenko,6,120,0.5577813386917114,False,sampled_upper_bound,2149
17,aekovalenko,6,180,0.521038293838501,False,sampled_upper_bound,3462
17,aekovalenko,6,240,0.43791203542047014,True,exact_final,4797
17,aekovalenko,7,15,2.8912477493286133,False,sampled_upper_bound,187
17,aekovalenko,7,30,1.0945873260498047,False,sampled_upper_bound,415
17,aekovalenko,7,60,0.7661333084106445,False,sampled_upper_bound,947
17,aekovalenko,7,120,0.7004733085632324,False,sampled_upper_bound,2078
17,aekovalenko,7,180,0.6893540024757385,False,sampled_upper_bound,3303
17,aekovalenko,7,240,0.4410052056296131,True,exact_final,4561
17,aekovalenko,8,15,3.3825297355651855,False,sampled_upper_bound,232
17,aekovalenko,8,30,0.8642075657844543,False,sampled_upper_bound,526
17,aekovalenko,8,60,0.6521168351173401,False,sampled_upper_bound,1110
17,aekovalenko,8,120,0.6303098797798157,False,sampled_upper_bound,2048
17,aekovalenko,8,180,0.6247495412826538,False,sampled_upper_bound,3021
17,aekovalenko,8,240,0.6134371127457338,True,exact_final,4058
17,aekovalenko,9,15,2.767753839492798,False,sampled_upper_bound,239
17,aekovalenko,9,30,1.019511103630066,False,sampled_upper_bound,479
17,aekovalenko,9,60,0.9170169830322266,False,sampled_upper_bound,980
17,aekovalenko,9,120,0.9170169830322266,False,sampled_upper_bound,1985
17,aekovalenko,9,180,0.8832483887672424,False,sampled_upper_bound,3040
17,aekovalenko,9,240,0.5205574127394975,True,exact_final,4220
17,aekovalenko,10,15,2.6103875637054443,False,sampled_upper_bound,210
17,aekovalenko,10,30,1.4097741842269897,False,sampled_upper_bound,430
17,aekovalenko,10,60,0.7405765652656555,False,sampled_upper_bound,977
17,aekovalenko,10,120,0.5654865503311157,False,sampled_upper_bound,2184
17,aekovalenko,10,180,0.5654865503311157,False,sampled_upper_bound,3382
17,aekovalenko,10,240,0.4710525784305035,True,exact_final,4561
18,bgkang,1,15,1.056134581565857,False,sampled_upper_bound,102
18,bgkang,1,30,1.056134581565857,False,sampled_upper_bound,183
18,bgkang,1,60,0.6323132514953613,False,sampled_upper_bound,404
18,bgkang,1,120,0.5533382296562195,False,sampled_upper_bound,925
18,bgkang,1,180,0.5057896375656128,False,sampled_upper_bound,1456
18,bgkang,1,240,0.49387892486549545,True,exact_final,1987
18,bgkang,2,15,0.9887463450431824,False,sampled_upper_bound,55
18,bgkang,2,30,0.9887463450431824,False,sampled_upper_bound,140
18,bgkang,2,60,0.6405888795852661,False,sampled_upper_bound,346
18,bgkang,2,120,0.625329315662384,False,sampled_upper_bound,858
18,bgkang,2,180,0.6231729984283447,False,sampled_upper_bound,1357
18,bgkang,2,240,0.6220582971350374,True,exact_final,1845
18,bgkang,3,15,1.1595059633255005,False,sampled_upper_bound,77
18,bgkang,3,30,1.1595059633255005,False,sampled_upper_bound,148
18,bgkang,3,60,0.5535625219345093,False,sampled_upper_bound,373
18,bgkang,3,120,0.5428674817085266,False,sampled_upper_bound,898
18,bgkang,3,180,0.5396488904953003,False,sampled_upper_bound,1425
18,bgkang,3,240,0.539380576713256,True,exact_final,1933
18,bgkang,4,15,0.9025266766548157,False,sampled_upper_bound,84
18,bgkang,4,30,0.9025266766548157,False,sampled_upper_bound,173
18,bgkang,4,60,0.44526368379592896,False,sampled_upper_bound,415
18,bgkang,4,120,0.43885543942451477,False,sampled_upper_bound,926
18,bgkang,4,180,0.4352897107601166,False,sampled_upper_bound,1449
18,bgkang,4,240,0.4151037618953034,True,exact_final,1947
18,bgkang,5,15,1.1234898567199707,False,sampled_upper_bound,85
18,bgkang,5,30,0.9305336475372314,False,sampled_upper_bound,168
18,bgkang,5,60,0.3884298503398895,False,sampled_upper_bound,370
18,bgkang,5,120,0.37320804595947266,False,sampled_upper_bound,847
18,bgkang,5,180,0.36764979362487793,False,sampled_upper_bound,1322
18,bgkang,5,240,0.36669632539312813,True,exact_final,1783
18,bgkang,6,15,1.2805383205413818,False,sampled_upper_bound,107
18,bgkang,6,30,1.0480268001556396,False,sampled_upper_bound,187
18,bgkang,6,60,0.6471458077430725,False,sampled_upper_bound,422
18,bgkang,6,120,0.6415128111839294,False,sampled_upper_bound,941
18,bgkang,6,180,0.6403701993342357,True,exact_final_best_already_reached,1459
18,bgkang,6,240,0.6403701993342357,True,exact_final,1970
18,bgkang,7,15,1.3924823999404907,False,sampled_upper_bound,92
18,bgkang,7,30,1.2881759405136108,False,sampled_upper_bound,167
18,bgkang,7,60,0.6657839417457581,False,sampled_upper_bound,373
18,bgkang,7,120,0.6489889025688171,False,sampled_upper_bound,884
18,bgkang,7,180,0.6421321034431458,False,sampled_upper_bound,1385
18,bgkang,7,240,0.6393276150483652,True,exact_final,1890
18,bgkang,8,15,3.147761344909668,False,sampled_upper_bound,90
18,bgkang,8,30,1.1404083967208862,False,sampled_upper_bound,165
18,bgkang,8,60,0.5293487906455994,False,sampled_upper_bound,359
18,bgkang,8,120,0.481777161359787,False,sampled_upper_bound,889
18,bgkang,8,180,0.4716988801956177,False,sampled_upper_bound,1403
18,bgkang,8,240,0.459417783098827,True,exact_final,1885
18,bgkang,9,15,1.0930290222167969,False,sampled_upper_bound,83
18,bgkang,9,30,0.7570849061012268,False,sampled_upper_bound,180
18,bgkang,9,60,0.4351644515991211,False,sampled_upper_bound,386
18,bgkang,9,120,0.41097041964530945,False,sampled_upper_bound,893
18,bgkang,9,180,0.4084378480911255,False,sampled_upper_bound,1402
18,bgkang,9,240,0.40759520313747005,True,exact_final,1914
18,bgkang,10,15,2.7297680377960205,False,sampled_upper_bound,79
18,bgkang,10,30,1.8823528289794922,False,sampled_upper_bound,180
18,bgkang,10,60,0.5554066896438599,False,sampled_upper_bound,401
18,bgkang,10,120,0.43262502551078796,False,sampled_upper_bound,933
18,bgkang,10,180,0.42478492856025696,False,sampled_upper_bound,1437
18,bgkang,10,240,0.42235831378083233,True,exact_final,1934
19,dvolovenko,1,15,2.602588176727295,False,sampled_upper_bound,101
19,dvolovenko,1,30,0.8906500339508057,False,sampled_upper_bound,183
19,dvolovenko,1,60,0.7648263573646545,False,sampled_upper_bound,344
19,dvolovenko,1,120,0.7389053702354431,False,sampled_upper_bound,666
19,dvolovenko,1,180,0.7194141733769146,True,exact_final_best_already_reached,991
19,dvolovenko,1,240,0.7194141733769146,True,exact_final,1335
19,dvolovenko,2,15,2.655050754547119,False,sampled_upper_bound,48
19,dvolovenko,2,30,1.38190758228302,False,sampled_upper_bound,97
19,dvolovenko,2,60,1.2422517538070679,False,sampled_upper_bound,346
19,dvolovenko,2,120,1.205934762954712,False,sampled_upper_bound,849
19,dvolovenko,2,180,0.41932135820388794,False,sampled_upper_bound,1352
19,dvolovenko,2,240,0.4151566414820976,True,exact_final,1848
19,dvolovenko,3,15,1.2000222206115723,False,sampled_upper_bound,119
19,dvolovenko,3,30,1.1431900262832642,False,sampled_upper_bound,257
19,dvolovenko,3,60,1.0679093599319458,False,sampled_upper_bound,534
19,dvolovenko,3,120,1.0158244371414185,False,sampled_upper_bound,1087
19,dvolovenko,3,180,1.0058128833770752,False,sampled_upper_bound,1644
19,dvolovenko,3,240,0.9812259987939002,True,exact_final,2191
19,dvolovenko,4,15,1.737383246421814,False,sampled_upper_bound,86
19,dvolovenko,4,30,0.6540860533714294,False,sampled_upper_bound,208
19,dvolovenko,4,60,0.6492897272109985,False,sampled_upper_bound,465
19,dvolovenko,4,120,0.648855447769165,False,sampled_upper_bound,976
19,dvolovenko,4,180,0.6406318524350724,True,exact_final_best_already_reached,1477
19,dvolovenko,4,240,0.6406318524350724,True,exact_final,1991
19,dvolovenko,5,15,0.9370712637901306,False,sampled_upper_bound,68
19,dvolovenko,5,30,0.4428548216819763,False,sampled_upper_bound,164
19,dvolovenko,5,60,0.43583473563194275,False,sampled_upper_bound,401
19,dvolovenko,5,120,0.43555301427841187,False,sampled_upper_bound,890
19,dvolovenko,5,180,0.41958585381507874,False,sampled_upper_bound,1380
19,dvolovenko,5,240,0.4137288434735906,True,exact_final,1871
19,dvolovenko,6,15,0.5745924115180969,False,sampled_upper_bound,114
19,dvolovenko,6,30,0.44748786091804504,False,sampled_upper_bound,246
19,dvolovenko,6,60,0.43015581369400024,False,sampled_upper_bound,516
19,dvolovenko,6,120,0.42658039927482605,False,sampled_upper_bound,1048
19,dvolovenko,6,180,0.42658039927482605,False,sampled_upper_bound,1583
19,dvolovenko,6,240,0.42313417677301646,True,exact_final,2137
19,dvolovenko,7,15,1.1579360961914062,False,sampled_upper_bound,101
19,dvolovenko,7,30,0.9735792875289917,False,sampled_upper_bound,236
19,dvolovenko,7,60,0.8194665908813477,False,sampled_upper_bound,504
19,dvolovenko,7,120,0.7844498753547668,False,sampled_upper_bound,1050
19,dvolovenko,7,180,0.7844498753547668,False,sampled_upper_bound,1597
19,dvolovenko,7,240,0.5736914329651661,True,exact_final,2119
19,dvolovenko,8,15,1.683370590209961,False,sampled_upper_bound,101
19,dvolovenko,8,30,0.9313849210739136,False,sampled_upper_bound,239
19,dvolovenko,8,60,0.6864806841153381,True,exact_final_best_already_reached,504
19,dvolovenko,8,120,0.6864806841153381,True,exact_final_best_already_reached,1003
19,dvolovenko,8,180,0.6864806841153381,True,exact_final_best_already_reached,1518
19,dvolovenko,8,240,0.6864806841153381,True,exact_final,2044
19,dvolovenko,9,15,0.8829910755157471,False,sampled_upper_bound,133
19,dvolovenko,9,30,0.7762659788131714,False,sampled_upper_bound,275
19,dvolovenko,9,60,0.5395024418830872,False,sampled_upper_bound,562
19,dvolovenko,9,120,0.5395024418830872,False,sampled_upper_bound,1138
19,dvolovenko,9,180,0.4861754775047302,False,sampled_upper_bound,1701
19,dvolovenko,9,240,0.23990300635985962,True,exact_final,2238
19,dvolovenko,10,15,0.4508678913116455,False,sampled_upper_bound,107
19,dvolovenko,10,30,0.4508678913116455,False,sampled_upper_bound,233
19,dvolovenko,10,60,0.4409189820289612,False,sampled_upper_bound,474
19,dvolovenko,10,120,0.4386267364025116,False,sampled_upper_bound,975
19,dvolovenko,10,180,0.4354383647441864,False,sampled_upper_bound,1475
19,dvolovenko,10,240,0.43438410069083305,True,exact_final,1981
20,angel,1,15,4.117616176605225,False,sampled_upper_bound,20
20,angel,1,30,4.117616176605225,False,sampled_upper_bound,20
20,angel,1,60,2.053164482116699,False,sampled_upper_bound,170
20,angel,1,120,1.9567335844039917,False,sampled_upper_bound,629
20,angel,1,180,0.8298547267913818,False,sampled_upper_bound,1051
20,angel,1,240,0.7654350769853153,True,exact_final,1464
20,angel,2,15,4.085965156555176,False,sampled_upper_bound,55
20,angel,2,30,2.492966651916504,False,sampled_upper_bound,102
20,angel,2,60,2.1879022121429443,False,sampled_upper_bound,200
20,angel,2,120,0.6410266757011414,False,sampled_upper_bound,507
20,angel,2,180,0.5117207169532776,False,sampled_upper_bound,969
20,angel,2,240,0.4788344997191645,True,exact_final,1420
20,angel,3,15,1.3416450023651123,False,sampled_upper_bound,106
20,angel,3,30,0.455685555934906,False,sampled_upper_bound,245
20,angel,3,60,0.3904225528240204,False,sampled_upper_bound,520
20,angel,3,120,0.3790437579154968,False,sampled_upper_bound,1069
20,angel,3,180,0.3790437579154968,False,sampled_upper_bound,1623
20,angel,3,240,0.37805674442385667,True,exact_final,2177
20,angel,4,15,4.215408802032471,False,sampled_upper_bound,109
20,angel,4,30,2.425132989883423,False,sampled_upper_bound,198
20,angel,4,60,0.7463869452476501,False,sampled_upper_bound,441
20,angel,4,120,0.6454173922538757,False,sampled_upper_bound,950
20,angel,4,180,0.48292168974876404,False,sampled_upper_bound,1481
20,angel,4,240,0.4700981829263596,True,exact_final,2020
20,angel,5,15,2.297280788421631,False,sampled_upper_bound,50
20,angel,5,30,2.297280788421631,False,sampled_upper_bound,50
20,angel,5,60,2.297280788421631,False,sampled_upper_bound,50
20,angel,5,120,2.297280788421631,False,sampled_upper_bound,50
20,angel,5,180,2.297280788421631,False,sampled_upper_bound,50
20,angel,5,240,0.8346788900696706,True,exact_final,266
20,angel,6,15,4.08666467666626,False,sampled_upper_bound,9
20,angel,6,30,1.9711103439331055,False,sampled_upper_bound,11
20,angel,6,60,1.1715481281280518,False,sampled_upper_bound,144
20,angel,6,120,0.5430073738098145,False,sampled_upper_bound,670
20,angel,6,180,0.4898206293582916,False,sampled_upper_bound,1216
20,angel,6,240,0.47443394353911744,True,exact_final,1771
20,angel,7,15,3.8949217796325684,False,sampled_upper_bound,42
20,angel,7,30,3.5805511474609375,False,sampled_upper_bound,81
20,angel,7,60,3.354001045227051,False,sampled_upper_bound,200
20,angel,7,120,1.827581524848938,False,sampled_upper_bound,496
20,angel,7,180,1.0153757333755493,False,sampled_upper_bound,890
20,angel,7,240,0.9238272172596075,True,exact_final,1354
20,angel,8,15,2.0731074810028076,False,sampled_upper_bound,38
20,angel,8,30,2.0270280838012695,False,sampled_upper_bound,104
20,angel,8,60,1.3052092790603638,False,sampled_upper_bound,320
20,angel,8,120,1.1391807794570923,False,sampled_upper_bound,764
20,angel,8,180,0.6862598657608032,False,sampled_upper_bound,1184
20,angel,8,240,0.6510462635751167,True,exact_final,1630
20,angel,9,15,4.129355430603027,False,sampled_upper_bound,66
20,angel,9,30,3.9071874618530273,False,sampled_upper_bound,124
20,angel,9,60,0.20102998614311218,False,sampled_upper_bound,379
20,angel,9,120,0.17909333109855652,False,sampled_upper_bound,916
20,angel,9,180,0.1726299524307251,False,sampled_upper_bound,1441
20,angel,9,240,0.16883591226965233,True,exact_final,1976
20,angel,10,15,1.8311101198196411,False,sampled_upper_bound,30
20,angel,10,30,1.807835340499878,False,sampled_upper_bound,125
20,angel,10,60,1.807835340499878,False,sampled_upper_bound,308
20,angel,10,120,0.8693057298660278,False,sampled_upper_bound,717
20,angel,10,180,0.5339853167533875,False,sampled_upper_bound,1241
20,angel,10,240,0.456343775892519,True,exact_final,1755
21,jannatsamadov,1,15,1.5532335042953491,False,sampled_upper_bound,55
21,jannatsamadov,1,30,0.7389140725135803,False,sampled_upper_bound,181
21,jannatsamadov,1,60,0.6039839386940002,False,sampled_upper_bound,452
21,jannatsamadov,1,120,0.5517458319664001,False,sampled_upper_bound,958
21,jannatsamadov,1,180,0.4771642985610551,True,exact_final_best_already_reached,1490
21,jannatsamadov,1,240,0.4771642985610551,True,exact_final,2002
21,jannatsamadov,2,15,0.7236284613609314,False,sampled_upper_bound,91
21,jannatsamadov,2,30,0.5533851385116577,False,sampled_upper_bound,226
21,jannatsamadov,2,60,0.53605055809021,False,sampled_upper_bound,494
21,jannatsamadov,2,120,0.4849686920642853,False,sampled_upper_bound,1021
21,jannatsamadov,2,180,0.4172561764717102,False,sampled_upper_bound,1514
21,jannatsamadov,2,240,0.41357219021319697,True,exact_final,1970
21,jannatsamadov,3,15,1.5872817039489746,False,sampled_upper_bound,86
21,jannatsamadov,3,30,1.447331190109253,False,sampled_upper_bound,194
21,jannatsamadov,3,60,1.3425145149230957,False,sampled_upper_bound,417
21,jannatsamadov,3,120,1.097983298669102,True,exact_final_best_already_reached,841
21,jannatsamadov,3,180,1.097983298669102,True,exact_final_best_already_reached,971
21,jannatsamadov,3,240,1.097983298669102,True,exact_final,1360
21,jannatsamadov,4,15,2.2670583724975586,False,sampled_upper_bound,121
21,jannatsamadov,4,30,1.5592889785766602,False,sampled_upper_bound,241
21,jannatsamadov,4,60,1.0432572040608095,True,exact_final_best_already_reached,490
21,jannatsamadov,4,120,1.0432572040608095,True,exact_final_best_already_reached,980
21,jannatsamadov,4,180,1.0432572040608095,True,exact_final_best_already_reached,1502
21,jannatsamadov,4,240,1.0432572040608095,True,exact_final,2033
21,jannatsamadov,5,15,1.6155712604522705,False,sampled_upper_bound,29
21,jannatsamadov,5,30,1.5996679067611694,False,sampled_upper_bound,31
21,jannatsamadov,5,60,0.6350196599960327,False,sampled_upper_bound,204
21,jannatsamadov,5,120,0.45708563406496683,True,exact_final_best_already_reached,703
21,jannatsamadov,5,180,0.45708563406496683,True,exact_final_best_already_reached,1202
21,jannatsamadov,5,240,0.45708563406496683,True,exact_final,1695
21,jannatsamadov,6,15,3.14241623878479,False,sampled_upper_bound,33
21,jannatsamadov,6,30,2.9534196853637695,False,sampled_upper_bound,68
21,jannatsamadov,6,60,2.9534196853637695,False,sampled_upper_bound,138
21,jannatsamadov,6,120,0.41538314724501263,True,exact_final_best_already_reached,536
21,jannatsamadov,6,180,0.41538314724501263,True,exact_final_best_already_reached,1044
21,jannatsamadov,6,240,0.41538314724501263,True,exact_final,1549
21,jannatsamadov,7,15,4.485362529754639,False,sampled_upper_bound,45
21,jannatsamadov,7,30,1.914744257926941,False,sampled_upper_bound,116
21,jannatsamadov,7,60,0.6377846598625183,False,sampled_upper_bound,365
21,jannatsamadov,7,120,0.5341936349868774,False,sampled_upper_bound,880
21,jannatsamadov,7,180,0.35983094573020935,False,sampled_upper_bound,1369
21,jannatsamadov,7,240,0.3132273019375542,True,exact_final,1866
21,jannatsamadov,8,15,1.3609766960144043,False,sampled_upper_bound,82
21,jannatsamadov,8,30,1.3609766960144043,False,sampled_upper_bound,179
21,jannatsamadov,8,60,1.2173739671707153,False,sampled_upper_bound,385
21,jannatsamadov,8,120,1.2173739671707153,False,sampled_upper_bound,814
21,jannatsamadov,8,180,1.2173739671707153,False,sampled_upper_bound,1294
21,jannatsamadov,8,240,0.4340067247033234,True,exact_final,1787
21,jannatsamadov,9,15,3.8314642906188965,False,sampled_upper_bound,67
21,jannatsamadov,9,30,1.9345417022705078,False,sampled_upper_bound,88
21,jannatsamadov,9,60,1.8201879262924194,False,sampled_upper_bound,331
21,jannatsamadov,9,120,1.8038713932037354,False,sampled_upper_bound,832
21,jannatsamadov,9,180,1.7913926839828491,False,sampled_upper_bound,1321
21,jannatsamadov,9,240,0.5040462852833731,True,exact_final,1824
21,jannatsamadov,10,15,2.962094783782959,False,sampled_upper_bound,43
21,jannatsamadov,10,30,2.729243755340576,False,sampled_upper_bound,54
21,jannatsamadov,10,60,1.7844244241714478,False,sampled_upper_bound,218
21,jannatsamadov,10,120,0.5880904197692871,False,sampled_upper_bound,752
21,jannatsamadov,10,180,0.5450916886329651,False,sampled_upper_bound,1282
21,jannatsamadov,10,240,0.531912921553508,True,exact_final,1833
22,aniketnegi,1,15,1.9089927673339844,False,sampled_upper_bound,66
22,aniketnegi,1,30,0.6984633207321167,False,sampled_upper_bound,181
22,aniketnegi,1,60,0.5688294768333435,False,sampled_upper_bound,448
22,aniketnegi,1,120,0.5688294768333435,False,sampled_upper_bound,978
22,aniketnegi,1,180,0.5276771187782288,False,sampled_upper_bound,1503
22,aniketnegi,1,240,0.4728753412848935,True,exact_final,2019
22,aniketnegi,2,15,1.9988211393356323,False,sampled_upper_bound,96
22,aniketnegi,2,30,1.8812795877456665,False,sampled_upper_bound,217
22,aniketnegi,2,60,1.811594009399414,False,sampled_upper_bound,449
22,aniketnegi,2,120,0.5199423432350159,False,sampled_upper_bound,924
22,aniketnegi,2,180,0.5037660659774053,True,exact_final_best_already_reached,1451
22,aniketnegi,2,240,0.5037660659774053,True,exact_final,1978
22,aniketnegi,3,15,1.4890239238739014,False,sampled_upper_bound,110
22,aniketnegi,3,30,0.9780847430229187,False,sampled_upper_bound,242
22,aniketnegi,3,60,0.8389370441436768,False,sampled_upper_bound,521
22,aniketnegi,3,120,0.8259859085083008,False,sampled_upper_bound,1079
22,aniketnegi,3,180,0.6191340684890747,False,sampled_upper_bound,1615
22,aniketnegi,3,240,0.49386815069875967,True,exact_final,2139
22,aniketnegi,4,15,4.437162399291992,False,sampled_upper_bound,105
22,aniketnegi,4,30,4.437162399291992,False,sampled_upper_bound,250
22,aniketnegi,4,60,1.6682016849517822,False,sampled_upper_bound,304
22,aniketnegi,4,120,0.4934747517108917,False,sampled_upper_bound,791
22,aniketnegi,4,180,0.4919062852859497,False,sampled_upper_bound,1312
22,aniketnegi,4,240,0.48843693758202594,True,exact_final,1835
22,aniketnegi,5,15,1.2463810443878174,False,sampled_upper_bound,31
22,aniketnegi,5,30,1.2463810443878174,False,sampled_upper_bound,38
22,aniketnegi,5,60,1.0389527082443237,False,sampled_upper_bound,220
22,aniketnegi,5,120,0.5678070510276646,True,exact_final_best_already_reached,746
22,aniketnegi,5,180,0.5678070510276646,True,exact_final_best_already_reached,1212
22,aniketnegi,5,240,0.5678070510276646,True,exact_final,1683
22,aniketnegi,6,15,1.9117074012756348,False,sampled_upper_bound,24
22,aniketnegi,6,30,1.907874584197998,False,sampled_upper_bound,25
22,aniketnegi,6,60,1.9030083417892456,False,sampled_upper_bound,29
22,aniketnegi,6,120,0.503957986831665,False,sampled_upper_bound,430
22,aniketnegi,6,180,0.49711573123931885,False,sampled_upper_bound,973
22,aniketnegi,6,240,0.49093386093510305,True,exact_final,1515
22,aniketnegi,7,15,0.75533527135849,False,sampled_upper_bound,97
22,aniketnegi,7,30,0.2242947220802307,False,sampled_upper_bound,223
22,aniketnegi,7,60,0.2065463364124298,False,sampled_upper_bound,484
22,aniketnegi,7,120,0.1944436877965927,False,sampled_upper_bound,1014
22,aniketnegi,7,180,0.18165285885334015,False,sampled_upper_bound,1537
22,aniketnegi,7,240,0.17547698852390642,True,exact_final,2060
22,aniketnegi,8,15,3.8005645275115967,False,sampled_upper_bound,101
22,aniketnegi,8,30,1.5855491161346436,False,sampled_upper_bound,234
22,aniketnegi,8,60,1.5749640464782715,False,sampled_upper_bound,506
22,aniketnegi,8,120,1.4622923135757446,False,sampled_upper_bound,1048
22,aniketnegi,8,180,1.428477168083191,False,sampled_upper_bound,1557
22,aniketnegi,8,240,1.1938648564417664,True,exact_final,2064
22,aniketnegi,9,15,4.175197124481201,False,sampled_upper_bound,83
22,aniketnegi,9,30,1.6354049444198608,False,sampled_upper_bound,157
22,aniketnegi,9,60,1.6121783256530762,False,sampled_upper_bound,328
22,aniketnegi,9,120,0.8813450336456299,False,sampled_upper_bound,799
22,aniketnegi,9,180,0.8804037420345188,True,exact_final_best_already_reached,1304
22,aniketnegi,9,240,0.8804037420345188,True,exact_final,1806
22,aniketnegi,10,15,2.7186403274536133,False,sampled_upper_bound,105
22,aniketnegi,10,30,2.1613333225250244,False,sampled_upper_bound,206
22,aniketnegi,10,60,1.8059707880020142,False,sampled_upper_bound,422
22,aniketnegi,10,120,0.42894765734672546,False,sampled_upper_bound,934
22,aniketnegi,10,180,0.4264235544920408,True,exact_final_best_already_reached,1472
22,aniketnegi,10,240,0.4264235544920408,True,exact_final,2026
23,hocayi,1,15,1.3214794397354126,False,sampled_upper_bound,95
23,hocayi,1,30,0.793898344039917,False,sampled_upper_bound,198
23,hocayi,1,60,0.6126501560211182,False,sampled_upper_bound,434
23,hocayi,1,120,0.3426118493080139,False,sampled_upper_bound,960
23,hocayi,1,180,0.3188122358184475,True,exact_final_best_already_reached,1483
23,hocayi,1,240,0.3188122358184475,True,exact_final,1998
23,hocayi,2,15,1.649409532546997,False,sampled_upper_bound,89
23,hocayi,2,30,0.6651982069015503,False,sampled_upper_bound,204
23,hocayi,2,60,0.5475987195968628,False,sampled_upper_bound,476
23,hocayi,2,120,0.5408166646957397,False,sampled_upper_bound,1017
23,hocayi,2,180,0.524685263633728,False,sampled_upper_bound,1548
23,hocayi,2,240,0.510947906288401,True,exact_final,2071
23,hocayi,3,15,4.169095993041992,False,sampled_upper_bound,100
23,hocayi,3,30,4.130155086517334,False,sampled_upper_bound,178
23,hocayi,3,60,1.9351749420166016,False,sampled_upper_bound,348
23,hocayi,3,120,1.393525242805481,False,sampled_upper_bound,819
23,hocayi,3,180,1.361435890197754,False,sampled_upper_bound,1308
23,hocayi,3,240,1.3562881138303176,True,exact_final,1792
23,hocayi,4,15,1.5901144742965698,False,sampled_upper_bound,118
23,hocayi,4,30,1.0851469039916992,False,sampled_upper_bound,260
23,hocayi,4,60,1.0614712238311768,False,sampled_upper_bound,550
23,hocayi,4,120,1.0292232036590576,False,sampled_upper_bound,1113
23,hocayi,4,180,0.6964058876037598,False,sampled_upper_bound,1656
23,hocayi,4,240,0.674345986477436,True,exact_final,2201
23,hocayi,5,15,1.9332984685897827,False,sampled_upper_bound,36
23,hocayi,5,30,1.771520733833313,False,sampled_upper_bound,44
23,hocayi,5,60,0.954166054725647,False,sampled_upper_bound,67
23,hocayi,5,120,0.4981182813644409,False,sampled_upper_bound,401
23,hocayi,5,180,0.4342954773135706,True,exact_final_best_already_reached,867
23,hocayi,5,240,0.4342954773135706,True,exact_final,1294
23,hocayi,6,15,3.86362361907959,False,sampled_upper_bound,21
23,hocayi,6,30,3.86362361907959,False,sampled_upper_bound,21
23,hocayi,6,60,0.4137841463088989,False,sampled_upper_bound,239
23,hocayi,6,120,0.412246972322464,False,sampled_upper_bound,737
23,hocayi,6,180,0.41118223501220974,True,exact_final_best_already_reached,1251
23,hocayi,6,240,0.41118223501220974,True,exact_final,1757
23,hocayi,7,15,4.461373329162598,False,sampled_upper_bound,56
23,hocayi,7,30,0.5631933212280273,False,sampled_upper_bound,168
23,hocayi,7,60,0.4268347262973924,True,exact_final_best_already_reached,415
23,hocayi,7,120,0.4268347262973924,True,exact_final_best_already_reached,903
23,hocayi,7,180,0.4268347262973924,True,exact_final_best_already_reached,1390
23,hocayi,7,240,0.4268347262973924,True,exact_final,1880
23,hocayi,8,15,3.0406811237335205,False,sampled_upper_bound,20
23,hocayi,8,30,3.0406811237335205,False,sampled_upper_bound,20
23,hocayi,8,60,1.2597119808197021,False,sampled_upper_bound,175
23,hocayi,8,120,0.7849499583244324,False,sampled_upper_bound,650
23,hocayi,8,180,0.6350130438804626,False,sampled_upper_bound,1143
23,hocayi,8,240,0.6219719038720927,True,exact_final,1643
23,hocayi,9,15,4.0931925773620605,False,sampled_upper_bound,75
23,hocayi,9,30,2.3498435020446777,False,sampled_upper_bound,160
23,hocayi,9,60,1.0420948266983032,False,sampled_upper_bound,308
23,hocayi,9,120,0.5959655046463013,False,sampled_upper_bound,819
23,hocayi,9,180,0.5848395228385925,False,sampled_upper_bound,1340
23,hocayi,9,240,0.5700992500453113,True,exact_final,1859
23,hocayi,10,15,2.767963171005249,False,sampled_upper_bound,102
23,hocayi,10,30,2.6176371574401855,False,sampled_upper_bound,224
23,hocayi,10,60,2.4550578594207764,False,sampled_upper_bound,461
23,hocayi,10,120,2.3842320442199707,False,sampled_upper_bound,921
23,hocayi,10,180,0.6501908898353577,False,sampled_upper_bound,1337
23,hocayi,10,240,0.42729759157123015,True,exact_final,1891
24,nya-a-cat,1,15,3.994373083114624,False,sampled_upper_bound,231
24,nya-a-cat,1,30,1.2983897924423218,False,sampled_upper_bound,462
24,nya-a-cat,1,60,0.7905474305152893,False,sampled_upper_bound,944
24,nya-a-cat,1,120,0.6600607633590698,False,sampled_upper_bound,1934
24,nya-a-cat,1,180,0.6527732610702515,False,sampled_upper_bound,3104
24,nya-a-cat,1,240,0.6496624285194406,True,exact_final,3935
24,nya-a-cat,2,15,3.7640302181243896,False,sampled_upper_bound,221
24,nya-a-cat,2,30,1.4205039739608765,False,sampled_upper_bound,451
24,nya-a-cat,2,60,1.2478389739990234,False,sampled_upper_bound,945
24,nya-a-cat,2,120,0.7696388959884644,False,sampled_upper_bound,2069
24,nya-a-cat,2,180,0.7504247426986694,False,sampled_upper_bound,3101
24,nya-a-cat,2,240,0.7491899367087004,True,exact_final,3824
24,nya-a-cat,3,15,2.6693408489227295,False,sampled_upper_bound,214
24,nya-a-cat,3,30,1.57768976688385,False,sampled_upper_bound,433
24,nya-a-cat,3,60,0.6613196730613708,False,sampled_upper_bound,896
24,nya-a-cat,3,120,0.22722744941711426,False,sampled_upper_bound,1940
24,nya-a-cat,3,180,0.15771961212158203,False,sampled_upper_bound,3087
24,nya-a-cat,3,240,0.14471614872103977,True,exact_final,3936
24,nya-a-cat,4,15,1.733628273010254,False,sampled_upper_bound,256
24,nya-a-cat,4,30,1.3022576570510864,False,sampled_upper_bound,479
24,nya-a-cat,4,60,0.7451437711715698,False,sampled_upper_bound,978
24,nya-a-cat,4,120,0.4291341304779053,False,sampled_upper_bound,2093
24,nya-a-cat,4,180,0.42307108640670776,False,sampled_upper_bound,3397
24,nya-a-cat,4,240,0.4222797621174772,True,exact_final,4312
24,nya-a-cat,5,15,2.8460137844085693,False,sampled_upper_bound,203
24,nya-a-cat,5,30,1.3694053888320923,False,sampled_upper_bound,326
24,nya-a-cat,5,60,0.5346291661262512,False,sampled_upper_bound,664
24,nya-a-cat,5,120,0.4233950674533844,False,sampled_upper_bound,1782
24,nya-a-cat,5,180,0.42147377133369446,False,sampled_upper_bound,2918
24,nya-a-cat,5,240,0.414730853244415,True,exact_final,3726
24,nya-a-cat,6,15,2.4418323040008545,False,sampled_upper_bound,232
24,nya-a-cat,6,30,1.6013412475585938,False,sampled_upper_bound,350
24,nya-a-cat,6,60,1.1050117015838623,False,sampled_upper_bound,487
24,nya-a-cat,6,120,1.0880374908447266,False,sampled_upper_bound,777
24,nya-a-cat,6,180,1.083847165107727,False,sampled_upper_bound,1044
24,nya-a-cat,6,240,0.8171521508588402,True,exact_final,1305
24,nya-a-cat,7,15,3.712618827819824,False,sampled_upper_bound,207
24,nya-a-cat,7,30,0.9680840969085693,False,sampled_upper_bound,440
24,nya-a-cat,7,60,0.4710162281990051,False,sampled_upper_bound,922
24,nya-a-cat,7,120,0.41901659965515137,False,sampled_upper_bound,2059
24,nya-a-cat,7,180,0.41623371839523315,False,sampled_upper_bound,3234
24,nya-a-cat,7,240,0.4141315799172278,True,exact_final,4064
24,nya-a-cat,8,15,2.9906466007232666,False,sampled_upper_bound,181
24,nya-a-cat,8,30,0.5122833847999573,False,sampled_upper_bound,294
24,nya-a-cat,8,60,0.4394524395465851,False,sampled_upper_bound,864
24,nya-a-cat,8,120,0.4303742051124573,False,sampled_upper_bound,2120
24,nya-a-cat,8,180,0.42718568444252014,False,sampled_upper_bound,3343
24,nya-a-cat,8,240,0.42466079192628337,True,exact_final,4199
24,nya-a-cat,9,15,0.9584130048751831,False,sampled_upper_bound,230
24,nya-a-cat,9,30,0.7499387860298157,False,sampled_upper_bound,445
24,nya-a-cat,9,60,0.41663283109664917,False,sampled_upper_bound,1022
24,nya-a-cat,9,120,0.4128234088420868,False,sampled_upper_bound,2218
24,nya-a-cat,9,180,0.41152140498161316,False,sampled_upper_bound,3405
24,nya-a-cat,9,240,0.4056391429310988,True,exact_final,4250
24,nya-a-cat,10,15,3.4250690937042236,False,sampled_upper_bound,244
24,nya-a-cat,10,30,2.276925563812256,False,sampled_upper_bound,386
24,nya-a-cat,10,60,1.9309489727020264,False,sampled_upper_bound,565
24,nya-a-cat,10,120,1.8521026372909546,False,sampled_upper_bound,887
24,nya-a-cat,10,180,1.8096692562103271,False,sampled_upper_bound,1214
24,nya-a-cat,10,240,1.7346571928650065,True,exact_final,1378
25,lodev,1,15,0.5295252799987793,False,sampled_upper_bound,137
25,lodev,1,30,0.5286791324615479,False,sampled_upper_bound,241
25,lodev,1,60,0.5286791324615479,False,sampled_upper_bound,409
25,lodev,1,120,0.38628190755844116,False,sampled_upper_bound,850
25,lodev,1,180,0.38470208644866943,False,sampled_upper_bound,1269
25,lodev,1,240,0.38095129841910186,True,exact_final,1559
25,lodev,2,15,1.8857649564743042,False,sampled_upper_bound,108
25,lodev,2,30,0.8522790670394897,False,sampled_upper_bound,212
25,lodev,2,60,0.4264466464519501,False,sampled_upper_bound,476
25,lodev,2,120,0.4122519791126251,False,sampled_upper_bound,874
25,lodev,2,180,0.3517846465110779,False,sampled_upper_bound,1284
25,lodev,2,240,0.3084304113968742,True,exact_final,1681
25,lodev,3,15,0.5165828466415405,False,sampled_upper_bound,132
25,lodev,3,30,0.5048555731773376,False,sampled_upper_bound,266
25,lodev,3,60,0.4869671165943146,False,sampled_upper_bound,478
25,lodev,3,120,0.4869671165943146,False,sampled_upper_bound,671
25,lodev,3,180,0.4681898355484009,False,sampled_upper_bound,1147
25,lodev,3,240,0.4612802828774899,True,exact_final,1619
25,lodev,4,15,3.8994698524475098,False,sampled_upper_bound,85
25,lodev,4,30,3.892043352127075,False,sampled_upper_bound,94
25,lodev,4,60,3.892043352127075,False,sampled_upper_bound,94
25,lodev,4,120,2.8558034896850586,False,sampled_upper_bound,266
25,lodev,4,180,2.5301773432288175,True,exact_final_best_already_reached,511
25,lodev,4,240,2.5301773432288175,True,exact_final,656
25,lodev,5,15,0.97609543800354,False,sampled_upper_bound,122
25,lodev,5,30,0.6518644094467163,False,sampled_upper_bound,246
25,lodev,5,60,0.5271207690238953,False,sampled_upper_bound,466
25,lodev,5,120,0.4413326680660248,False,sampled_upper_bound,865
25,lodev,5,180,0.42395466566085815,False,sampled_upper_bound,1244
25,lodev,5,240,0.4169320668090676,True,exact_final,1593
25,lodev,6,15,0.5103402733802795,False,sampled_upper_bound,69
25,lodev,6,30,0.4780798554420471,False,sampled_upper_bound,209
25,lodev,6,60,0.45831939578056335,False,sampled_upper_bound,495
25,lodev,6,120,0.45831939578056335,False,sampled_upper_bound,657
25,lodev,6,180,0.44861504435539246,False,sampled_upper_bound,869
25,lodev,6,240,0.43426833459059866,True,exact_final,1366
25,lodev,7,15,2.498727560043335,False,sampled_upper_bound,53
25,lodev,7,30,2.3549768924713135,False,sampled_upper_bound,59
25,lodev,7,60,1.9665806293487549,False,sampled_upper_bound,84
25,lodev,7,120,1.2744231224060059,False,sampled_upper_bound,252
25,lodev,7,180,0.283991277217865,False,sampled_upper_bound,642
25,lodev,7,240,0.16800138824996871,True,exact_final,1035
25,lodev,8,15,0.5506194233894348,False,sampled_upper_bound,104
25,lodev,8,30,0.4149026572704315,False,sampled_upper_bound,209
25,lodev,8,60,0.4149026572704315,False,sampled_upper_bound,377
25,lodev,8,120,0.4116094708442688,False,sampled_upper_bound,644
25,lodev,8,180,0.41129210591316223,False,sampled_upper_bound,1006
25,lodev,8,240,0.4109280132400466,True,exact_final,1286
25,lodev,9,15,0.9295433163642883,False,sampled_upper_bound,133
25,lodev,9,30,0.9229800701141357,False,sampled_upper_bound,276
25,lodev,9,60,0.8958666920661926,False,sampled_upper_bound,374
25,lodev,9,120,0.8958666920661926,False,sampled_upper_bound,674
25,lodev,9,180,0.7082070708274841,False,sampled_upper_bound,1097
25,lodev,9,240,0.6523687855871236,True,exact_final,1612
25,lodev,10,15,0.43793627619743347,False,sampled_upper_bound,133
25,lodev,10,30,0.4250272810459137,False,sampled_upper_bound,268
25,lodev,10,60,0.42381927371025085,False,sampled_upper_bound,425
25,lodev,10,120,0.4215076267719269,False,sampled_upper_bound,839
25,lodev,10,180,0.42106427654647555,True,exact_final_best_already_reached,1279
25,lodev,10,240,0.42106427654647555,True,exact_final,1566
26,mnn31,1,15,2.6096200942993164,False,sampled_upper_bound,79
26,mnn31,1,30,1.6919809579849243,False,sampled_upper_bound,186
26,mnn31,1,60,1.6919809579849243,False,sampled_upper_bound,186
26,mnn31,1,120,1.6919809579849243,False,sampled_upper_bound,186
26,mnn31,1,180,1.6919809579849243,False,sampled_upper_bound,186
26,mnn31,1,240,1.5430321967827982,True,exact_final,221
26,mnn31,2,15,1.5837960243225098,False,sampled_upper_bound,50
26,mnn31,2,30,1.4576534032821655,False,sampled_upper_bound,83
26,mnn31,2,60,1.4576534032821655,False,sampled_upper_bound,159
26,mnn31,2,120,1.4504899978637695,False,sampled_upper_bound,446
26,mnn31,2,180,1.3142461776733398,False,sampled_upper_bound,504
26,mnn31,2,240,1.3075897252263888,True,exact_final,602
26,mnn31,3,15,4.445959091186523,False,sampled_upper_bound,104
26,mnn31,3,30,1.4067610502243042,False,sampled_upper_bound,224
26,mnn31,3,60,0.34145987033843994,False,sampled_upper_bound,473
26,mnn31,3,120,0.28758442401885986,False,sampled_upper_bound,1003
26,mnn31,3,180,0.2744746804237366,False,sampled_upper_bound,1529
26,mnn31,3,240,0.25314294672565735,True,exact_final,2061
26,mnn31,4,15,2.247159481048584,False,sampled_upper_bound,119
26,mnn31,4,30,2.214656114578247,False,sampled_upper_bound,237
26,mnn31,4,60,2.045802593231201,False,sampled_upper_bound,474
26,mnn31,4,120,1.0459626913070679,False,sampled_upper_bound,802
26,mnn31,4,180,0.9041226375660395,True,exact_final_best_already_reached,1142
26,mnn31,4,240,0.9041226375660395,True,exact_final,1434
26,mnn31,5,15,1.8958626985549927,False,sampled_upper_bound,33
26,mnn31,5,30,1.6247498989105225,False,sampled_upper_bound,39
26,mnn31,5,60,0.7672180533409119,False,sampled_upper_bound,123
26,mnn31,5,120,0.49548736214637756,False,sampled_upper_bound,613
26,mnn31,5,180,0.47595638457065875,True,exact_final_best_already_reached,1111
26,mnn31,5,240,0.47595638457065875,True,exact_final,1309
26,mnn31,6,15,2.9806089401245117,False,sampled_upper_bound,41
26,mnn31,6,30,2.6476705074310303,False,sampled_upper_bound,73
26,mnn31,6,60,0.610021710395813,False,sampled_upper_bound,304
26,mnn31,6,120,0.3749958468520561,True,exact_final_best_already_reached,840
26,mnn31,6,180,0.3749958468520561,True,exact_final_best_already_reached,1383
26,mnn31,6,240,0.3749958468520561,True,exact_final,1939
26,mnn31,7,15,3.3333942890167236,False,sampled_upper_bound,48
26,mnn31,7,30,1.1508146524429321,False,sampled_upper_bound,78
26,mnn31,7,60,0.8103429675102234,False,sampled_upper_bound,252
26,mnn31,7,120,0.6893041729927063,False,sampled_upper_bound,747
26,mnn31,7,180,0.6787965766035091,True,exact_final_best_already_reached,1234
26,mnn31,7,240,0.6787965766035091,True,exact_final,1724
26,mnn31,8,15,1.012858510017395,False,sampled_upper_bound,106
26,mnn31,8,30,0.4686095118522644,False,sampled_upper_bound,242
26,mnn31,8,60,0.4197903573513031,False,sampled_upper_bound,494
26,mnn31,8,120,0.4160490334033966,False,sampled_upper_bound,1004
26,mnn31,8,180,0.4127078056335449,False,sampled_upper_bound,1517
26,mnn31,8,240,0.4127010855049306,True,exact_final,2021
26,mnn31,9,15,4.203946113586426,False,sampled_upper_bound,90
26,mnn31,9,30,1.7964892387390137,False,sampled_upper_bound,181
26,mnn31,9,60,1.3094218969345093,False,sampled_upper_bound,402
26,mnn31,9,120,0.3288430869579315,False,sampled_upper_bound,872
26,mnn31,9,180,0.24908661842346191,False,sampled_upper_bound,1431
26,mnn31,9,240,0.1724273373048461,True,exact_final,1999
26,mnn31,10,15,2.8170344829559326,False,sampled_upper_bound,87
26,mnn31,10,30,2.582578659057617,False,sampled_upper_bound,198
26,mnn31,10,60,2.0096144676208496,False,sampled_upper_bound,412
26,mnn31,10,120,0.5358909964561462,False,sampled_upper_bound,829
26,mnn31,10,180,0.4274124503135681,False,sampled_upper_bound,1354
26,mnn31,10,240,0.42321959685501964,True,exact_final,1905
27,syurenuko,1,15,5.698593616485596,False,sampled_upper_bound,4
27,syurenuko,1,30,4.243963241577148,False,sampled_upper_bound,90
27,syurenuko,1,60,4.11663818359375,False,sampled_upper_bound,298
27,syurenuko,1,120,4.005311012268066,False,sampled_upper_bound,680
27,syurenuko,1,180,3.9967339038848877,False,sampled_upper_bound,1136
27,syurenuko,1,240,3.9788121262639677,True,exact_final,1843
27,syurenuko,2,15,5.158339977264404,False,sampled_upper_bound,28
27,syurenuko,2,30,1.1051970720291138,False,sampled_upper_bound,105
27,syurenuko,2,60,0.33726412057876587,False,sampled_upper_bound,713
27,syurenuko,2,120,0.275240033864975,False,sampled_upper_bound,1948
27,syurenuko,2,180,0.2592698335647583,False,sampled_upper_bound,3158
27,syurenuko,2,240,0.18970009156178147,True,exact_final,4374
27,syurenuko,3,15,5.469831466674805,False,sampled_upper_bound,143
27,syurenuko,3,30,0.7594319581985474,False,sampled_upper_bound,288
27,syurenuko,3,60,0.1548602432012558,False,sampled_upper_bound,915
27,syurenuko,3,120,0.14722177386283875,False,sampled_upper_bound,2168
27,syurenuko,3,180,0.1356600970029831,False,sampled_upper_bound,3418
27,syurenuko,3,240,0.12151027082764991,True,exact_final,4601
27,syurenuko,4,15,5.369668483734131,False,sampled_upper_bound,21
27,syurenuko,4,30,3.3271255493164062,False,sampled_upper_bound,84
27,syurenuko,4,60,0.4533841013908386,False,sampled_upper_bound,625
27,syurenuko,4,120,0.430713027715683,False,sampled_upper_bound,1870
27,syurenuko,4,180,0.4248090982437134,False,sampled_upper_bound,3139
27,syurenuko,4,240,0.4119998463176725,True,exact_final,4379
27,syurenuko,5,15,5.028573513031006,False,sampled_upper_bound,35
27,syurenuko,5,30,2.564225912094116,False,sampled_upper_bound,109
27,syurenuko,5,60,0.4751579463481903,False,sampled_upper_bound,713
27,syurenuko,5,120,0.46079984307289124,False,sampled_upper_bound,1939
27,syurenuko,5,180,0.4282883405685425,False,sampled_upper_bound,3134
27,syurenuko,5,240,0.4208811949034886,True,exact_final,4238
27,syurenuko,6,15,5.556720733642578,False,sampled_upper_bound,20
27,syurenuko,6,30,1.9347918033599854,False,sampled_upper_bound,99
27,syurenuko,6,60,0.7141892313957214,False,sampled_upper_bound,591
27,syurenuko,6,120,0.6274839043617249,False,sampled_upper_bound,1856
27,syurenuko,6,180,0.6274839043617249,False,sampled_upper_bound,3087
27,syurenuko,6,240,0.5349710324595798,True,exact_final,4383
27,syurenuko,7,15,5.297654151916504,False,sampled_upper_bound,39
27,syurenuko,7,30,3.330671787261963,False,sampled_upper_bound,135
27,syurenuko,7,60,0.5039105415344238,False,sampled_upper_bound,647
27,syurenuko,7,120,0.4168124198913574,False,sampled_upper_bound,1792
27,syurenuko,7,180,0.41078007221221924,False,sampled_upper_bound,2949
27,syurenuko,7,240,0.3710491518368528,True,exact_final,4112
27,syurenuko,8,15,5.586162090301514,False,sampled_upper_bound,13
27,syurenuko,8,30,1.1585673093795776,False,sampled_upper_bound,89
27,syurenuko,8,60,0.4497842788696289,False,sampled_upper_bound,652
27,syurenuko,8,120,0.4497842788696289,False,sampled_upper_bound,1867
27,syurenuko,8,180,0.44948798418045044,False,sampled_upper_bound,3073
27,syurenuko,8,240,0.42436616011427514,True,exact_final,4258
27,syurenuko,9,15,5.251336097717285,False,sampled_upper_bound,133
27,syurenuko,9,30,2.5079710483551025,False,sampled_upper_bound,268
27,syurenuko,9,60,0.461039274930954,False,sampled_upper_bound,842
27,syurenuko,9,120,0.44126206636428833,False,sampled_upper_bound,2137
27,syurenuko,9,180,0.4332192540168762,False,sampled_upper_bound,3439
27,syurenuko,9,240,0.4176702220046788,True,exact_final,4710
27,syurenuko,10,15,5.041173934936523,False,sampled_upper_bound,24
27,syurenuko,10,30,1.270203709602356,False,sampled_upper_bound,115
27,syurenuko,10,60,0.4515686333179474,False,sampled_upper_bound,730
27,syurenuko,10,120,0.44356387853622437,False,sampled_upper_bound,1982
27,syurenuko,10,180,0.44257134199142456,False,sampled_upper_bound,3227
27,syurenuko,10,240,0.41013517103187397,True,exact_final,4444
28,carlometta,1,15,2.7813024520874023,False,sampled_upper_bound,70
28,carlometta,1,30,2.7813024520874023,False,sampled_upper_bound,70
28,carlometta,1,60,2.7813024520874023,False,sampled_upper_bound,70
28,carlometta,1,120,2.7813024520874023,False,sampled_upper_bound,70
28,carlometta,1,180,0.6769723892211914,False,sampled_upper_bound,373
28,carlometta,1,240,0.6753324613914237,True,exact_final,808
28,carlometta,2,15,1.6672401428222656,False,sampled_upper_bound,59
28,carlometta,2,30,1.1964294910430908,False,sampled_upper_bound,145
28,carlometta,2,60,1.13198721408844,False,sampled_upper_bound,309
28,carlometta,2,120,0.5135405659675598,False,sampled_upper_bound,780
28,carlometta,2,180,0.4648070851131733,True,exact_final_best_already_reached,1296
28,carlometta,2,240,0.4648070851131733,True,exact_final,1794
28,carlometta,3,15,4.445693492889404,False,sampled_upper_bound,100
28,carlometta,3,30,4.445667743682861,False,sampled_upper_bound,241
28,carlometta,3,60,4.443040370941162,False,sampled_upper_bound,521
28,carlometta,3,120,0.62712562084198,False,sampled_upper_bound,1072
28,carlometta,3,180,0.4737117110465267,True,exact_final_best_already_reached,1604
28,carlometta,3,240,0.4737117110465267,True,exact_final,2148
28,carlometta,4,15,1.3895180225372314,False,sampled_upper_bound,118
28,carlometta,4,30,1.3689601421356201,False,sampled_upper_bound,242
28,carlometta,4,60,1.3689601421356201,False,sampled_upper_bound,515
28,carlometta,4,120,1.2240583896636963,False,sampled_upper_bound,1065
28,carlometta,4,180,1.196439504623413,False,sampled_upper_bound,1616
28,carlometta,4,240,1.1560912977069213,True,exact_final,2144
28,carlometta,5,15,1.744634747505188,False,sampled_upper_bound,23
28,carlometta,5,30,1.56275475025177,False,sampled_upper_bound,28
28,carlometta,5,60,0.681793749332428,False,sampled_upper_bound,89
28,carlometta,5,120,0.49149224162101746,False,sampled_upper_bound,553
28,carlometta,5,180,0.46035068822359665,True,exact_final_best_already_reached,1054
28,carlometta,5,240,0.46035068822359665,True,exact_final,1539
28,carlometta,6,15,3.10632061958313,False,sampled_upper_bound,72
28,carlometta,6,30,2.8111259937286377,False,sampled_upper_bound,157
28,carlometta,6,60,0.864426851272583,False,sampled_upper_bound,379
28,carlometta,6,120,0.48633015155792236,False,sampled_upper_bound,881
28,carlometta,6,180,0.4504452807690318,True,exact_final_best_already_reached,1315
28,carlometta,6,240,0.4504452807690318,True,exact_final,1739
28,carlometta,7,15,2.431631088256836,False,sampled_upper_bound,93
28,carlometta,7,30,1.8791593313217163,False,sampled_upper_bound,213
28,carlometta,7,60,1.8463327884674072,False,sampled_upper_bound,457
28,carlometta,7,120,1.1732559204101562,False,sampled_upper_bound,949
28,carlometta,7,180,0.8950873889429712,True,exact_final_best_already_reached,1239
28,carlometta,7,240,0.8950873889429712,True,exact_final,1396
28,carlometta,8,15,1.4014137983322144,False,sampled_upper_bound,109
28,carlometta,8,30,0.8225328922271729,False,sampled_upper_bound,223
28,carlometta,8,60,0.566494882106781,False,sampled_upper_bound,481
28,carlometta,8,120,0.5081382393836975,False,sampled_upper_bound,1000
28,carlometta,8,180,0.4746036558108937,True,exact_final_best_already_reached,1516
28,carlometta,8,240,0.4746036558108937,True,exact_final,2033
28,carlometta,9,15,4.004096508026123,False,sampled_upper_bound,83
28,carlometta,9,30,2.192324161529541,False,sampled_upper_bound,156
28,carlometta,9,60,1.9500154256820679,False,sampled_upper_bound,341
28,carlometta,9,120,1.4888404607772827,False,sampled_upper_bound,757
28,carlometta,9,180,1.4886029958724976,False,sampled_upper_bound,1187
28,carlometta,9,240,1.410814592277052,True,exact_final,1608
28,carlometta,10,15,2.801974296569824,False,sampled_upper_bound,27
28,carlometta,10,30,2.801974296569824,False,sampled_upper_bound,44
28,carlometta,10,60,2.801974296569824,False,sampled_upper_bound,263
28,carlometta,10,120,1.806283712387085,False,sampled_upper_bound,669
28,carlometta,10,180,1.0681716203689575,False,sampled_upper_bound,1124
28,carlometta,10,240,1.0226424471860023,True,exact_final,1591
29,hangglider5,1,15,2.979729652404785,False,sampled_upper_bound,93
29,hangglider5,1,30,2.4711697101593018,False,sampled_upper_bound,208
29,hangglider5,1,60,1.852367639541626,False,sampled_upper_bound,360
29,hangglider5,1,120,1.60971200466156,False,sampled_upper_bound,712
29,hangglider5,1,180,0.6024249792098999,False,sampled_upper_bound,1194
29,hangglider5,1,240,0.43682892648800076,True,exact_final,1713
29,hangglider5,2,15,4.5430827140808105,False,sampled_upper_bound,66
29,hangglider5,2,30,4.434563636779785,False,sampled_upper_bound,134
29,hangglider5,2,60,3.109757423400879,False,sampled_upper_bound,358
29,hangglider5,2,120,2.0313501358032227,False,sampled_upper_bound,830
29,hangglider5,2,180,2.024235248565674,False,sampled_upper_bound,1302
29,hangglider5,2,240,0.9363305110074545,True,exact_final,1721
29,hangglider5,3,15,2.975477695465088,False,sampled_upper_bound,82
29,hangglider5,3,30,2.959306478500366,False,sampled_upper_bound,148
29,hangglider5,3,60,1.5232195854187012,False,sampled_upper_bound,367
29,hangglider5,3,120,0.48438769578933716,False,sampled_upper_bound,865
29,hangglider5,3,180,0.4508005678653717,False,sampled_upper_bound,1402
29,hangglider5,3,240,0.33793483528998863,True,exact_final,1944
29,hangglider5,4,15,3.573650598526001,False,sampled_upper_bound,79
29,hangglider5,4,30,3.3839969635009766,False,sampled_upper_bound,128
29,hangglider5,4,60,3.256770610809326,False,sampled_upper_bound,222
29,hangglider5,4,120,3.104515790939331,False,sampled_upper_bound,365
29,hangglider5,4,180,2.9605440776218903,True,exact_final_best_already_reached,484
29,hangglider5,4,240,2.9605440776218903,True,exact_final,595
29,hangglider5,5,15,2.597088575363159,False,sampled_upper_bound,46
29,hangglider5,5,30,1.5576224327087402,False,sampled_upper_bound,68
29,hangglider5,5,60,1.3498172760009766,False,sampled_upper_bound,79
29,hangglider5,5,120,1.1039819717407227,False,sampled_upper_bound,100
29,hangglider5,5,180,0.5076619386672974,False,sampled_upper_bound,416
29,hangglider5,5,240,0.449314240201048,True,exact_final,903
29,hangglider5,6,15,4.313226222991943,False,sampled_upper_bound,64
29,hangglider5,6,30,4.094226360321045,False,sampled_upper_bound,154
29,hangglider5,6,60,2.4390201568603516,False,sampled_upper_bound,224
29,hangglider5,6,120,1.8210337162017822,False,sampled_upper_bound,562
29,hangglider5,6,180,0.4926026463508606,False,sampled_upper_bound,1094
29,hangglider5,6,240,0.4518866561931965,True,exact_final,1642
29,hangglider5,7,15,3.1639564037323,False,sampled_upper_bound,80
29,hangglider5,7,30,2.662689685821533,False,sampled_upper_bound,173
29,hangglider5,7,60,2.241034746170044,False,sampled_upper_bound,362
29,hangglider5,7,120,0.7537032961845398,False,sampled_upper_bound,821
29,hangglider5,7,180,0.7476957440376282,False,sampled_upper_bound,1282
29,hangglider5,7,240,0.712416674201332,True,exact_final,1743
29,hangglider5,8,15,4.463634967803955,False,sampled_upper_bound,49
29,hangglider5,8,30,4.360773086547852,False,sampled_upper_bound,103
29,hangglider5,8,60,2.5488121509552,False,sampled_upper_bound,238
29,hangglider5,8,120,0.7572008371353149,False,sampled_upper_bound,670
29,hangglider5,8,180,0.6109248399734497,False,sampled_upper_bound,1177
29,hangglider5,8,240,0.44010284671548117,True,exact_final,1693
29,hangglider5,9,15,3.994231939315796,False,sampled_upper_bound,72
29,hangglider5,9,30,3.5127651691436768,False,sampled_upper_bound,129
29,hangglider5,9,60,2.7655656337738037,False,sampled_upper_bound,255
29,hangglider5,9,120,1.2495546340942383,False,sampled_upper_bound,750
29,hangglider5,9,180,0.9899500012397766,False,sampled_upper_bound,1251
29,hangglider5,9,240,0.6630371877328495,True,exact_final,1752
29,hangglider5,10,15,2.188361406326294,False,sampled_upper_bound,68
29,hangglider5,10,30,1.669395089149475,False,sampled_upper_bound,74
29,hangglider5,10,60,0.8358144164085388,False,sampled_upper_bound,110
29,hangglider5,10,120,0.5393073788095392,True,exact_final_best_already_reached,341
29,hangglider5,10,180,0.5393073788095392,True,exact_final_best_already_reached,733
29,hangglider5,10,240,0.5393073788095392,True,exact_final,1127
30,luziyi,1,15,4.414466857910156,False,sampled_upper_bound,96
30,luziyi,1,30,3.3942925930023193,False,sampled_upper_bound,170
30,luziyi,1,60,2.5948309898376465,False,sampled_upper_bound,204
30,luziyi,1,120,0.6665778756141663,False,sampled_upper_bound,584
30,luziyi,1,180,0.3950595557689667,False,sampled_upper_bound,1063
30,luziyi,1,240,0.3837134727452903,True,exact_final,1568
30,luziyi,2,15,3.513216733932495,False,sampled_upper_bound,94
30,luziyi,2,30,3.477268695831299,False,sampled_upper_bound,166
30,luziyi,2,60,3.3590502738952637,False,sampled_upper_bound,294
30,luziyi,2,120,3.3590502738952637,False,sampled_upper_bound,446
30,luziyi,2,180,1.3652336597442627,False,sampled_upper_bound,799
30,luziyi,2,240,1.3471106596564526,True,exact_final,1275
30,luziyi,3,15,4.302882671356201,False,sampled_upper_bound,80
30,luziyi,3,30,3.490143060684204,False,sampled_upper_bound,179
30,luziyi,3,60,2.2275710105895996,False,sampled_upper_bound,367
30,luziyi,3,120,0.8518466949462891,False,sampled_upper_bound,841
30,luziyi,3,180,0.7797499299049377,False,sampled_upper_bound,1337
30,luziyi,3,240,0.5648688184455185,True,exact_final,1845
30,luziyi,4,15,1.1815526485443115,False,sampled_upper_bound,127
30,luziyi,4,30,0.9752303957939148,False,sampled_upper_bound,249
30,luziyi,4,60,0.516498327255249,False,sampled_upper_bound,492
30,luziyi,4,120,0.4881752090452646,True,exact_final_best_already_reached,898
30,luziyi,4,180,0.4881752090452646,True,exact_final_best_already_reached,1310
30,luziyi,4,240,0.4881752090452646,True,exact_final,1733
30,luziyi,5,15,3.411194086074829,False,sampled_upper_bound,46
30,luziyi,5,30,2.784642219543457,False,sampled_upper_bound,55
30,luziyi,5,60,2.008437395095825,False,sampled_upper_bound,72
30,luziyi,5,120,1.712120771408081,False,sampled_upper_bound,385
30,luziyi,5,180,1.712120771408081,False,sampled_upper_bound,695
30,luziyi,5,240,0.8203618085909038,True,exact_final,1040
30,luziyi,6,15,3.043644666671753,False,sampled_upper_bound,89
30,luziyi,6,30,2.4260475635528564,False,sampled_upper_bound,165
30,luziyi,6,60,2.201690673828125,False,sampled_upper_bound,366
30,luziyi,6,120,1.982475996017456,False,sampled_upper_bound,416
30,luziyi,6,180,0.6056935787200928,False,sampled_upper_bound,670
30,luziyi,6,240,0.5259351049563078,True,exact_final,1145
30,luziyi,7,15,2.3534018993377686,False,sampled_upper_bound,58
30,luziyi,7,30,0.9314830303192139,False,sampled_upper_bound,171
30,luziyi,7,60,0.4303421378135681,False,sampled_upper_bound,438
30,luziyi,7,120,0.36640307307243347,False,sampled_upper_bound,935
30,luziyi,7,180,0.3650634288787842,False,sampled_upper_bound,1430
30,luziyi,7,240,0.36172709362142086,True,exact_final,1923
30,luziyi,8,15,3.7536780834198,False,sampled_upper_bound,47
30,luziyi,8,30,2.935523748397827,False,sampled_upper_bound,82
30,luziyi,8,60,2.2056186199188232,False,sampled_upper_bound,154
30,luziyi,8,120,1.9204397201538086,False,sampled_upper_bound,444
30,luziyi,8,180,1.8814897537231445,False,sampled_upper_bound,805
30,luziyi,8,240,1.7770521220470137,True,exact_final,1214
30,luziyi,9,15,0.7929589602676128,True,exact_final_best_already_reached,83
30,luziyi,9,30,0.7929589602676128,True,exact_final_best_already_reached,84
30,luziyi,9,60,0.7929589602676128,True,exact_final_best_already_reached,84
30,luziyi,9,120,0.7929589602676128,True,exact_final_best_already_reached,84
30,luziyi,9,180,0.7929589602676128,True,exact_final_best_already_reached,84
30,luziyi,9,240,0.7929589602676128,True,exact_final,84
30,luziyi,10,15,3.3434152603149414,False,sampled_upper_bound,56
30,luziyi,10,30,2.8107619285583496,False,sampled_upper_bound,169
30,luziyi,10,60,2.8107619285583496,False,sampled_upper_bound,390
30,luziyi,10,120,1.7851933240890503,False,sampled_upper_bound,749
30,luziyi,10,180,1.7829389972439866,True,exact_final_best_already_reached,1098
30,luziyi,10,240,1.7829389972439866,True,exact_final,1449
31,s_boehler,1,15,1.3342431783676147,False,sampled_upper_bound,127
31,s_boehler,1,30,0.8007158041000366,False,sampled_upper_bound,267
31,s_boehler,1,60,0.5916596055030823,False,sampled_upper_bound,539
31,s_boehler,1,120,0.579116940498352,False,sampled_upper_bound,1065
31,s_boehler,1,180,0.5661247293234736,True,exact_final_best_already_reached,1591
31,s_boehler,1,240,0.5661247293234736,True,exact_final,2122
31,s_boehler,2,15,4.4817328453063965,False,sampled_upper_bound,112
31,s_boehler,2,30,3.8159704208374023,False,sampled_upper_bound,233
31,s_boehler,2,60,3.7698755264282227,False,sampled_upper_bound,437
31,s_boehler,2,120,3.768022298812866,False,sampled_upper_bound,844
31,s_boehler,2,180,3.7670273780822754,False,sampled_upper_bound,1251
31,s_boehler,2,240,3.757507436205003,True,exact_final,1673
31,s_boehler,3,15,2.0470824241638184,False,sampled_upper_bound,93
31,s_boehler,3,30,1.0796329975128174,False,sampled_upper_bound,225
31,s_boehler,3,60,0.8862500786781311,False,sampled_upper_bound,500
31,s_boehler,3,120,0.7913382690766924,True,exact_final_best_already_reached,1044
31,s_boehler,3,180,0.7913382690766924,True,exact_final_best_already_reached,1594
31,s_boehler,3,240,0.7913382690766924,True,exact_final,2145
31,s_boehler,4,15,2.869335651397705,False,sampled_upper_bound,22
31,s_boehler,4,30,2.869335651397705,False,sampled_upper_bound,22
31,s_boehler,4,60,0.5237689313945006,True,exact_final_best_already_reached,96
31,s_boehler,4,120,0.5237689313945006,True,exact_final_best_already_reached,613
31,s_boehler,4,180,0.5237689313945006,True,exact_final_best_already_reached,1126
31,s_boehler,4,240,0.5237689313945006,True,exact_final,1622
31,s_boehler,5,15,1.2755171060562134,False,sampled_upper_bound,53
31,s_boehler,5,30,1.1573216915130615,False,sampled_upper_bound,162
31,s_boehler,5,60,0.452522873878479,False,sampled_upper_bound,382
31,s_boehler,5,120,0.4449331760406494,False,sampled_upper_bound,849
31,s_boehler,5,180,0.4434090554714203,False,sampled_upper_bound,1310
31,s_boehler,5,240,0.4323418046996501,True,exact_final,1765
31,s_boehler,6,15,1.9001460075378418,False,sampled_upper_bound,128
31,s_boehler,6,30,0.6621999740600586,False,sampled_upper_bound,267
31,s_boehler,6,60,0.45444342494010925,False,sampled_upper_bound,529
31,s_boehler,6,120,0.45444342494010925,False,sampled_upper_bound,1062
31,s_boehler,6,180,0.45444342494010925,False,sampled_upper_bound,1586
31,s_boehler,6,240,0.4463424417342667,True,exact_final,2117
31,s_boehler,7,15,1.310969352722168,False,sampled_upper_bound,107
31,s_boehler,7,30,0.9931423664093018,False,sampled_upper_bound,243
31,s_boehler,7,60,0.9931423664093018,False,sampled_upper_bound,516
31,s_boehler,7,120,0.921810198501089,True,exact_final_best_already_reached,1066
31,s_boehler,7,180,0.921810198501089,True,exact_final_best_already_reached,1611
31,s_boehler,7,240,0.921810198501089,True,exact_final,2160
31,s_boehler,8,15,3.7626898288726807,False,sampled_upper_bound,12
31,s_boehler,8,30,3.7626898288726807,False,sampled_upper_bound,12
31,s_boehler,8,60,0.5333042144775391,False,sampled_upper_bound,230
31,s_boehler,8,120,0.5214931964874268,False,sampled_upper_bound,752
31,s_boehler,8,180,0.5214931964874268,False,sampled_upper_bound,1268
31,s_boehler,8,240,0.4479211811235514,True,exact_final,1743
31,s_boehler,9,15,0.7376574873924255,False,sampled_upper_bound,117
31,s_boehler,9,30,0.6196276545524597,False,sampled_upper_bound,253
31,s_boehler,9,60,0.5557576417922974,False,sampled_upper_bound,530
31,s_boehler,9,120,0.5486278533935547,False,sampled_upper_bound,1098
31,s_boehler,9,180,0.52106317193189,True,exact_final_best_already_reached,1665
31,s_boehler,9,240,0.52106317193189,True,exact_final,2221
31,s_boehler,10,15,3.4966447353363037,False,sampled_upper_bound,62
31,s_boehler,10,30,3.252364158630371,False,sampled_upper_bound,122
31,s_boehler,10,60,3.252364158630371,False,sampled_upper_bound,239
31,s_boehler,10,120,2.363114595413208,False,sampled_upper_bound,538
31,s_boehler,10,180,0.7192531228065491,False,sampled_upper_bound,847
31,s_boehler,10,240,0.4501555712367788,True,exact_final,1381
32,martianlantern,1,15,1.1985580921173096,False,sampled_upper_bound,68
32,martianlantern,1,30,0.7931866645812988,False,sampled_upper_bound,188
32,martianlantern,1,60,0.5062692761421204,False,sampled_upper_bound,457
32,martianlantern,1,120,0.33306908763500553,True,exact_final_best_already_reached,992
32,martianlantern,1,180,0.33306908763500553,True,exact_final_best_already_reached,1526
32,martianlantern,1,240,0.33306908763500553,True,exact_final,2054
32,martianlantern,2,15,2.920984983444214,False,sampled_upper_bound,70
32,martianlantern,2,30,1.5690022187339474,True,exact_final_best_already_reached,114
32,martianlantern,2,60,1.5690022187339474,True,exact_final_best_already_reached,114
32,martianlantern,2,120,1.5690022187339474,True,exact_final_best_already_reached,114
32,martianlantern,2,180,1.5690022187339474,True,exact_final_best_already_reached,114
32,martianlantern,2,240,1.5690022187339474,True,exact_final,114
32,martianlantern,3,15,2.038558006286621,False,sampled_upper_bound,62
32,martianlantern,3,30,1.7466002702713013,False,sampled_upper_bound,131
32,martianlantern,3,60,1.5511200428009033,False,sampled_upper_bound,301
32,martianlantern,3,120,0.7017587423324585,False,sampled_upper_bound,658
32,martianlantern,3,180,0.7003815174102783,False,sampled_upper_bound,1097
32,martianlantern,3,240,0.6987700468054041,True,exact_final,1549
32,martianlantern,4,15,1.6059391498565674,False,sampled_upper_bound,112
32,martianlantern,4,30,0.9027019143104553,False,sampled_upper_bound,226
32,martianlantern,4,60,0.45368486642837524,False,sampled_upper_bound,484
32,martianlantern,4,120,0.4395022988319397,False,sampled_upper_bound,986
32,martianlantern,4,180,0.4336272180080414,False,sampled_upper_bound,1476
32,martianlantern,4,240,0.43164175758649137,True,exact_final,1962
32,martianlantern,5,15,1.4539631605148315,False,sampled_upper_bound,23
32,martianlantern,5,30,1.0394397974014282,False,sampled_upper_bound,32
32,martianlantern,5,60,0.7878132462501526,False,sampled_upper_bound,67
32,martianlantern,5,120,0.4830174534083956,True,exact_final_best_already_reached,515
32,martianlantern,5,180,0.4830174534083956,True,exact_final_best_already_reached,1026
32,martianlantern,5,240,0.4830174534083956,True,exact_final,1534
32,martianlantern,6,15,1.808638095855713,False,sampled_upper_bound,61
32,martianlantern,6,30,1.8062994480133057,False,sampled_upper_bound,168
32,martianlantern,6,60,1.7840006351470947,False,sampled_upper_bound,399
32,martianlantern,6,120,1.7834488153457642,False,sampled_upper_bound,834
32,martianlantern,6,180,0.47963327169418335,False,sampled_upper_bound,1316
32,martianlantern,6,240,0.4404245320932445,True,exact_final,1834
32,martianlantern,7,15,1.9429782629013062,False,sampled_upper_bound,58
32,martianlantern,7,30,1.837151050567627,False,sampled_upper_bound,150
32,martianlantern,7,60,1.7234930992126465,False,sampled_upper_bound,344
32,martianlantern,7,120,0.6335788313919777,True,exact_final_best_already_reached,827
32,martianlantern,7,180,0.6335788313919777,True,exact_final_best_already_reached,1360
32,martianlantern,7,240,0.6335788313919777,True,exact_final,1888
32,martianlantern,8,15,1.5057852268218994,False,sampled_upper_bound,123
32,martianlantern,8,30,0.8475707173347473,False,sampled_upper_bound,260
32,martianlantern,8,60,0.5171250700950623,False,sampled_upper_bound,527
32,martianlantern,8,120,0.5171250700950623,False,sampled_upper_bound,1058
32,martianlantern,8,180,0.5125965476036072,False,sampled_upper_bound,1594
32,martianlantern,8,240,0.4973880414986466,True,exact_final,2125
32,martianlantern,9,15,4.009302616119385,False,sampled_upper_bound,94
32,martianlantern,9,30,3.9479100704193115,False,sampled_upper_bound,199
32,martianlantern,9,60,3.939000368118286,False,sampled_upper_bound,430
32,martianlantern,9,120,3.9183552265167236,False,sampled_upper_bound,843
32,martianlantern,9,180,3.913440190345051,True,exact_final_best_already_reached,1277
32,martianlantern,9,240,3.913440190345051,True,exact_final,1683
32,martianlantern,10,15,2.8801426887512207,False,sampled_upper_bound,91
32,martianlantern,10,30,2.765056848526001,False,sampled_upper_bound,185
32,martianlantern,10,60,2.7479960918426514,False,sampled_upper_bound,355
32,martianlantern,10,120,0.46256452798843384,False,sampled_upper_bound,839
32,martianlantern,10,180,0.4448879063129425,False,sampled_upper_bound,1390
32,martianlantern,10,240,0.42480185225549155,True,exact_final,1869
33,nityawav,1,15,3.7150630567549467,True,exact_final_best_already_reached,39
33,nityawav,1,30,3.7150630567549467,True,exact_final_best_already_reached,39
33,nityawav,1,60,3.7150630567549467,True,exact_final_best_already_reached,39
33,nityawav,1,120,3.7150630567549467,True,exact_final_best_already_reached,39
33,nityawav,1,180,3.7150630567549467,True,exact_final_best_already_reached,39
33,nityawav,1,240,3.7150630567549467,True,exact_final,39
33,nityawav,2,15,3.948113203048706,False,sampled_upper_bound,39
33,nityawav,2,30,0.8528468012809753,False,sampled_upper_bound,48
33,nityawav,2,60,0.5592818856239319,False,sampled_upper_bound,111
33,nityawav,2,120,0.5537350177764893,False,sampled_upper_bound,438
33,nityawav,2,180,0.5493516247278665,True,exact_final_best_already_reached,760
33,nityawav,2,240,0.5493516247278665,True,exact_final,1106
33,nityawav,3,15,2.332571268081665,False,sampled_upper_bound,93
33,nityawav,3,30,1.3249483108520508,False,sampled_upper_bound,194
33,nityawav,3,60,1.2083046436309814,False,sampled_upper_bound,433
33,nityawav,3,120,1.033296823501587,False,sampled_upper_bound,961
33,nityawav,3,180,0.8319131135940552,False,sampled_upper_bound,1508
33,nityawav,3,240,0.8013882061836247,True,exact_final,2049
33,nityawav,4,15,1.8510355949401855,False,sampled_upper_bound,94
33,nityawav,4,30,1.3226933479309082,False,sampled_upper_bound,210
33,nityawav,4,60,0.3386686444282532,False,sampled_upper_bound,489
33,nityawav,4,120,0.3163009862226942,True,exact_final_best_already_reached,1053
33,nityawav,4,180,0.3163009862226942,True,exact_final_best_already_reached,1615
33,nityawav,4,240,0.3163009862226942,True,exact_final,2170
33,nityawav,5,15,1.7887458801269531,False,sampled_upper_bound,26
33,nityawav,5,30,1.686863660812378,False,sampled_upper_bound,31
33,nityawav,5,60,0.6388545036315918,False,sampled_upper_bound,147
33,nityawav,5,120,0.48127391934394836,False,sampled_upper_bound,620
33,nityawav,5,180,0.4795758128166199,False,sampled_upper_bound,1105
33,nityawav,5,240,0.47371195772759506,True,exact_final,1610
33,nityawav,6,15,3.188192367553711,False,sampled_upper_bound,50
33,nityawav,6,30,2.9128153324127197,False,sampled_upper_bound,124
33,nityawav,6,60,2.813385486602783,False,sampled_upper_bound,309
33,nityawav,6,120,2.813385486602783,False,sampled_upper_bound,697
33,nityawav,6,180,2.3276658058166504,False,sampled_upper_bound,1189
33,nityawav,6,240,2.223046472957061,True,exact_final,1711
33,nityawav,7,15,3.8074307441711426,False,sampled_upper_bound,69
33,nityawav,7,30,3.5957348346710205,False,sampled_upper_bound,82
33,nityawav,7,60,0.42203813791275024,False,sampled_upper_bound,236
33,nityawav,7,120,0.41858169436454773,False,sampled_upper_bound,695
33,nityawav,7,180,0.41684354443936045,True,exact_final_best_already_reached,1176
33,nityawav,7,240,0.41684354443936045,True,exact_final,1662
33,nityawav,8,15,3.6534547805786133,False,sampled_upper_bound,107
33,nityawav,8,30,3.5744528770446777,False,sampled_upper_bound,216
33,nityawav,8,60,1.6217373609542847,False,sampled_upper_bound,441
33,nityawav,8,120,0.41165075040997073,True,exact_final_best_already_reached,924
33,nityawav,8,180,0.41165075040997073,True,exact_final_best_already_reached,1418
33,nityawav,8,240,0.41165075040997073,True,exact_final,1912
33,nityawav,9,15,3.9928576946258545,False,sampled_upper_bound,44
33,nityawav,9,30,3.9928576946258545,False,sampled_upper_bound,44
33,nityawav,9,60,3.9928576946258545,False,sampled_upper_bound,44
33,nityawav,9,120,0.44790270924568176,False,sampled_upper_bound,133
33,nityawav,9,180,0.4398091435432434,False,sampled_upper_bound,652
33,nityawav,9,240,0.4365169315936099,True,exact_final,1171
33,nityawav,10,15,2.8241589069366455,False,sampled_upper_bound,86
33,nityawav,10,30,2.7839367389678955,False,sampled_upper_bound,178
33,nityawav,10,60,1.8054136037826538,False,sampled_upper_bound,382
33,nityawav,10,120,0.43914759159088135,False,sampled_upper_bound,899
33,nityawav,10,180,0.4234958291053772,False,sampled_upper_bound,1445
33,nityawav,10,240,0.4232078174266155,True,exact_final,1961
34,cameronspirals,1,15,1.4854375123977661,False,sampled_upper_bound,117
34,cameronspirals,1,30,1.156479835510254,False,sampled_upper_bound,246
34,cameronspirals,1,60,0.8698061108589172,False,sampled_upper_bound,508
34,cameronspirals,1,120,0.8266384601593018,False,sampled_upper_bound,1015
34,cameronspirals,1,180,0.807342329569103,True,exact_final_best_already_reached,1517
34,cameronspirals,1,240,0.807342329569103,True,exact_final,2029
34,cameronspirals,2,15,4.3830037117004395,False,sampled_upper_bound,100
34,cameronspirals,2,30,4.371005535125732,False,sampled_upper_bound,219
34,cameronspirals,2,60,4.3568806648254395,False,sampled_upper_bound,451
34,cameronspirals,2,120,4.353867530822754,False,sampled_upper_bound,949
34,cameronspirals,2,180,4.3460735584800565,True,exact_final_best_already_reached,1450
34,cameronspirals,2,240,4.3460735584800565,True,exact_final,1963
34,cameronspirals,3,15,4.493284225463867,False,sampled_upper_bound,74
34,cameronspirals,3,30,2.017583131790161,False,sampled_upper_bound,173
34,cameronspirals,3,60,1.0289218425750732,False,sampled_upper_bound,395
34,cameronspirals,3,120,0.7379406094551086,False,sampled_upper_bound,925
34,cameronspirals,3,180,0.5709852576255798,False,sampled_upper_bound,1459
34,cameronspirals,3,240,0.5341602993581175,True,exact_final,1983
34,cameronspirals,4,15,2.9082164764404297,False,sampled_upper_bound,87
34,cameronspirals,4,30,1.6561601161956787,False,sampled_upper_bound,209
34,cameronspirals,4,60,1.1249980926513672,False,sampled_upper_bound,482
34,cameronspirals,4,120,0.8156084097655582,True,exact_final_best_already_reached,1045
34,cameronspirals,4,180,0.8156084097655582,True,exact_final_best_already_reached,1599
34,cameronspirals,4,240,0.8156084097655582,True,exact_final,2170
34,cameronspirals,5,15,3.812025308609009,False,sampled_upper_bound,34
34,cameronspirals,5,30,3.4904046058654785,False,sampled_upper_bound,64
34,cameronspirals,5,60,2.4961957931518555,False,sampled_upper_bound,147
34,cameronspirals,5,120,2.0443601608276367,False,sampled_upper_bound,453
34,cameronspirals,5,180,1.958000659942627,False,sampled_upper_bound,839
34,cameronspirals,5,240,1.847510637320591,True,exact_final,1181
34,cameronspirals,6,15,3.4135384559631348,False,sampled_upper_bound,81
34,cameronspirals,6,30,0.5137132406234741,False,sampled_upper_bound,212
34,cameronspirals,6,60,0.43080538511276245,False,sampled_upper_bound,471
34,cameronspirals,6,120,0.4230313003063202,False,sampled_upper_bound,932
34,cameronspirals,6,180,0.4216664731502533,False,sampled_upper_bound,1398
34,cameronspirals,6,240,0.4211396698017215,True,exact_final,1856
34,cameronspirals,7,15,0.2745979428291321,False,sampled_upper_bound,128
34,cameronspirals,7,30,0.234862819314003,False,sampled_upper_bound,256
34,cameronspirals,7,60,0.20028163492679596,False,sampled_upper_bound,497
34,cameronspirals,7,120,0.17585858702659607,False,sampled_upper_bound,989
34,cameronspirals,7,180,0.17082253098487854,False,sampled_upper_bound,1489
34,cameronspirals,7,240,0.16861616549986433,True,exact_final,1977
34,cameronspirals,8,15,0.48995646834373474,False,sampled_upper_bound,103
34,cameronspirals,8,30,0.4857242703437805,False,sampled_upper_bound,225
34,cameronspirals,8,60,0.46048590540885925,False,sampled_upper_bound,473
34,cameronspirals,8,120,0.4132423400878906,False,sampled_upper_bound,908
34,cameronspirals,8,180,0.4116974174976349,False,sampled_upper_bound,1342
34,cameronspirals,8,240,0.41142625842698993,True,exact_final,1781
34,cameronspirals,9,15,0.605201244354248,False,sampled_upper_bound,123
34,cameronspirals,9,30,0.5923502445220947,False,sampled_upper_bound,249
34,cameronspirals,9,60,0.3808431625366211,False,sampled_upper_bound,484
34,cameronspirals,9,120,0.33378490805625916,False,sampled_upper_bound,962
34,cameronspirals,9,180,0.33324134349823,False,sampled_upper_bound,1434
34,cameronspirals,9,240,0.332998013559006,True,exact_final,1901
34,cameronspirals,10,15,0.49446600675582886,False,sampled_upper_bound,136
34,cameronspirals,10,30,0.421022891998291,False,sampled_upper_bound,268
34,cameronspirals,10,60,0.4109775424003601,False,sampled_upper_bound,525
34,cameronspirals,10,120,0.15697869658470154,False,sampled_upper_bound,1062
34,cameronspirals,10,180,0.1505403369665146,False,sampled_upper_bound,1616
34,cameronspirals,10,240,0.14632660652186463,True,exact_final,2163
35,pranay,1,15,3.3504343032836914,False,sampled_upper_bound,54
35,pranay,1,30,1.8021252155303955,False,sampled_upper_bound,149
35,pranay,1,60,1.7845853567123413,False,sampled_upper_bound,364
35,pranay,1,120,0.5334571003913879,False,sampled_upper_bound,800
35,pranay,1,180,0.44846439361572266,False,sampled_upper_bound,1286
35,pranay,1,240,0.43324244376300913,True,exact_final,1782
35,pranay,2,15,3.2916085720062256,False,sampled_upper_bound,106
35,pranay,2,30,1.502995252609253,False,sampled_upper_bound,236
35,pranay,2,60,0.7878891229629517,False,sampled_upper_bound,507
35,pranay,2,120,0.5598289370536804,False,sampled_upper_bound,1040
35,pranay,2,180,0.5471339225769043,False,sampled_upper_bound,1576
35,pranay,2,240,0.5085784508445235,True,exact_final,2109
35,pranay,3,15,3.1473281383514404,False,sampled_upper_bound,117
35,pranay,3,30,0.5697503089904785,False,sampled_upper_bound,248
35,pranay,3,60,0.45230743288993835,False,sampled_upper_bound,511
35,pranay,3,120,0.44539332389831543,False,sampled_upper_bound,1033
35,pranay,3,180,0.43602123856544495,False,sampled_upper_bound,1553
35,pranay,3,240,0.42690356613758285,True,exact_final,2071
35,pranay,4,15,3.9415657202573495,True,exact_final_best_already_reached,102
35,pranay,4,30,3.9415657202573495,True,exact_final_best_already_reached,113
35,pranay,4,60,3.9415657202573495,True,exact_final_best_already_reached,113
35,pranay,4,120,3.9415657202573495,True,exact_final_best_already_reached,113
35,pranay,4,180,3.9415657202573495,True,exact_final_best_already_reached,113
35,pranay,4,240,3.9415657202573495,True,exact_final,113
35,pranay,5,15,2.1366066932678223,False,sampled_upper_bound,25
35,pranay,5,30,2.1366066932678223,False,sampled_upper_bound,30
35,pranay,5,60,1.067952275276184,False,sampled_upper_bound,51
35,pranay,5,120,1.067952275276184,False,sampled_upper_bound,96
35,pranay,5,180,1.067952275276184,False,sampled_upper_bound,150
35,pranay,5,240,0.7748340332773487,True,exact_final,202
35,pranay,6,15,3.2012908458709717,False,sampled_upper_bound,74
35,pranay,6,30,3.2012908458709717,False,sampled_upper_bound,153
35,pranay,6,60,2.8498311042785645,False,sampled_upper_bound,357
35,pranay,6,120,0.6792072057723999,False,sampled_upper_bound,917
35,pranay,6,180,0.39679574966430664,False,sampled_upper_bound,1477
35,pranay,6,240,0.37650953976492546,True,exact_final,2032
35,pranay,7,15,2.6419074535369873,False,sampled_upper_bound,89
35,pranay,7,30,1.1534318923950195,False,sampled_upper_bound,197
35,pranay,7,60,0.8554121255874634,False,sampled_upper_bound,441
35,pranay,7,120,0.4521842300891876,False,sampled_upper_bound,953
35,pranay,7,180,0.4521842300891876,False,sampled_upper_bound,1496
35,pranay,7,240,0.44056549782264276,True,exact_final,2040
35,pranay,8,15,2.4563562870025635,False,sampled_upper_bound,112
35,pranay,8,30,2.2695374488830566,False,sampled_upper_bound,227
35,pranay,8,60,2.124939203262329,False,sampled_upper_bound,473
35,pranay,8,120,1.355316162109375,False,sampled_upper_bound,921
35,pranay,8,180,0.5968965888023376,False,sampled_upper_bound,1075
35,pranay,8,240,0.4347086610879583,True,exact_final,1575
35,pranay,9,15,4.103470325469971,False,sampled_upper_bound,79
35,pranay,9,30,3.976386070251465,False,sampled_upper_bound,160
35,pranay,9,60,1.5388696193695068,False,sampled_upper_bound,402
35,pranay,9,120,1.4381386041641235,False,sampled_upper_bound,960
35,pranay,9,180,1.3249800205230713,False,sampled_upper_bound,1527
35,pranay,9,240,1.2971805909003473,True,exact_final,2084
35,pranay,10,15,2.3828787803649902,False,sampled_upper_bound,21
35,pranay,10,30,2.3828787803649902,False,sampled_upper_bound,21
35,pranay,10,60,2.3828787803649902,False,sampled_upper_bound,22
35,pranay,10,120,2.3828787803649902,False,sampled_upper_bound,29
35,pranay,10,180,2.3828787803649902,False,sampled_upper_bound,36
35,pranay,10,240,2.126641357142828,True,exact_final,38
36,thelight,1,15,4.446584224700928,False,sampled_upper_bound,105
36,thelight,1,30,0.5826982259750366,False,sampled_upper_bound,209
36,thelight,1,60,0.5217653512954712,False,sampled_upper_bound,473
36,thelight,1,120,0.5214504599571228,False,sampled_upper_bound,989
36,thelight,1,180,0.49534720182418823,False,sampled_upper_bound,1512
36,thelight,1,240,0.4791054470962922,True,exact_final,2028
36,thelight,2,15,2.6972708702087402,False,sampled_upper_bound,79
36,thelight,2,30,2.143052816390991,False,sampled_upper_bound,192
36,thelight,2,60,2.0227084159851074,False,sampled_upper_bound,455
36,thelight,2,120,1.9803773164749146,False,sampled_upper_bound,990
36,thelight,2,180,1.7215110063552856,False,sampled_upper_bound,1506
36,thelight,2,240,1.6439524367801734,True,exact_final,2001
36,thelight,3,15,4.4459228515625,False,sampled_upper_bound,96
36,thelight,3,30,4.44566535949707,False,sampled_upper_bound,236
36,thelight,3,60,4.445653915405273,False,sampled_upper_bound,514
36,thelight,3,120,0.4905720055103302,False,sampled_upper_bound,1063
36,thelight,3,180,0.4658176907540876,True,exact_final_best_already_reached,1604
36,thelight,3,240,0.4658176907540876,True,exact_final,2132
36,thelight,4,15,0.4222474992275238,False,sampled_upper_bound,112
36,thelight,4,30,0.4222474992275238,False,sampled_upper_bound,255
36,thelight,4,60,0.41335344314575195,False,sampled_upper_bound,542
36,thelight,4,120,0.35992056458371224,True,exact_final_best_already_reached,1107
36,thelight,4,180,0.35992056458371224,True,exact_final_best_already_reached,1653
36,thelight,4,240,0.35992056458371224,True,exact_final,2191
36,thelight,5,15,1.3674099445343018,False,sampled_upper_bound,22
36,thelight,5,30,1.1390783786773682,False,sampled_upper_bound,36
36,thelight,5,60,1.1390783786773682,False,sampled_upper_bound,104
36,thelight,5,120,1.1390783786773682,False,sampled_upper_bound,488
36,thelight,5,180,1.1390783786773682,False,sampled_upper_bound,895
36,thelight,5,240,0.7584081777770549,True,exact_final,1305
36,thelight,6,15,3.6048121452331543,False,sampled_upper_bound,67
36,thelight,6,30,1.8132576942443848,False,sampled_upper_bound,160
36,thelight,6,60,1.8063373565673828,False,sampled_upper_bound,400
36,thelight,6,120,1.8043526411056519,False,sampled_upper_bound,869
36,thelight,6,180,1.8041908740997314,False,sampled_upper_bound,1320
36,thelight,6,240,0.4314951029634302,True,exact_final,1801
36,thelight,7,15,4.611848831176758,False,sampled_upper_bound,51
36,thelight,7,30,1.295026183128357,False,sampled_upper_bound,77
36,thelight,7,60,1.257965087890625,False,sampled_upper_bound,209
36,thelight,7,120,0.9244218336539046,True,exact_final_best_already_reached,727
36,thelight,7,180,0.9244218336539046,True,exact_final_best_already_reached,1274
36,thelight,7,240,0.9244218336539046,True,exact_final,1823
36,thelight,8,15,2.2193522453308105,False,sampled_upper_bound,99
36,thelight,8,30,1.3751380443572998,False,sampled_upper_bound,173
36,thelight,8,60,1.3751380443572998,False,sampled_upper_bound,173
36,thelight,8,120,1.3751380443572998,False,sampled_upper_bound,173
36,thelight,8,180,1.3751380443572998,False,sampled_upper_bound,173
36,thelight,8,240,1.2337643370797846,True,exact_final,411
36,thelight,9,15,3.7421365100274206,True,exact_final_best_already_reached,75
36,thelight,9,30,3.7421365100274206,True,exact_final_best_already_reached,171
36,thelight,9,60,3.7421365100274206,True,exact_final_best_already_reached,367
36,thelight,9,120,3.7421365100274206,True,exact_final_best_already_reached,790
36,thelight,9,180,3.7421365100274206,True,exact_final_best_already_reached,1212
36,thelight,9,240,3.7421365100274206,True,exact_final,1598
36,thelight,10,15,3.0313425064086914,False,sampled_upper_bound,35
36,thelight,10,30,3.020193576812744,False,sampled_upper_bound,139
36,thelight,10,60,2.6712052822113037,False,sampled_upper_bound,315
36,thelight,10,120,1.9638619422912598,False,sampled_upper_bound,650
36,thelight,10,180,1.8074290752410889,False,sampled_upper_bound,1034
36,thelight,10,240,1.800547706432533,True,exact_final,1402
37,gabrielekarra,1,15,2.28376841545105,False,sampled_upper_bound,130
37,gabrielekarra,1,30,1.7626289129257202,False,sampled_upper_bound,268
37,gabrielekarra,1,60,1.5168472528457642,False,sampled_upper_bound,546
37,gabrielekarra,1,120,1.5168472528457642,False,sampled_upper_bound,1102
37,gabrielekarra,1,180,1.365915392373298,True,exact_final_best_already_reached,1659
37,gabrielekarra,1,240,1.365915392373298,True,exact_final,2217
37,gabrielekarra,2,15,2.3849844932556152,False,sampled_upper_bound,120
37,gabrielekarra,2,30,1.9627844095230103,False,sampled_upper_bound,244
37,gabrielekarra,2,60,1.8687735795974731,False,sampled_upper_bound,498
37,gabrielekarra,2,120,1.7265321016311646,False,sampled_upper_bound,996
37,gabrielekarra,2,180,1.608473777770996,False,sampled_upper_bound,1480
37,gabrielekarra,2,240,1.2910455351466454,True,exact_final,1970
37,gabrielekarra,3,15,1.9733524322509766,False,sampled_upper_bound,118
37,gabrielekarra,3,30,1.9498153486421794,True,exact_final_best_already_reached,247
37,gabrielekarra,3,60,1.9498153486421794,True,exact_final_best_already_reached,510
37,gabrielekarra,3,120,1.9498153486421794,True,exact_final_best_already_reached,1039
37,gabrielekarra,3,180,1.9498153486421794,True,exact_final_best_already_reached,1568
37,gabrielekarra,3,240,1.9498153486421794,True,exact_final,2096
37,gabrielekarra,4,15,2.4274446964263916,False,sampled_upper_bound,134
37,gabrielekarra,4,30,2.0410943031311035,False,sampled_upper_bound,277
37,gabrielekarra,4,60,1.794924259185791,False,sampled_upper_bound,562
37,gabrielekarra,4,120,1.7756601572036743,False,sampled_upper_bound,1134
37,gabrielekarra,4,180,1.7756601572036743,False,sampled_upper_bound,1707
37,gabrielekarra,4,240,1.7499531511940694,True,exact_final,2280
37,gabrielekarra,5,15,1.9805560111999512,False,sampled_upper_bound,115
37,gabrielekarra,5,30,1.9805560111999512,False,sampled_upper_bound,230
37,gabrielekarra,5,60,1.5924155712127686,False,sampled_upper_bound,481
37,gabrielekarra,5,120,1.4325577068792654,True,exact_final_best_already_reached,966
37,gabrielekarra,5,180,1.4325577068792654,True,exact_final_best_already_reached,1445
37,gabrielekarra,5,240,1.4325577068792654,True,exact_final,1929
37,gabrielekarra,6,15,1.5424754619598389,False,sampled_upper_bound,134
37,gabrielekarra,6,30,1.5424754619598389,False,sampled_upper_bound,277
37,gabrielekarra,6,60,1.3227829933166504,False,sampled_upper_bound,565
37,gabrielekarra,6,120,1.3227829933166504,False,sampled_upper_bound,1144
37,gabrielekarra,6,180,1.2597118209694778,True,exact_final_best_already_reached,1721
37,gabrielekarra,6,240,1.2597118209694778,True,exact_final,2295
37,gabrielekarra,7,15,2.1824740767016824,True,exact_final_best_already_reached,126
37,gabrielekarra,7,30,2.1824740767016824,True,exact_final_best_already_reached,261
37,gabrielekarra,7,60,2.1824740767016824,True,exact_final_best_already_reached,531
37,gabrielekarra,7,120,2.1824740767016824,True,exact_final_best_already_reached,1072
37,gabrielekarra,7,180,2.1824740767016824,True,exact_final_best_already_reached,1612
37,gabrielekarra,7,240,2.1824740767016824,True,exact_final,2152
37,gabrielekarra,8,15,2.1067185401916504,False,sampled_upper_bound,113
37,gabrielekarra,8,30,1.8351829051971436,False,sampled_upper_bound,242
37,gabrielekarra,8,60,1.785882592201233,False,sampled_upper_bound,490
37,gabrielekarra,8,120,1.785882592201233,False,sampled_upper_bound,1001
37,gabrielekarra,8,180,1.4992963234145993,True,exact_final_best_already_reached,1504
37,gabrielekarra,8,240,1.4992963234145993,True,exact_final,2014
37,gabrielekarra,9,15,2.179107666015625,False,sampled_upper_bound,135
37,gabrielekarra,9,30,1.9391732215881348,False,sampled_upper_bound,280
37,gabrielekarra,9,60,1.8614031076431274,False,sampled_upper_bound,570
37,gabrielekarra,9,120,1.792497158050537,False,sampled_upper_bound,1150
37,gabrielekarra,9,180,1.792497158050537,False,sampled_upper_bound,1730
37,gabrielekarra,9,240,1.3894569675215558,True,exact_final,2310
37,gabrielekarra,10,15,1.9915494918823242,False,sampled_upper_bound,134
37,gabrielekarra,10,30,1.7194374799728394,False,sampled_upper_bound,277
37,gabrielekarra,10,60,1.4830095767974854,False,sampled_upper_bound,565
37,gabrielekarra,10,120,1.257793733091023,True,exact_final_best_already_reached,1141
37,gabrielekarra,10,180,1.257793733091023,True,exact_final_best_already_reached,1717
37,gabrielekarra,10,240,1.257793733091023,True,exact_final,2294
38,nancy,1,15,,False,no_sampled_feasible_candidate,0
38,nancy,1,30,,False,no_sampled_feasible_candidate,0
38,nancy,1,60,,False,no_sampled_feasible_candidate,0
38,nancy,1,120,,False,no_sampled_feasible_candidate,0
38,nancy,1,180,,False,no_sampled_feasible_candidate,0
38,nancy,1,240,4.945954878564394,True,fallback_final,0
38,nancy,2,15,3.2392871379852295,False,sampled_upper_bound,102
38,nancy,2,30,3.099254846572876,False,sampled_upper_bound,192
38,nancy,2,60,2.9048566818237305,False,sampled_upper_bound,382
38,nancy,2,120,2.3840606212615967,False,sampled_upper_bound,809
38,nancy,2,180,2.075043201446533,False,sampled_upper_bound,1247
38,nancy,2,240,1.9010614561498813,True,exact_final,1676
38,nancy,3,15,3.4956259727478027,False,sampled_upper_bound,82
38,nancy,3,30,3.2416014671325684,False,sampled_upper_bound,154
38,nancy,3,60,3.1890454292297363,False,sampled_upper_bound,249
38,nancy,3,120,2.7640185356140137,False,sampled_upper_bound,391
38,nancy,3,180,2.431293249130249,False,sampled_upper_bound,503
38,nancy,3,240,2.0585389454041545,True,exact_final,563
38,nancy,4,15,3.911396026611328,False,sampled_upper_bound,118
38,nancy,4,30,3.633972644805908,False,sampled_upper_bound,221
38,nancy,4,60,3.276900291442871,False,sampled_upper_bound,371
38,nancy,4,120,2.502472162246704,False,sampled_upper_bound,610
38,nancy,4,180,1.967482328414917,False,sampled_upper_bound,761
38,nancy,4,240,1.878089386339526,True,exact_final,884
38,nancy,5,15,3.832707643508911,False,sampled_upper_bound,99
38,nancy,5,30,3.3447675704956055,False,sampled_upper_bound,173
38,nancy,5,60,2.806161880493164,False,sampled_upper_bound,307
38,nancy,5,120,2.332228660583496,False,sampled_upper_bound,535
38,nancy,5,180,2.133479595184326,False,sampled_upper_bound,836
38,nancy,5,240,1.7947599668614458,True,exact_final,1144
38,nancy,6,15,3.665358781814575,False,sampled_upper_bound,118
38,nancy,6,30,2.7795112133026123,False,sampled_upper_bound,182
38,nancy,6,60,2.00649356842041,False,sampled_upper_bound,259
38,nancy,6,120,1.7084193229675293,False,sampled_upper_bound,384
38,nancy,6,180,1.5817075967788696,False,sampled_upper_bound,499
38,nancy,6,240,1.5215047643135873,True,exact_final,639
38,nancy,7,15,3.5226995944976807,False,sampled_upper_bound,81
38,nancy,7,30,3.1725611686706543,False,sampled_upper_bound,150
38,nancy,7,60,3.1725611686706543,False,sampled_upper_bound,292
38,nancy,7,120,2.721713066101074,False,sampled_upper_bound,709
38,nancy,7,180,2.413134813308716,False,sampled_upper_bound,1155
38,nancy,7,240,2.2723334684258587,True,exact_final,1612
38,nancy,8,15,3.0495388507843018,False,sampled_upper_bound,60
38,nancy,8,30,2.929743528366089,False,sampled_upper_bound,133
38,nancy,8,60,2.8767940998077393,False,sampled_upper_bound,291
38,nancy,8,120,2.2065072059631348,False,sampled_upper_bound,586
38,nancy,8,180,2.1025052070617676,False,sampled_upper_bound,865
38,nancy,8,240,1.8955537282989376,True,exact_final,1141
38,nancy,9,15,3.530829429626465,False,sampled_upper_bound,86
38,nancy,9,30,3.4317095279693604,False,sampled_upper_bound,164
38,nancy,9,60,2.9533891677856445,False,sampled_upper_bound,345
38,nancy,9,120,2.3405795097351074,False,sampled_upper_bound,733
38,nancy,9,180,2.074373245239258,False,sampled_upper_bound,1108
38,nancy,9,240,1.9702455598435382,True,exact_final,1473
38,nancy,10,15,2.829308271408081,False,sampled_upper_bound,43
38,nancy,10,30,2.778170347213745,False,sampled_upper_bound,87
38,nancy,10,60,2.59686279296875,False,sampled_upper_bound,165
38,nancy,10,120,2.151625633239746,False,sampled_upper_bound,258
38,nancy,10,180,2.065030574798584,False,sampled_upper_bound,365
38,nancy,10,240,1.9715417714372137,True,exact_final,446
39,jiabao,1,15,3.9923977851867676,False,sampled_upper_bound,225
39,jiabao,1,30,3.04567813873291,False,sampled_upper_bound,466
39,jiabao,1,60,2.8398425579071045,False,sampled_upper_bound,892
39,jiabao,1,120,2.8398425579071045,False,sampled_upper_bound,1708
39,jiabao,1,180,2.3146201373138795,True,exact_final_best_already_reached,2607
39,jiabao,1,240,2.3146201373138795,True,exact_final,3520
39,jiabao,2,15,3.614396572113037,False,sampled_upper_bound,214
39,jiabao,2,30,3.4706003665924072,False,sampled_upper_bound,426
39,jiabao,2,60,3.3468477725982666,False,sampled_upper_bound,856
39,jiabao,2,120,3.3468477725982666,False,sampled_upper_bound,1709
39,jiabao,2,180,3.029958486557007,False,sampled_upper_bound,2584
39,jiabao,2,240,2.6916849032848793,True,exact_final,3448
39,jiabao,3,15,3.605567455291748,False,sampled_upper_bound,243
39,jiabao,3,30,2.716362540518603,True,exact_final_best_already_reached,481
39,jiabao,3,60,2.716362540518603,True,exact_final_best_already_reached,895
39,jiabao,3,120,2.716362540518603,True,exact_final_best_already_reached,1784
39,jiabao,3,180,2.716362540518603,True,exact_final_best_already_reached,2676
39,jiabao,3,240,2.716362540518603,True,exact_final,3600
39,jiabao,4,15,4.007802486419678,False,sampled_upper_bound,292
39,jiabao,4,30,3.1878466606140137,False,sampled_upper_bound,521
39,jiabao,4,60,3.1878466606140137,False,sampled_upper_bound,1031
39,jiabao,4,120,3.1878466606140137,False,sampled_upper_bound,2025
39,jiabao,4,180,2.5561939290999924,True,exact_final_best_already_reached,3034
39,jiabao,4,240,2.5561939290999924,True,exact_final,4020
39,jiabao,5,15,4.228617191314697,False,sampled_upper_bound,207
39,jiabao,5,30,3.8421757221221924,False,sampled_upper_bound,400
39,jiabao,5,60,2.8194856595645583,True,exact_final_best_already_reached,779
39,jiabao,5,120,2.8194856595645583,True,exact_final_best_already_reached,1579
39,jiabao,5,180,2.8194856595645583,True,exact_final_best_already_reached,2485
39,jiabao,5,240,2.8194856595645583,True,exact_final,3240
39,jiabao,6,15,3.3856539726257324,False,sampled_upper_bound,259
39,jiabao,6,30,3.2118499279022217,False,sampled_upper_bound,496
39,jiabao,6,60,2.896108865737915,False,sampled_upper_bound,966
39,jiabao,6,120,2.465702772140503,False,sampled_upper_bound,1861
39,jiabao,6,180,2.465702772140503,False,sampled_upper_bound,2699
39,jiabao,6,240,2.3360813935734113,True,exact_final,3509
39,jiabao,7,15,4.087376117706299,False,sampled_upper_bound,241
39,jiabao,7,30,3.835988759994507,False,sampled_upper_bound,450
39,jiabao,7,60,3.3521416187286377,False,sampled_upper_bound,846
39,jiabao,7,120,3.0198033142925524,True,exact_final_best_already_reached,1686
39,jiabao,7,180,3.0198033142925524,True,exact_final_best_already_reached,2462
39,jiabao,7,240,3.0198033142925524,True,exact_final,3271
39,jiabao,8,15,3.328660488128662,False,sampled_upper_bound,239
39,jiabao,8,30,2.97648024559021,False,sampled_upper_bound,493
39,jiabao,8,60,2.846870424585036,True,exact_final_best_already_reached,942
39,jiabao,8,120,2.846870424585036,True,exact_final_best_already_reached,1918
39,jiabao,8,180,2.846870424585036,True,exact_final_best_already_reached,2999
39,jiabao,8,240,2.846870424585036,True,exact_final,3827
39,jiabao,9,15,3.2371490001678467,False,sampled_upper_bound,232
39,jiabao,9,30,3.121157646179199,False,sampled_upper_bound,456
39,jiabao,9,60,2.4164375011014845,True,exact_final_best_already_reached,917
39,jiabao,9,120,2.4164375011014845,True,exact_final_best_already_reached,1849
39,jiabao,9,180,2.4164375011014845,True,exact_final_best_already_reached,2790
39,jiabao,9,240,2.4164375011014845,True,exact_final,3672
39,jiabao,10,15,3.265280246734619,False,sampled_upper_bound,213
39,jiabao,10,30,2.998000383377075,False,sampled_upper_bound,399
39,jiabao,10,60,2.757716655731201,False,sampled_upper_bound,816
39,jiabao,10,120,2.737847089767456,False,sampled_upper_bound,1735
39,jiabao,10,180,2.737847089767456,False,sampled_upper_bound,2685
39,jiabao,10,240,2.3087604369255716,True,exact_final,3579
40,pauler,1,15,6.314528942108154,False,sampled_upper_bound,171
40,pauler,1,30,4.4369322411420695,True,exact_final_best_already_reached,340
40,pauler,1,60,4.4369322411420695,True,exact_final_best_already_reached,876
40,pauler,1,120,4.4369322411420695,True,exact_final_best_already_reached,1501
40,pauler,1,180,4.4369322411420695,True,exact_final_best_already_reached,1501
40,pauler,1,240,4.4369322411420695,True,exact_final,1501
40,pauler,2,15,5.5433349609375,False,sampled_upper_bound,212
40,pauler,2,30,3.7266821625517963,True,exact_final_best_already_reached,397
40,pauler,2,60,3.7266821625517963,True,exact_final_best_already_reached,957
40,pauler,2,120,3.7266821625517963,True,exact_final_best_already_reached,1666
40,pauler,2,180,3.7266821625517963,True,exact_final_best_already_reached,1666
40,pauler,2,240,3.7266821625517963,True,exact_final,1666
40,pauler,3,15,4.0687090998131294,True,exact_final_best_already_reached,262
40,pauler,3,30,4.0687090998131294,True,exact_final_best_already_reached,573
40,pauler,3,60,4.0687090998131294,True,exact_final_best_already_reached,1192
40,pauler,3,120,4.0687090998131294,True,exact_final_best_already_reached,1951
40,pauler,3,180,4.0687090998131294,True,exact_final_best_already_reached,1951
40,pauler,3,240,4.0687090998131294,True,exact_final,1951
40,pauler,4,15,5.433852672576904,False,sampled_upper_bound,205
40,pauler,4,30,4.447449334459916,True,exact_final_best_already_reached,394
40,pauler,4,60,4.447449334459916,True,exact_final_best_already_reached,934
40,pauler,4,120,4.447449334459916,True,exact_final_best_already_reached,1584
40,pauler,4,180,4.447449334459916,True,exact_final_best_already_reached,1584
40,pauler,4,240,4.447449334459916,True,exact_final,1584
40,pauler,5,15,5.729984760284424,False,sampled_upper_bound,218
40,pauler,5,30,4.249812126159668,False,sampled_upper_bound,431
40,pauler,5,60,4.142958899728109,True,exact_final_best_already_reached,1012
40,pauler,5,120,4.142958899728109,True,exact_final_best_already_reached,1713
40,pauler,5,180,4.142958899728109,True,exact_final_best_already_reached,1713
40,pauler,5,240,4.142958899728109,True,exact_final,1713
40,pauler,6,15,5.491103172302246,False,sampled_upper_bound,198
40,pauler,6,30,5.491103172302246,False,sampled_upper_bound,387
40,pauler,6,60,5.491103172302246,False,sampled_upper_bound,918
40,pauler,6,120,4.46009907766212,True,exact_final_best_already_reached,1521
40,pauler,6,180,4.46009907766212,True,exact_final_best_already_reached,1521
40,pauler,6,240,4.46009907766212,True,exact_final,1521
40,pauler,7,15,5.055052280426025,False,sampled_upper_bound,223
40,pauler,7,30,5.055052280426025,False,sampled_upper_bound,407
40,pauler,7,60,4.371456552991335,True,exact_final_best_already_reached,937
40,pauler,7,120,4.371456552991335,True,exact_final_best_already_reached,1650
40,pauler,7,180,4.371456552991335,True,exact_final_best_already_reached,1650
40,pauler,7,240,4.371456552991335,True,exact_final,1650
40,pauler,8,15,5.677089691162109,False,sampled_upper_bound,219
40,pauler,8,30,5.677089691162109,False,sampled_upper_bound,477
40,pauler,8,60,4.464348316192627,False,sampled_upper_bound,968
40,pauler,8,120,4.464348316192627,False,sampled_upper_bound,1651
40,pauler,8,180,4.100454807281494,False,sampled_upper_bound,1672
40,pauler,8,240,4.095731049072786,True,exact_final,1672
40,pauler,9,15,5.665767192840576,False,sampled_upper_bound,249
40,pauler,9,30,4.755945205688477,False,sampled_upper_bound,449
40,pauler,9,60,3.2274390175688064,True,exact_final_best_already_reached,953
40,pauler,9,120,3.2274390175688064,True,exact_final_best_already_reached,1645
40,pauler,9,180,3.2274390175688064,True,exact_final_best_already_reached,1645
40,pauler,9,240,3.2274390175688064,True,exact_final,1645
40,pauler,10,15,5.4589338302612305,False,sampled_upper_bound,197
40,pauler,10,30,5.429660797119141,False,sampled_upper_bound,478
40,pauler,10,60,3.5523910522460938,False,sampled_upper_bound,954
40,pauler,10,120,3.546312122313663,True,exact_final_best_already_reached,1576
40,pauler,10,180,3.546312122313663,True,exact_final_best_already_reached,1576
40,pauler,10,240,3.546312122313663,True,exact_final,1576
41,oneday,1,15,5.210446703734699,True,exact_final_best_already_reached,11
41,oneday,1,30,5.210446703734699,True,exact_final_best_already_reached,11
41,oneday,1,60,5.210446703734699,True,exact_final_best_already_reached,11
41,oneday,1,120,5.210446703734699,True,exact_final_best_already_reached,11
41,oneday,1,180,5.210446703734699,True,exact_final_best_already_reached,11
41,oneday,1,240,5.210446703734699,True,exact_final,11
41,oneday,2,15,4.767820157226429,True,exact_final_best_already_reached,114
41,oneday,2,30,4.767820157226429,True,exact_final_best_already_reached,114
41,oneday,2,60,4.767820157226429,True,exact_final_best_already_reached,114
41,oneday,2,120,4.767820157226429,True,exact_final_best_already_reached,114
41,oneday,2,180,4.767820157226429,True,exact_final_best_already_reached,114
41,oneday,2,240,4.767820157226429,True,exact_final,114
41,oneday,3,15,4.402229706198816,True,exact_final_best_already_reached,36
41,oneday,3,30,4.402229706198816,True,exact_final_best_already_reached,36
41,oneday,3,60,4.402229706198816,True,exact_final_best_already_reached,36
41,oneday,3,120,4.402229706198816,True,exact_final_best_already_reached,36
41,oneday,3,180,4.402229706198816,True,exact_final_best_already_reached,36
41,oneday,3,240,4.402229706198816,True,exact_final,36
41,oneday,4,15,4.475902878906011,True,exact_final_best_already_reached,13
41,oneday,4,30,4.475902878906011,True,exact_final_best_already_reached,13
41,oneday,4,60,4.475902878906011,True,exact_final_best_already_reached,13
41,oneday,4,120,4.475902878906011,True,exact_final_best_already_reached,13
41,oneday,4,180,4.475902878906011,True,exact_final_best_already_reached,13
41,oneday,4,240,4.475902878906011,True,exact_final,13
41,oneday,5,15,4.936710796626853,True,exact_final_best_already_reached,20
41,oneday,5,30,4.936710796626853,True,exact_final_best_already_reached,20
41,oneday,5,60,4.936710796626853,True,exact_final_best_already_reached,20
41,oneday,5,120,4.936710796626853,True,exact_final_best_already_reached,20
41,oneday,5,180,4.936710796626853,True,exact_final_best_already_reached,20
41,oneday,5,240,4.936710796626853,True,exact_final,20
41,oneday,6,15,4.4836292284551975,True,exact_final_best_already_reached,21
41,oneday,6,30,4.4836292284551975,True,exact_final_best_already_reached,21
41,oneday,6,60,4.4836292284551975,True,exact_final_best_already_reached,21
41,oneday,6,120,4.4836292284551975,True,exact_final_best_already_reached,21
41,oneday,6,180,4.4836292284551975,True,exact_final_best_already_reached,21
41,oneday,6,240,4.4836292284551975,True,exact_final,21
41,oneday,7,15,4.459696538809088,True,exact_final_best_already_reached,43
41,oneday,7,30,4.459696538809088,True,exact_final_best_already_reached,43
41,oneday,7,60,4.459696538809088,True,exact_final_best_already_reached,43
41,oneday,7,120,4.459696538809088,True,exact_final_best_already_reached,43
41,oneday,7,180,4.459696538809088,True,exact_final_best_already_reached,43
41,oneday,7,240,4.459696538809088,True,exact_final,43
41,oneday,8,15,4.604633509362939,True,exact_final_best_already_reached,8
41,oneday,8,30,4.604633509362939,True,exact_final_best_already_reached,8
41,oneday,8,60,4.604633509362939,True,exact_final_best_already_reached,8
41,oneday,8,120,4.604633509362939,True,exact_final_best_already_reached,8
41,oneday,8,180,4.604633509362939,True,exact_final_best_already_reached,8
41,oneday,8,240,4.604633509362939,True,exact_final,8
41,oneday,9,15,3.3659541805954407,True,exact_final_best_already_reached,53
41,oneday,9,30,3.3659541805954407,True,exact_final_best_already_reached,53
41,oneday,9,60,3.3659541805954407,True,exact_final_best_already_reached,53
41,oneday,9,120,3.3659541805954407,True,exact_final_best_already_reached,53
41,oneday,9,180,3.3659541805954407,True,exact_final_best_already_reached,53
41,oneday,9,240,3.3659541805954407,True,exact_final,53
41,oneday,10,15,4.317403639690071,True,exact_final_best_already_reached,25
41,oneday,10,30,4.317403639690071,True,exact_final_best_already_reached,25
41,oneday,10,60,4.317403639690071,True,exact_final_best_already_reached,25
41,oneday,10,120,4.317403639690071,True,exact_final_best_already_reached,25
41,oneday,10,180,4.317403639690071,True,exact_final_best_already_reached,25
41,oneday,10,240,4.317403639690071,True,exact_final,25
42,kratos_,1,15,,False,no_sampled_feasible_candidate,0
42,kratos_,1,30,,False,no_sampled_feasible_candidate,0
42,kratos_,1,60,5.1311259269714355,False,sampled_upper_bound,242
42,kratos_,1,120,4.966421127319336,False,sampled_upper_bound,787
42,kratos_,1,180,4.677662476724971,True,exact_final_best_already_reached,1348
42,kratos_,1,240,4.677662476724971,True,exact_final,1625
42,kratos_,2,15,5.7643938064575195,False,sampled_upper_bound,37
42,kratos_,2,30,5.7643938064575195,False,sampled_upper_bound,169
42,kratos_,2,60,5.7643938064575195,False,sampled_upper_bound,434
42,kratos_,2,120,5.7643938064575195,False,sampled_upper_bound,964
42,kratos_,2,180,5.7643938064575195,False,sampled_upper_bound,1989
42,kratos_,2,240,4.972167695008347,True,exact_final,2887
42,kratos_,3,15,5.671765327453613,False,sampled_upper_bound,199
42,kratos_,3,30,5.671765327453613,False,sampled_upper_bound,392
42,kratos_,3,60,5.671765327453613,False,sampled_upper_bound,914
42,kratos_,3,120,5.626152038574219,False,sampled_upper_bound,2136
42,kratos_,3,180,5.3789849281311035,False,sampled_upper_bound,3304
42,kratos_,3,240,4.532265891509029,True,exact_final,4082
42,kratos_,4,15,6.275241851806641,False,sampled_upper_bound,125
42,kratos_,4,30,6.233512878417969,False,sampled_upper_bound,241
42,kratos_,4,60,5.777702331542969,False,sampled_upper_bound,581
42,kratos_,4,120,5.155558109283447,False,sampled_upper_bound,1757
42,kratos_,4,180,4.565561680422129,True,exact_final_best_already_reached,3100
42,kratos_,4,240,4.565561680422129,True,exact_final,4310
42,kratos_,5,15,5.458412170410156,False,sampled_upper_bound,192
42,kratos_,5,30,5.458412170410156,False,sampled_upper_bound,467
42,kratos_,5,60,5.458412170410156,False,sampled_upper_bound,839
42,kratos_,5,120,5.458412170410156,False,sampled_upper_bound,1816
42,kratos_,5,180,4.807201284843802,True,exact_final_best_already_reached,2764
42,kratos_,5,240,4.807201284843802,True,exact_final,4002
42,kratos_,6,15,5.860050678253174,False,sampled_upper_bound,122
42,kratos_,6,30,5.860050678253174,False,sampled_upper_bound,262
42,kratos_,6,60,5.860050678253174,False,sampled_upper_bound,542
42,kratos_,6,120,4.617712051541369,True,exact_final_best_already_reached,1117
42,kratos_,6,180,4.617712051541369,True,exact_final_best_already_reached,1882
42,kratos_,6,240,4.617712051541369,True,exact_final,2393
42,kratos_,7,15,5.862882137298584,False,sampled_upper_bound,90
42,kratos_,7,30,5.531710147857666,False,sampled_upper_bound,268
42,kratos_,7,60,4.779659748077393,False,sampled_upper_bound,746
42,kratos_,7,120,4.779659748077393,False,sampled_upper_bound,1838
42,kratos_,7,180,4.779659748077393,False,sampled_upper_bound,2935
42,kratos_,7,240,4.753807912337511,True,exact_final,3996
42,kratos_,8,15,5.325703144073486,False,sampled_upper_bound,39
42,kratos_,8,30,5.314104080200195,False,sampled_upper_bound,132
42,kratos_,8,60,4.888275623321533,False,sampled_upper_bound,294
42,kratos_,8,120,4.708517333544836,True,exact_final_best_already_reached,852
42,kratos_,8,180,4.708517333544836,True,exact_final_best_already_reached,871
42,kratos_,8,240,4.708517333544836,True,exact_final,872
42,kratos_,9,15,5.497584342956543,False,sampled_upper_bound,129
42,kratos_,9,30,5.497584342956543,False,sampled_upper_bound,248
42,kratos_,9,60,5.497584342956543,False,sampled_upper_bound,532
42,kratos_,9,120,4.588817934414194,True,exact_final_best_already_reached,1099
42,kratos_,9,180,4.588817934414194,True,exact_final_best_already_reached,2157
42,kratos_,9,240,4.588817934414194,True,exact_final,3286
42,kratos_,10,15,,False,no_sampled_feasible_candidate,0
42,kratos_,10,30,5.450345993041992,False,sampled_upper_bound,3
42,kratos_,10,60,5.118158340454102,False,sampled_upper_bound,56
42,kratos_,10,120,5.004121780395508,False,sampled_upper_bound,71
42,kratos_,10,180,4.714679476240209,True,exact_final_best_already_reached,433
42,kratos_,10,240,4.714679476240209,True,exact_final,1536
43,nitizkhanal,1,15,5.673658890816644,True,exact_final_best_already_reached,0
43,nitizkhanal,1,30,5.673658890816644,True,exact_final_best_already_reached,0
43,nitizkhanal,1,60,5.673658890816644,True,exact_final_best_already_reached,0
43,nitizkhanal,1,120,5.673658890816644,True,exact_final_best_already_reached,0
43,nitizkhanal,1,180,5.673658890816644,True,exact_final_best_already_reached,0
43,nitizkhanal,1,240,5.673658890816644,True,exact_final,0
43,nitizkhanal,2,15,5.904559764894231,True,exact_final_best_already_reached,1
43,nitizkhanal,2,30,5.904559764894231,True,exact_final_best_already_reached,1
43,nitizkhanal,2,60,5.904559764894231,True,exact_final_best_already_reached,1
43,nitizkhanal,2,120,5.904559764894231,True,exact_final_best_already_reached,1
43,nitizkhanal,2,180,5.904559764894231,True,exact_final_best_already_reached,2
43,nitizkhanal,2,240,5.904559764894231,True,exact_final,2
43,nitizkhanal,3,15,5.1126419673265895,True,exact_final_best_already_reached,4
43,nitizkhanal,3,30,5.1126419673265895,True,exact_final_best_already_reached,4
43,nitizkhanal,3,60,5.1126419673265895,True,exact_final_best_already_reached,4
43,nitizkhanal,3,120,5.1126419673265895,True,exact_final_best_already_reached,4
43,nitizkhanal,3,180,5.1126419673265895,True,exact_final_best_already_reached,4
43,nitizkhanal,3,240,5.1126419673265895,True,exact_final,4
43,nitizkhanal,4,15,5.555996666988692,True,exact_final_best_already_reached,0
43,nitizkhanal,4,30,5.555996666988692,True,exact_final_best_already_reached,0
43,nitizkhanal,4,60,5.555996666988692,True,exact_final_best_already_reached,0
43,nitizkhanal,4,120,5.555996666988692,True,exact_final_best_already_reached,0
43,nitizkhanal,4,180,5.555996666988692,True,exact_final_best_already_reached,0
43,nitizkhanal,4,240,5.555996666988692,True,exact_final,0
43,nitizkhanal,5,15,5.234286693353063,True,exact_final_best_already_reached,0
43,nitizkhanal,5,30,5.234286693353063,True,exact_final_best_already_reached,0
43,nitizkhanal,5,60,5.234286693353063,True,exact_final_best_already_reached,0
43,nitizkhanal,5,120,5.234286693353063,True,exact_final_best_already_reached,0
43,nitizkhanal,5,180,5.234286693353063,True,exact_final_best_already_reached,0
43,nitizkhanal,5,240,5.234286693353063,True,exact_final,0
43,nitizkhanal,6,15,5.904784202575684,False,sampled_upper_bound,1
43,nitizkhanal,6,30,5.904784202575684,False,sampled_upper_bound,1
43,nitizkhanal,6,60,5.904784202575684,False,sampled_upper_bound,1
43,nitizkhanal,6,120,5.297491998053827,True,exact_final_best_already_reached,1
43,nitizkhanal,6,180,5.297491998053827,True,exact_final_best_already_reached,1
43,nitizkhanal,6,240,5.297491998053827,True,exact_final,1
43,nitizkhanal,7,15,5.2367700828447585,True,exact_final_best_already_reached,2
43,nitizkhanal,7,30,5.2367700828447585,True,exact_final_best_already_reached,2
43,nitizkhanal,7,60,5.2367700828447585,True,exact_final_best_already_reached,2
43,nitizkhanal,7,120,5.2367700828447585,True,exact_final_best_already_reached,2
43,nitizkhanal,7,180,5.2367700828447585,True,exact_final_best_already_reached,2
43,nitizkhanal,7,240,5.2367700828447585,True,exact_final,2
43,nitizkhanal,8,15,,False,no_sampled_feasible_candidate,0
43,nitizkhanal,8,30,,False,no_sampled_feasible_candidate,0
43,nitizkhanal,8,60,,False,no_sampled_feasible_candidate,0
43,nitizkhanal,8,120,,False,no_sampled_feasible_candidate,0
43,nitizkhanal,8,180,5.634681747930751,True,exact_final_best_already_reached,0
43,nitizkhanal,8,240,5.634681747930751,True,exact_final,0
43,nitizkhanal,9,15,5.129671333413101,True,exact_final_best_already_reached,2
43,nitizkhanal,9,30,5.129671333413101,True,exact_final_best_already_reached,2
43,nitizkhanal,9,60,5.129671333413101,True,exact_final_best_already_reached,2
43,nitizkhanal,9,120,5.129671333413101,True,exact_final_best_already_reached,3
43,nitizkhanal,9,180,5.129671333413101,True,exact_final_best_already_reached,3
43,nitizkhanal,9,240,5.129671333413101,True,exact_final,3
43,nitizkhanal,10,15,5.354428059664181,True,exact_final_best_already_reached,1
43,nitizkhanal,10,30,5.354428059664181,True,exact_final_best_already_reached,1
43,nitizkhanal,10,60,5.354428059664181,True,exact_final_best_already_reached,1
43,nitizkhanal,10,120,5.354428059664181,True,exact_final_best_already_reached,1
43,nitizkhanal,10,180,5.354428059664181,True,exact_final_best_already_reached,1
43,nitizkhanal,10,240,5.354428059664181,True,exact_final,1
